First Name,Last Name,Full Name,Email,Email Status,Title,Tier,Company,Website,Segment,Headcount (LinkedIn),HQ Location,Contact Location,Person LinkedIn,Company LinkedIn,Company Description,LinkedIn Headline,Flag
Bob,Peterson,Bob Peterson,bob@10poundgorilla.com,VALID,Owner/CFO,1 Owner/Founder/CEO,10 Pound Gorilla,10poundgorilla.com,SEO/AEO,14,"Fraser, Colorado, United States","Golden, Colorado, United States",https://www.linkedin.com/in/bobpeterson10,https://www.linkedin.com/company/10-pound-gorilla,"10 Pound Gorilla is a web development and digital marketing firm specializing in leading web design, development, and internet marketing.",Website Design and Development | Search Engine Optimization and Marketing | SEO and SEM,
Beth,Brennan,Beth Brennan,beth@accesspublishing.com,VALID,Owner,1 Owner/Founder/CEO,Access Publishing,accesspublishing.com,SEO/AEO,19,"Paso Robles, California, United States","Paso Robles, California, United States",https://www.linkedin.com/in/beth-brennan-72005911,https://www.linkedin.com/company/access-publishing,Access Publishing - SEO and Website Marketing,"Owner, Access Publishing",
Jeff,Allen,Jeff Allen,jeff@addisonclarkonline.com,VALID,Co-Founder & Managing Partner,1 Owner/Founder/CEO,Addison Clark,addisonclarkonline.com,SEO/AEO,17,"Glen Allen, Virginia, United States","Mechanicsville, Virginia, United States",https://www.linkedin.com/in/jeffericallen,https://www.linkedin.com/company/addison-clark-online,"Addison Clark is a full-service marketing agency in Richmond, VA providing website design, SEO, branding, graphic design, video production services, and more.",Co-Founder & Managing Partner at Addison Clark,
Andrew,Rountree,Andrew Rountree,andrew@addisonclarkonline.com,VALID,Co-Founder & Managing Partner,1 Owner/Founder/CEO,Addison Clark,addisonclarkonline.com,SEO/AEO,17,"Glen Allen, Virginia, United States","Richmond, Virginia, United States",https://www.linkedin.com/in/andrewrountree,https://www.linkedin.com/company/addison-clark-online,"Addison Clark is a full-service marketing agency in Richmond, VA providing website design, SEO, branding, graphic design, video production services, and more.",Co-Founder & Managing Partner at Addison Clark,
Peter,Ruchti,Peter Ruchti,pruchti@adeptplus.com,VALID,"President, Founder",1 Owner/Founder/CEO,AdeptPlus,adeptplus.com,SEO/AEO,11,"Gurnee, Illinois, United States","Gurnee, Illinois, United States",https://www.linkedin.com/in/peterruchti,https://www.linkedin.com/company/adeptplus,"AdeptPlus offers graphic design, web design, email setup, analytics, SEO, web hosting, Google Ads, advertising and marketing services.",Are You Staying Booked 2+ Weeks Out With New Jobs? • Specializing In Water & Radon • Web Marketing That Get Results • Certified Google Partner,
Cody,Baird,Cody Baird,cody.baird@admen.com,VALID,Founder,1 Owner/Founder/CEO,ADMEN,admen.com,SEO/AEO,13,"Austin, Texas, United States","Austin, Texas, United States",https://www.linkedin.com/in/codybaird,https://www.linkedin.com/company/admen,"Medical and dental marketing for your practice. Websites, SEO, Google Ads, Social Media Ads, Display Ads, Custom Design and Creative.","Founder at ADMEN with 25+ years of Internet Marketing expertise. Web design & development, SEO, content marketing, Google Ads, and social media ads.  

Specialized in healthcare, dental, and medical marketing.",
Ryan,Toth,Ryan Toth,ryantoth@aelieve.com,VALID,Founder & President,1 Owner/Founder/CEO,Aelieve Digital Marketing,aelieve.com,SEO/AEO,11,"Iowa City, Iowa, United States","Iowa City, Iowa, United States",https://www.linkedin.com/in/ryan-toth,https://www.linkedin.com/company/aelieve,"Aelieve is a future-based digital marketing company that offers a full range of digital marketing services. We pride our-self on cutting-edge technology, a passion for innovation, and affordable digital marketing solutions.   The company offers over 250 digital marketing services including branding & design, search engine optimization, content creation, mobile marketing, search engine marketing, email marketing, PPC marketing, software development, mobile application development, social media marketing, reputation management, and conversion optimization.   Reveal your vision to reality.",Founder at Aelieve Digital Marketing,
Janet,Mesh,Janet Mesh,janet.mesh@aimtal.com,VALID,CEO + Co-Founder,1 Owner/Founder/CEO,Aimtal,aimtal.com,SEO/AEO,18,"Boston, Massachusetts, United States","Boston, Massachusetts, United States",https://www.linkedin.com/in/janetmesh,https://www.linkedin.com/company/aimtal,"Experience the power of Aimtal, an integrated marketing agency with a global reach. Our team of marketers, strategists, creatives, and analysts is dedicated to helping brands grow. Co-founded by Janet Mesh and David Tapia in August 2018. Fully remote since day one.",CEO + Co-founder of Aimtal | B2B marketing futurist | Independent agency owner & operator | AI search expert | Remote work advocate | Most marketing advisors tell you what to do – I help you think it through 🧠,
Lynsie,Slachetka,Lynsie Slachetka,lynsie@ajuxt.com,VALID,Chief Executive Juxtaposition Officer / Founder,1 Owner/Founder/CEO,aJuxt Media Group,ajuxt.com,SEO/AEO,12,"Tallahassee, Florida, United States","Queens County, New York, United States",https://www.linkedin.com/in/lynsie-slachetka,https://www.linkedin.com/company/ajuxt-media-group,"Ajuxt Media Group expertise in social media, logo creation, public relations, printing, web design, and development solutions.","AEO, SEO, and Social Media Strategist",
Brian,Dordevic,Brian Dordevic,bojan@alphaefficiency.com,VALID,Chief Executive Officer,1 Owner/Founder/CEO,Alpha Efficiency,alphaefficiency.com,SEO/AEO,28,"Chicago, Illinois, United States","Chicago, Illinois, United States",https://www.linkedin.com/in/briandecoded,https://www.linkedin.com/company/alphaefficiency,"Custom websites engineered for speed, SEO, and conversions—built by our Chicago web design & development team. Request a proposal today.",AI & SEO Visibility for Law Firms | Official Google & Hubspot Gold partner,
Nathan,Hawkes,Nathan Hawkes,nhawkes@arcanemarketing.com,VALID,President,1 Owner/Founder/CEO,Arcane Marketing,arcanemarketing.com,SEO/AEO,17,"Idaho Falls, Idaho, United States","Idaho Falls, Idaho, United States",https://www.linkedin.com/in/nathanhawkes,https://www.linkedin.com/company/arcane-marketing-1,"Arcane Marketing was founded by Nathan Hawkes in June of 2015. Nathan leads a team of top professional digital marketers from around the country whose specialties include but are not limited to Search Engine Optimization (SEO), Social Media Marketing (SMM), Conversion Rate Optimization (CRO) and Pay-Per-Click Management (PPC). Arcane Marketing's exceptional team of marketers and technicians provide innovative strategies and professional recommendations to each and every client based on their individual needs as well as comprehensive web design and excellent customer support.  Our unique team combined has over 4 decades of experience in all aspects of digital marketing.  Not only do we understand the importance of Search Engine Marketing (SEM) better than anyone else, we understand business as well. It's our number one priority to create a strategy that is most effective for your business. Not every strategy is right for every business so you will never get cookie cutter service from us. Our firm will not rest until you see results. Your success is our #1 priority.  We believe that there is no better way to be involved and focused on a client and their online marketing success than when everyone on the team is engaged with the client personally. Larger agencies tend to lose their clients in the mix and the relationships that we build with our clients are just not there when a large marketing firm is hired for the same job.  Many of our clients that have worked with larger agencies in the past are extremely satisfied with our services for not only are we supplying them with better service, we are supplying them faster results on a smaller budget. Many of our clients have also just been under-serviced in the past and just not getting a good value of money paid in online marketing services versus what they actually receive. That is where we step in and with research, analysis and strategies custom tailored for your specific needs are offered and implemented.  Digital Marketing is not just one thing. It is not just SEO or PPC, It is not only social media or link acquisition. It is a strategically balanced blend of everything that if implemented correctly will produce long lasting results. Arcane Marketing understands this, knows how to effectively handle this and is the reason why we have so many satisfied clients.","President @ Arcane Marketing | I solve issues, grow revenue, and build brands.",
David,Johnson,David Johnson,david@aroluxe.com,VALID,CEO,1 Owner/Founder/CEO,Aroluxe,aroluxe.com,SEO/AEO,18,"Brentwood, Tennessee, United States","Nashville, Tennessee, United States",https://www.linkedin.com/in/david-johnson-8225938a,https://www.linkedin.com/company/aroluxe,"Aroluxe is a full-service creative and marketing agency, creating measurable results. Specializing in SEO, digital ads, creative, social & web.",,
Dan,Early,Dan Early,dearly@ascedia.com,VALID,CEO/Owner,1 Owner/Founder/CEO,Ascedia,ascedia.com,SEO/AEO,26,"Milwaukee, Wisconsin, United States","Milwaukee, Wisconsin, United States",https://www.linkedin.com/in/danearly,https://www.linkedin.com/company/ascedia,"A digital strategy company in Milwaukee, Wisconsin offering web design, website development, digital advertising, SEO, and digital transformation services.","CEO/Owner at Ascedia, Inc.",
Mark,Roller,Mark Roller,mroller@ascedia.com,VALID,Partner and Co-Founder,1 Owner/Founder/CEO,Ascedia,ascedia.com,SEO/AEO,26,"Milwaukee, Wisconsin, United States","Milwaukee, Wisconsin, United States",https://www.linkedin.com/in/markjroller,https://www.linkedin.com/company/ascedia,"A digital strategy company in Milwaukee, Wisconsin offering web design, website development, digital advertising, SEO, and digital transformation services.","Co-Founder & Partner, Ascedia | Digital Strategy, Web, SEO, GEO & AI | 25+ Years Building Digital Programs That Perform",
Ben,Edson,Ben Edson,ben@atomicsocial.com,VALID,Founder and CEO,1 Owner/Founder/CEO,Atomic Social,atomicsocial.com,SEO/AEO,12,"Scottsdale, Arizona, United States","Scottsdale, Arizona, United States",https://www.linkedin.com/in/ben-edson,https://www.linkedin.com/company/atomicsocial,"Transform your online presence with Atomic Social, your go-to digital marketing and SEO experts. Boost your brand visibility & drive traffic!",Founder & CEO,
Rayanne,Beaudry,Rayanne Beaudry,rayanne@avalanchegr.com,VALID,Co-Owner,1 Owner/Founder/CEO,Avalanche Creative,avalanchegr.com,SEO/AEO,17,"Grand Rapids, Michigan, United States",United States,https://www.linkedin.com/in/rayannebeaudry,https://www.linkedin.com/company/avalanche-creative-llc,"Avalanche Creative is an agency in Grand Rapids, MI that helps you realize the opportunities your business has through search engine optimization and web development.",Crain’s 40 Under 40 | MCSB 50 Companies to Watch | Entrepreneur & Integrator,
Ross,McGravey,Ross McGravey,ross@avant8.com,VALID,Owner,1 Owner/Founder/CEO,Avant8,avant8.com,SEO/AEO,13,"Salt Lake City, Utah, United States","Salt Lake City, Utah, United States",https://www.linkedin.com/in/ross-mcgravey-3856aba2,https://www.linkedin.com/company/avant8,Avant8 is a Salt Lake City SEO Company and digital marketing agency in Utah offering a premiere array of design and other marketing services.,,
Igor,Avidon,Igor Avidon,igor@avidonmarketinggroup.com,VALID,CEO & Founder,1 Owner/Founder/CEO,Avidon Marketing Group,avidonmarketinggroup.com,SEO/AEO,10,"Los Angeles, California, United States","Los Angeles, California, United States",https://www.linkedin.com/in/igoravidon,https://www.linkedin.com/company/avidon-marketing-group,Top-rated SEO company offering expert content marketing services with a  100% success rate in growing brands' organic traffic & revenue.,Chief SEO & AEO Strategist,
Bill,Snyder,Bill Snyder,bill@balancemarketinggroup.com,VALID,Co-Founder,1 Owner/Founder/CEO,Balance Marketing Group,balancemarketinggroup.com,SEO/AEO,11,"Malvern, Pennsylvania, United States","Malvern, Pennsylvania, United States",https://www.linkedin.com/in/bill-snyder-78a9491a,https://www.linkedin.com/company/balance-marketing-group,"Balance Marketing Group is an Advertising Agency located in Philadelphia specializing in Brand Strategy, SEO, SEM, Mobile Marketing and Media Buying.",CEO/Founder,
Glen,Moore,Glen Moore,glen@bearfoxmarketing.com,VALID,Founder / CEO,1 Owner/Founder/CEO,Bear Fox Marketing,bearfoxmarketing.com,SEO/AEO,19,"Meridian, Idaho, United States","Eagle, Idaho, United States",https://www.linkedin.com/in/glen-moore-b2b4433,https://www.linkedin.com/company/bearfoxmarketing,Bear Fox Marketing is a digital marketing agency that specializes in SEO and Google ads. Boost conversions with a results-driven team.,Founder / CEO at Bear Fox Marketing,
Ryan,Beck,Ryan Beck,ryan@beckdigital.com,VALID,"President, Managing Partner",1 Owner/Founder/CEO,BECK Digital,beckdigital.com,SEO/AEO,14,"Greenville, South Carolina, United States","Greenville, South Carolina, United States",https://www.linkedin.com/in/ryanjbeck,https://www.linkedin.com/company/beck-digital,"BECK Digital is a website design agency in Greenville, SC offering custom software, web development, SEO and digital marketing services.",Managing Partner at BECK Digital,
Beth,Hatcher,Beth Hatcher,beth@bethinteractive.com,VALID,Principal + CEO,1 Owner/Founder/CEO,Beth Interactive,bethinteractive.com,SEO/AEO,25,"Chicago, Illinois, United States","Chicago, Illinois, United States",https://www.linkedin.com/in/beth-hatcher,https://www.linkedin.com/company/beth-interactive-inc.,"Beth Interactive they provide strategy and consultation, healthcare marketing, e-philanthropy, email marketing, search engine optimization, web analytics, website design, writing, management, and more.",Principal + CEO at Beth Interactive Inc. | AHP 40 Under 40 (2022),
Brad,Stewart,Brad Stewart,bstewart@bigmarketseo.com,VALID,Founder,1 Owner/Founder/CEO,Big Market Solutions,bigmarketsolutions.com,SEO/AEO,14,"Jacksonville, Florida, United States","St. Johns County, Florida, United States",https://www.linkedin.com/in/meetbradstewart,https://www.linkedin.com/company/bigmarketsolutions,"Big Market SEO the passion is to serve business owners and innovators that want to develop their brand and they are open minded, have a real winning attitude, and are looking for the antidote to blandness and power structure in the marketplace. People are a turning point for substantial market development serving business owners and innovators they wish to take their company to a new level by building their virtual marketing portfolio for optimum brand equity and link building. The marketing world has evolved from trying to chase tires hitters to just having a system, thus they especially enjoy working with business owners that want to build their client base as rapidly as feasible but lacking the direction to achieve their goals with impressive results efficiently.",Founder at Big Market Solutions,CHECK: email domain differs from company domain
Margee,Moore 🍊💥,Margee Moore 🍊💥,margee@bigorange.marketing,VALID,CEO + Digital Marketing Strategy,1 Owner/Founder/CEO,BigOrange Marketing,bigorange.marketing,SEO/AEO,16,"Cincinnati, Ohio, United States","Cincinnati, Ohio, United States",https://www.linkedin.com/in/margeemoore,https://www.linkedin.com/company/bigorangemarketing,"Top digital marketing services for MSPs, landscapers and builders. Small and mighty. Stategic. Get local leads with BigOrange Marketing.","CEO | Entrepreneur | We help American businesses get leads and grow with digital marketing, websites, social media, email marketing, video, content marketing and SEO.",
Bobby,Holland,Bobby Holland,bobby@bippermedia.com,VALID,Founder & Owner -- BipperMedia.com,1 Owner/Founder/CEO,Bipper Media,bippermedia.com,SEO/AEO,16,"Athens-Clarke County, Georgia, United States","Athens-Clarke County, Georgia, United States",https://www.linkedin.com/in/robertdholland,https://www.linkedin.com/company/bipper-media,"Bipper Media is a fast growing SEO company in Athens, Georgia serving local and small businesses all over the world with world class SEO and website design.",Founder at Bipper Media | AI Search & AI SEO Authority Infrastructure Architect | Building AI-Visible Brands | Enterprise AI SEO Systems | Multi-Million Revenue Operator,
Gavin,Beldt,Gavin Beldt,gavin@blennd.com,VALID,Co-Founder & CEO,1 Owner/Founder/CEO,Blennd,harmonic.ai,SEO/AEO,11,"Denver, Colorado, United States","Denver, Colorado, United States",https://www.linkedin.com/in/gavinbeldt,https://www.linkedin.com/company/blennd,"Blennd is a web design firm specializing in website design, digital marketing, creative services & SEO services.",Founder @ Stealth Startup + CEO at Blennd,CHECK: email domain differs from company domain
Cary,Coppola,Cary Coppola,ccoppola@bluecompass.com,VALID,CIO & Founder,1 Owner/Founder/CEO,Blue Compass,bluecompass.com,SEO/AEO,24,"West Des Moines, Iowa, United States","West Des Moines, Iowa, United States",https://www.linkedin.com/in/carycoppola,https://www.linkedin.com/company/blue-compass-interactive,"Blue Compass is a leading digital marketing agency specializing in web design, development and SEO in Des Moines, Iowa.",CIO & Founder,
Matt,Bitzer,Matt Bitzer,matt.bitzer@bluemagnetinteractive.com,VALID,CEO & Co-founder,1 Owner/Founder/CEO,Blue Magnet Interactive,bluemagnetinteractive.com,SEO/AEO,12,"Chicago, Illinois, United States","Naperville, Illinois, United States",https://www.linkedin.com/in/mattbitzer,https://www.linkedin.com/company/blue-magnet-interactive,A digital marketing agency focused on the hospitality industry.,"SEO & Digital Growth Leader | Technical SEO, Content Strategy & Analytics | 18+ Years Leading Multi-Channel Campaigns & Teams",
Julia,Briggs,Julia Briggs,julia@bluestar-design.com,VALID,Chief Executive Officer,1 Owner/Founder/CEO,Blue Star Design,bluestar-design.com,SEO/AEO,24,"Cleveland, Ohio, United States","Cleveland, Ohio, United States",https://www.linkedin.com/in/juliabriggs,https://www.linkedin.com/company/blue-star-design,"We are a proven digital marketing agency based in Cleveland, OH. Our services include SEO, content development, social media, and creative.","CEO at Blue Star Design | Blue Star is a B2B strategic marketing support agency with extensive experience in technology, manufacturing, and healthcare.",
Jimmy,Honsinger,Jimmy Honsinger,jimmy@bluetonemedia.com,VALID,Owner/President,1 Owner/Founder/CEO,BlueTone Media,bluetonemedia.com,SEO/AEO,20,"Wilmington, North Carolina, United States","Wilmington, North Carolina, United States",https://www.linkedin.com/in/jimmyhonsinger,https://www.linkedin.com/company/bluetone-media,"BlueTone Media offers expert web design and internet marketing services in Wilmington NC. Our solutions include SEO, PPC, custom WordPress designs, and more. Let us help your business succeed online with our proven digital marketing strategies.",Owner/President at BlueTone Media,
Patricia,Boral,Patricia Boral,patricia@boralagency.com,VALID,CEO,1 Owner/Founder/CEO,Boral Agency,boralagency.com,SEO/AEO,15,"Houston, Texas, United States","Houston, Texas, United States",https://www.linkedin.com/in/patriciaboral,https://www.linkedin.com/company/boralagency,"Boral Agency engages in SEO, web design and development, content optimization, social media management, branding and corporate identity.",CEO @ Boral Agency. We're Hiring!,
Frank,Motola,Frank Motola,frank@brandtastic1.com,VALID,President,1 Owner/Founder/CEO,Brandtastic LLC,brandtastic1.com,SEO/AEO,20,"Lakeland, Florida, United States","Tampa, Florida, United States",https://www.linkedin.com/in/brandtastic,https://www.linkedin.com/company/brandtastic-llc,"Expert Digital Marketing, SEO, and Web Design to deliver top results in Tampa FL, Orlando FL, Sarasota FL, and the United States.",Web Marketing Expert | SEO | Trackable Results | Branding | PR | New Business Development,
Jonathan,Saeidian,Jonathan Saeidian,jsaeidian@brentonway.com,VALID,Founder/CEO - Senior Growth Strategist,1 Owner/Founder/CEO,Brenton Way,brentonway.com,SEO/AEO,28,"Los Angeles, California, United States","Los Angeles, California, United States",https://www.linkedin.com/in/saeidianj,https://www.linkedin.com/company/brentonway,Elevate your brand with our top-rated digital marketing and SEO solutions. Transform your business with our expert strategies. | Brenton Way,Chief Executive Officer at Brenton Way,
Sarah,L.,Sarah L.,sarah@brindledigital.com,VALID,Founder & Lead Strategist,1 Owner/Founder/CEO,Brindle Digital Marketing,brindledigital.com,SEO/AEO,12,"Loveland, Colorado, United States","Loveland, Colorado, United States",https://www.linkedin.com/in/sarahlukemire,https://www.linkedin.com/company/brindledigital,"Brindle Digital is a Greeley-based multifamily marketing agency providing leading apartment web design, SEO and advertising to multifamily communities and property management companies.","Founder & Lead Strategist at Brindle Digital Marketing | Multifamily Marketing, SEO, Paid Ads, Web Design",
Zach,Santarsiero,Zach Santarsiero,zsantarsiero@cannaplanners.com,VALID,Co-Founder & COO,1 Owner/Founder/CEO,CannaPlanners,cannaplanners.com,SEO/AEO,23,"Burlington, Vermont, United States","Burlington County, New Jersey, United States",https://www.linkedin.com/in/zach-santarsiero-132607b6,https://www.linkedin.com/company/cannaplanners,"CannaPlanners is a cannabis marketing agency specializing in web design, SEO & retention marketing, packaging design, logo design, and branding. Contact us today to get started.",Co-Founder & COO at CannaPlanners,
Will,Read,Will Read,wread@cannaplanners.com,VALID,CEO/Founder,1 Owner/Founder/CEO,CannaPlanners,cannaplanners.com,SEO/AEO,23,"Burlington, Vermont, United States","Burlington, Vermont, United States",https://www.linkedin.com/in/wpread,https://www.linkedin.com/company/cannaplanners,"CannaPlanners is a cannabis marketing agency specializing in web design, SEO & retention marketing, packaging design, logo design, and branding. Contact us today to get started.","Founder & CEO at CannaPlanners | Helping dispensaries sell more cannabis through engaging websites, SEO and loyalty marketing | #cannabis #entrepreneur",
Anthony,Nichols,Anthony Nichols,anthony@collystring.com,VALID,Founder,1 Owner/Founder/CEO,collystring,hello.collystring.com,SEO/AEO,20,"Gilbert, Arizona, United States","Scottsdale, Arizona, United States",https://www.linkedin.com/in/anthonyjnichols,https://www.linkedin.com/company/collystring,"collystring is an advertising agency that provides SEM, SEO, programmatic display, and social media marketing services.","Founder at collystring | Boutique Performance Marketing Agency Specializing In Higher Education, Non-Profits, and Lead Generation.",
Barbara,Cavness,Barbara Cavness,barbara.cavness@uncommonlogic.com,VALID,CEO,1 Owner/Founder/CEO,Common Logic,uncommonlogic.com,SEO/AEO,27,"Austin, Texas, United States","Austin, Texas, United States",https://www.linkedin.com/in/barbara-cavness,https://www.linkedin.com/company/uncommon-logic,"(un)Common Logic relentlessly investigates digital marketing data to find the surprising facts that can solve your toughest problems. As a top digital marketing agency in Austin, TX, we specialize in SEO, PPC, CRO, and analytics to drive measurable growth. Whether you're an ecommerce brand or B2B, our data-driven digital marketing strategies uncover hidden opportunities and deliver (un)Common results.","Building a Culture of Trust, Accountability, and Transparency as CEO at (un)Common Logic by Putting People First | Providing Best-in-Class Paid Media, SEO, CRO, Social and Analytics Solutions for B2B Companies",
Brandon,Robinson,Brandon Robinson,brandon@cybermark.com,VALID,Chief Executive Officer,1 Owner/Founder/CEO,CyberMark,cybermark.com,SEO/AEO,15,"Phoenix, Arizona, United States","Peoria, Arizona, United States",https://www.linkedin.com/in/brandon-robinson-25810152,https://www.linkedin.com/company/cybermark-international,"Discover how our digital marketing services can help you find customers, build brand awareness, and grow your business through SEO, Paid Advertising, Social Media, and more.","CEO at CyberMark. Helping franchise and multi location brands grow through digital strategy, local marketing, and scalable technology.",
Bryan,Fisher,Bryan Fisher,bryan@datadrivemarketing.com,VALID,CEO,1 Owner/Founder/CEO,Data Drive Marketing,datadrivemarketing.com,SEO/AEO,19,"Raleigh, North Carolina, United States","Chapel Hill, North Carolina, United States",https://www.linkedin.com/in/bryan-fisher-7a8a15179,https://www.linkedin.com/company/data-drive-marketing,"Data Drive Marketing is a creative agency that offers programmatic advertising, digital marketing, social media, and SEO services.",CEO at Data Drive Marketing,
Brian,Reiff,Brian Reiff,breiff@dhsdigital.com,VALID,President | CEO,1 Owner/Founder/CEO,DHS Digital,dhsdigital.com,SEO/AEO,28,"Chicago, Illinois, United States","Mundelein, Illinois, United States",https://www.linkedin.com/in/brian-reiff-5ba1497,https://www.linkedin.com/company/dhsdigital,"DHS Digital offers a search engine promotion company that targets local firms, but after obtaining more substantial consumers, it extended its product offerings to include additional scientific fields, including website design, IT, and website design. DHS still offers ROI-focused business models to customers in addition to partnering with some of the more recognizable brands. They can enable companies to create a lasting, meaningful relationship with their customers by connecting with them on social networks. They operate in a range of fields, including digital, online marketing, social marketing, and keyword optimization.",,
Catherine,Ponomarenko Burns,Catherine Ponomarenko Burns,catherine@digispheremarketing.com,VALID,Founder & COO,1 Owner/Founder/CEO,DigiSphere Marketing,digispheremarketing.com,SEO/AEO,23,"Lakewood Ranch, Florida, United States","Sarasota, Florida, United States",https://www.linkedin.com/in/catherine-ponomarenko-burns,https://www.linkedin.com/company/digisphere-marketing,"DigiSphere Marketing is a full-service Digital Marketing Agency in Sarasota, FL. We offer Website Design, SEO, Paid Search Advertising, Social Media Management, and more.",Founder & COO at DigiSphere Marketing,
John,Cashman,John Cashman,john@digitalfireflymarketing.com,VALID,President,1 Owner/Founder/CEO,Digital Firefly Marketing,digitalfireflymarketing.com,SEO/AEO,11,"Princeton, New Jersey, United States","West Chester, Pennsylvania, United States",https://www.linkedin.com/in/jcashman,https://www.linkedin.com/company/digital-firefly-marketing,"Drive your business into the fast lane with SEO, PPC, social media, content writing, web development, and reputation management. Let DFM show you the way",President at Digital Firefly Marketing,
Seth,Winterer,Seth Winterer,seth@digitallogic.co,VALID,CEO,1 Owner/Founder/CEO,Digital Logic,digitallogic.co,SEO/AEO,19,"Shreveport, Louisiana, United States","Los Angeles, California, United States",https://www.linkedin.com/in/sethwinterer,https://www.linkedin.com/company/digitallogic,"Award winning Digital Marketing Services by Digital Logic. Digital Marketing Services include; Web Design, SEO, Content Marketing, Web Development, Internet Advertising, Social Media, Graphic Design and Lead Generation.",Digital Logic,
Don,Tallerman,Don Tallerman,don@dragon360.com,VALID,Founder,1 Owner/Founder/CEO,Dragon360,dragon360.com,SEO/AEO,16,"Kingston, New York, United States","Kingston, New York, United States",https://www.linkedin.com/in/don-tallerman-88b48217b,https://www.linkedin.com/company/dragon360,"DragonSearch is a pioneer in providing integrated digital marketing services that combine search engine optimization with social media marketing in a framework that is repeatable, improvable, and measurable. PPC, social advertising, conversion rate optimization and content marketing are seamlessly interwoven in their strategies.",Founder at Dragon360,
Michael,Welch,Michael Welch,michael@dymic.com,VALID,Co Founder,1 Owner/Founder/CEO,Dymic Digital,dymic.com,SEO/AEO,18,"Rancho Santa Margarita, California, United States","Los Angeles, California, United States",https://www.linkedin.com/in/michael-welch-8a0a22ab,https://www.linkedin.com/company/dymic-digital,"Dymic Digital is an IT firm specializing in web design, SEO, social media, photography, graphic design and mobile app development.",,
Jesse,Heller,Jesse Heller,jesse@dymic.com,VALID,President and Co-founder,1 Owner/Founder/CEO,Dymic Digital,dymic.com,SEO/AEO,18,"Rancho Santa Margarita, California, United States","Los Angeles, California, United States",https://www.linkedin.com/in/jesse-heller-5444b389,https://www.linkedin.com/company/dymic-digital,"Dymic Digital is an IT firm specializing in web design, SEO, social media, photography, graphic design and mobile app development.",President and Co-founder at Dymic Digital,
Adam,Sene,Adam Sene,adam@edenads.com,VALID,Owner/CEO,1 Owner/Founder/CEO,Eden Ads,edenads.com,SEO/AEO,21,"Clearwater, Florida, United States","Tampa, Florida, United States",https://www.linkedin.com/in/adamsene,https://www.linkedin.com/company/edenads,"Clearwater digital marketing firm Eden Ads boosts your brand & profits with custom marketing: Google Ads, SEO, social media, streaming TV...",CEO & Founder at Eden Ads,
Simon,Leibovich,Simon Leibovich,simon@elevatecg.com,VALID,COO/President,1 Owner/Founder/CEO,Elevate Creative Group,elevatecg.com,SEO/AEO,14,"Vernon Hills, Illinois, United States","Chicago, Illinois, United States",https://www.linkedin.com/in/simon-leibovich-385113a,https://www.linkedin.com/company/elevate-creative-group,"Elevate Creative Group is a Chicago digital marketing agency helping companies with: web design, marketing, video, live streaming, SEO, PPC & more!",President at Elevate Creative Group,
Jenny,Weatherall,Jenny Weatherall,jenny@eminentseo.com,VALID,CEO,1 Owner/Founder/CEO,Eminent SEO,eminentseo.com,SEO/AEO,14,"Mesa, Arizona, United States","Mesa, Arizona, United States",https://www.linkedin.com/in/jennystradling,https://www.linkedin.com/company/eminentseo,"Eminent SEO designs custom brand identities, premium websites and multi-channel marketing strategies for businesses who need an impactful campaign that gets lasting results.","CEO, Consultant and Marketing Strategist at Eminent SEO | 21 Years of Experience",
Ruth,Sauter,Ruth Sauter,rsauter@envano.com,VALID,Owner/CFO,1 Owner/Founder/CEO,Envano,envano.com,SEO/AEO,12,"Green Bay, Wisconsin, United States","Green Bay, Wisconsin, United States",https://www.linkedin.com/in/ruth-sauter,https://www.linkedin.com/company/envano,"Envano is a Green Bay digital marketing agency offering solutions using social media marketing, SEO, digital advertising, website design and more.",CFO at Envano,
David A.,Sauter,David A. Sauter,dsauter@envano.com,VALID,CEO,1 Owner/Founder/CEO,Envano,envano.com,SEO/AEO,12,"Green Bay, Wisconsin, United States","Green Bay, Wisconsin, United States",https://www.linkedin.com/in/davidasauter,https://www.linkedin.com/company/envano,"Envano is a Green Bay digital marketing agency offering solutions using social media marketing, SEO, digital advertising, website design and more.",CEO of Envano; A Digital Marketing Firm That Helps Clients Attain Alignment of Their Physical & Digital Customer Experience,
Chelsea,Gladden,Chelsea Gladden,chelsea@everythingbranding.com,VALID,Founder & CEO,1 Owner/Founder/CEO,Everything Branding,everythingbranding.com,SEO/AEO,16,"San Marcos, California, United States",United States,https://www.linkedin.com/in/chelsea-gladden-7bb6157,https://www.linkedin.com/company/everything-branding,"Everything Branding is an award-winning public relations, digital media and performance marketing agency at the forefront of commerce driven media, securing top-tier national and regional press specifically designed to boost your bottom line. With a combination of public relations and e-commerce strategies, we identify the best approach to meet your goals at every stage of growth.  Our team of  media-savvy professionals works together to enhance your digital footprint and brand awareness.","Founder & CEO, Everything Branding | Public Relations & Digital Marketing Agency | AI Search & AEO Expert | Entrepreneur Magazine Leadership Network | Inc. Fastest-Growing Agency | PR Net Next Gen PR",
Courtney,Kehl,Courtney Kehl,courtney@expertmarketingadvisors.com,VALID,CEO & Founder,1 Owner/Founder/CEO,Expert Marketing Advisors,expertmarketingadvisors.com,SEO/AEO,25,"Mundelein, Illinois, United States","Austin, Texas, United States",https://www.linkedin.com/in/courtneykehl,https://www.linkedin.com/company/expert-marketing-advisors,"Expert Marketing Advisors is a San Francisco Bay Area B2B Marketing firm centered on high-tech growth companies. We are dedicated to providing key support across all areas of marketing needed to succeed in growing the overall valuation of the company including SEO/SEM, Demand Generation, Marketing Operations, Digital Campaigns, PR, Programs, and more.","Founder & CEO, Expert Marketing Advisors | B2B Marketing for Tech-Focused Organizations |
Demand Generation, Product Marketing & Pipeline Acceleration",
Tom,Foerstel,Tom Foerstel,tom@foerstel.com,VALID,Founder + Head Cheerleader,1 Owner/Founder/CEO,foerstel+piper+martin,foerstel.com,SEO/AEO,14,"Boise, Idaho, United States","Boise, Idaho, United States",https://www.linkedin.com/in/foerstel,https://www.linkedin.com/company/foerstelpipermartin,"Foerstel provides advertising, web design, SEO and WordPress management services.",Founder + Retired at Foerstel+Piper+Martin,
Adam,Lewis,Adam Lewis,adam@foghornlabs.com,VALID,Founder,1 Owner/Founder/CEO,Foghorn Labs,foghornlabs.com,SEO/AEO,12,"Portland, Oregon, United States","Bend, Oregon, United States",https://www.linkedin.com/in/adam-lewis-pdx,https://www.linkedin.com/company/foghorn-labs,"Foghorn Labs is a Portland-based digital marketing agency specializing in paid media, SEO, email marketing, and analytics for outdoor and active lifestyle brands.",Founder of Foghorn Labs // Performance Marketing for Outdoor & Active Lifestyle Brands,
Brian,Childers,Brian Childers,brian@foxxr.com,VALID,Chief Executive Officer,1 Owner/Founder/CEO,Foxxr Digital Marketing,foxxr.com,SEO/AEO,19,"St. Petersburg, Florida, United States","St. Petersburg, Florida, United States",https://www.linkedin.com/in/briankchilders,https://www.linkedin.com/company/foxxr-digital-marketing,"We Push the Boundaries of Digital Marketing to Get More Traffic, Leads, and Revenue to Grow Your Business!","Chief of Results - Marketing, SEO, and AI for Home Service Contractors",
Kregg,Kish,Kregg Kish,k.kish@frontporchsolutions.com,VALID,Founder/CEO,1 Owner/Founder/CEO,Front Porch Solutions,frontporchsolutions.com,SEO/AEO,25,"Independence, Ohio, United States","Lewis Center, Ohio, United States",https://www.linkedin.com/in/kregg-kish-a762616,https://www.linkedin.com/company/front-porch-solutions,"Front Porch Solutions is a digital agency that deals with marketing, web development, content creation, SEO and social media services.",Founder/CEO at Front Porch Solutions,
Erin,DeLong,Erin DeLong,edavies@frontporchsolutions.com,VALID,President and Partner,1 Owner/Founder/CEO,Front Porch Solutions,frontporchsolutions.com,SEO/AEO,25,"Independence, Ohio, United States","Cleveland, Ohio, United States",https://www.linkedin.com/in/davieserin,https://www.linkedin.com/company/front-porch-solutions,"Front Porch Solutions is a digital agency that deals with marketing, web development, content creation, SEO and social media services.",President and Partner at Front Porch Solutions,
Lisa,Caffey,Lisa Caffey,lisa@fuelwebmarketing.com,VALID,Owner,1 Owner/Founder/CEO,Fuel Web Marketing,fuelwebmarketing.com,SEO/AEO,22,"St. Petersburg, Florida, United States","Seminole, Florida, United States",https://www.linkedin.com/in/lisa-caffey-a260171a6,https://www.linkedin.com/company/fuel-web-marketing,"Fuel Web Marketing provides SEO and website marketing services to help your business achieve maximum results. We offer Web Design, SEO, PPC, Content Writing, and more. Visit our website today for  more information.",,
John,Dalrymple,John Dalrymple,john@gearycompany.com,VALID,President / Chief Operating Officer/ Managing Partner,1 Owner/Founder/CEO,Geary Company Advertising,gearycompany.com,SEO/AEO,14,"Las Vegas, Nevada, United States","Henderson, Nevada, United States",https://www.linkedin.com/in/john-dalrymple-972b2a5,https://www.linkedin.com/company/geary-company-advertising,Geary Company has provided advertising & marketing services in Las Vegas for 3 generations. Our services range from outdoor advertising to SEO.,"President/Managing Partner @ Geary Company Advertising. Brand and Media Expert. Keynote Speaker. Advertising, Leadership, Management and Marketing Consultant.",
Alexandria,Grote Phillips,Alexandria Grote Phillips,alex@graphiclanguage.net,VALID,Owner/Principal,1 Owner/Founder/CEO,Graphic Language,graphiclanguage.net,SEO/AEO,14,"Oakland, California, United States","San Francisco, California, United States",https://www.linkedin.com/in/alexandria-grote-phillips-59639b117,https://www.linkedin.com/company/graphic-language,"Graphic Language, an award winning home builder and real estate digital design agency that offers Web Design, SEO, SEM, Social Media, Interactive Tools","President, CEO at Graphic Language",
Rick,Phillips,Rick Phillips,rphillips@graphiclanguage.net,VALID,Owner and Principal,1 Owner/Founder/CEO,Graphic Language,graphiclanguage.net,SEO/AEO,14,"Oakland, California, United States","San Francisco, California, United States",https://www.linkedin.com/in/rick-phillips-0bb8424,https://www.linkedin.com/company/graphic-language,"Graphic Language, an award winning home builder and real estate digital design agency that offers Web Design, SEO, SEM, Social Media, Interactive Tools",Owner and Principal at Graphic Language,
Ellie,Peterson,Ellie Peterson,ellie@greenclosetcreative.com,VALID,"Owner, Project Manager",1 Owner/Founder/CEO,Green Closet Creative,greenclosetcreative.com,SEO/AEO,14,"Sycamore, Illinois, United States","Chicago, Illinois, United States",https://www.linkedin.com/in/ellie-peterson-67726710,https://www.linkedin.com/company/green-closet-creative,"We are a digital marketing & creative agency with expertise in paid search, display advertising, SEO, social, video, web & design.","Marketing Project Manager whose priorities are organization, positivity and growth.",
Bill,Sebald,Bill Sebald,bill@greenlanemarketing.com,VALID,Founder / Partner / SEO,1 Owner/Founder/CEO,Greenlane Marketing,greenlanemarketing.com,SEO/AEO,15,"Eagleville, Pennsylvania, United States","Birdsboro, Pennsylvania, United States",https://www.linkedin.com/in/billsebald,https://www.linkedin.com/company/greenlane-marketing,"Experience matters. Since 2005, we have created true partnerships with our clients to develop data-driven digital marketing strategies. We deliver ROI.",Founder of Greenlane Marketing. Improving your SEO and PPC campaigns since 2005.,
Nadine,Antunez,Nadine Antunez,Nadine@groupm7.com,VALID,Chief Executive Officer,1 Owner/Founder/CEO,GroupM7,groupm7.com,SEO/AEO,27,"Tyler, Texas, United States","Jacksonville, Florida, United States",https://www.linkedin.com/in/nadine-antunez-0707a857,https://www.linkedin.com/company/group-m7,"Web design company in Tyler TX offering SEO, logo design, hosting, drone services and more. GroupM7 has designed websites in the Tyler area since 1995.",CEO @ Group M7,
Jimmy,Page,Jimmy Page,jp@hudsoncreative.com,VALID,"President, Owner",1 Owner/Founder/CEO,Hudson Creative,hudsoncreative.com,SEO/AEO,14,"New York, New York, United States","New York, New York, United States",https://www.linkedin.com/in/thejapage,https://www.linkedin.com/company/hudsoncreative,Hudson Creative is a digital marketing agency founded to help businesses drive web traffic and convert online explorers into actual customers.,"Digital Marketing Strategy, Website Consulting and Search Engine Marketing",
Tim,Hawkes,Tim Hawkes,tim.hawkes@thawkdigital.com,VALID,CEO,1 Owner/Founder/CEO,ICVM Hawk,icvmhawk.com,SEO/AEO,14,"Miami, Florida, United States","New York, New York, United States",https://www.linkedin.com/in/timwhawkes,https://www.linkedin.com/company/icvmhawk,"t/hawk digital is helping small & medium businesses drive results with digital marketing: sites, apps, social media, paid search.",Helping business owners and leaders leverage digital technology to drive business growth | Digital Strategy | UX/UI Design | Digital Product Development | SEO | PPC Advertising | Data Driven Results,CHECK: email domain differs from company domain
Jack,Sheard,Jack Sheard,jack@ideabankmarketing.com,VALID,Owner,1 Owner/Founder/CEO,IdeaBank Marketing,ideabankmarketing.com,SEO/AEO,22,"Hastings, Nebraska, United States","Grand Island, Nebraska, United States",https://www.linkedin.com/in/jack-sheard-97379a4a,https://www.linkedin.com/company/idea-bank-marketing,"IdeaBank Marketing provides logo design, branding, public relations, web development, video production, broadcasting, SEO, and SEM services.","Owner/Marketing Strategist at IdeaBank Marketing

Helping organizations achieve their goals. Grand Island City Council member. * Woo * Strategic * Ideation * Communication * Futuristic *",
Sherma,Jones,Sherma Jones,sherma@ideabankmarketing.com,VALID,President,1 Owner/Founder/CEO,IdeaBank Marketing,ideabankmarketing.com,SEO/AEO,22,"Hastings, Nebraska, United States","Hastings, Nebraska, United States",https://www.linkedin.com/in/sherma-jones-ideabank,https://www.linkedin.com/company/idea-bank-marketing,"IdeaBank Marketing provides logo design, branding, public relations, web development, video production, broadcasting, SEO, and SEM services.",Agency Principal,
Kevin,Crenshaw,Kevin Crenshaw,kcrenshaw@impactgroupmarketing.com,VALID,CEO/Partner,1 Owner/Founder/CEO,Impact Group Marketing,impactgroupmarketing.com,SEO/AEO,25,"College Station, Texas, United States","College Station, Texas, United States",https://www.linkedin.com/in/kcrenshawtechleadership,https://www.linkedin.com/company/impact-group-marketing,"Impact Group Marketing is a digital marketing agency that offers web development, social media marketing, and SEO services.",Agency Owner & Business Psychology Addict,
Nick,Footer,Nick Footer,nick@intuitivedigital.com,VALID,CEO & Cultivator of Happiness,1 Owner/Founder/CEO,Intuitive Digital,intuitivedigital.com,SEO/AEO,16,"Portland, Oregon, United States","Portland, Oregon, United States",https://www.linkedin.com/in/nickfooter,https://www.linkedin.com/company/intuitive-digital,"Intuitive Digital is a B Corp Certified, a data-driven digital marketing agency specializing in search engine marketing for businesses.",CEO & Cultivator of Happiness,
Joe,Russo,Joe Russo,joe@jandrmarketing.com,VALID,Founder,1 Owner/Founder/CEO,J&R Marketing,jandrmarketing.com,SEO/AEO,17,"Smithfield, Rhode Island, United States","Providence County, Rhode Island, United States",https://www.linkedin.com/in/joevrusso,https://www.linkedin.com/company/j&r-marketing,"Full-service marketing agency in Rhode Island specializing in web design, SEO, digital marketing, screen printing, and custom branded products.","Marketing Agency Owner | Branding, Web, Content & Print | Strategic Growth for Businesses",
Jed,Whittaker,Jed Whittaker,jed@jackpinemedia.com,VALID,Founder,1 Owner/Founder/CEO,Jack Pine Media,jackpinemedia.com,SEO/AEO,12,"Spokane, Washington, United States","Seattle, Washington, United States",https://www.linkedin.com/in/jedryan1,https://www.linkedin.com/company/jack-pine-media-usa,"Jack Pine Media is a digital marketing agency in Spokane, WA providing SEO, PPC, Social Media Ads, Website Design and Management services.",Founder at Jack Pine Media,
Josh,Eliseuson,Josh Eliseuson,josh@jubilantdigital.com,VALID,Owner & Digital Marketing Strategist,1 Owner/Founder/CEO,Jubilant Digital Marketing,jubilantdigital.com,SEO/AEO,18,"Overland Park, Kansas, United States","Overland Park, Kansas, United States",https://www.linkedin.com/in/josheliseuson,https://www.linkedin.com/company/jubilantdigital,"Jubilant Digital Marketing is a marketing company which provides Search Engine Marketing, SEO, PPC, Content Marketing and Paid Search",Owner and Digital Marketing Strategist,
Gabe,Brauer,Gabe Brauer,gbrauer@kaptiv8marketing.com,VALID,President / Creative Director,1 Owner/Founder/CEO,Kaptiv8,k8.agency,SEO/AEO,15,"Athens-Clarke County, Georgia, United States","Athens-Clarke County, Georgia, United States",https://www.linkedin.com/in/gabe-brauer-416a797,https://www.linkedin.com/company/kaptiv8-marketing,"Athens Web Design with Wordpress, Branding, Print Design, Social Media Marketing, SEO | Athens GA, Atlanta Georgia | Kaptiv8 | Website Development. Captivate Your Audience.",President / Founder / Creative Director at Kaptiv8,CHECK: email domain differs from company domain
Jerry,Kidd,Jerry Kidd,jkidd@kidd.com,VALID,Chief Executive Officer,1 Owner/Founder/CEO,Kidd Group,kidd.com,SEO/AEO,20,"Tallahassee, Florida, United States","Tallahassee, Florida, United States",https://www.linkedin.com/in/jerry-kidd-12a357156,https://www.linkedin.com/company/kidd-group,"Kidd is a marketing communications firm with three divisions of communication design, Kidd public relations, and 3wstudios, which handles web development. They've been building and growing brands for a long time. They have the working with clients large and small, high-tech and low-tech, from all over the world. Brand development, google advertising, graphic design, marketing, advertising, public relations, social media, strategic planning, trade shows, video production, website design, and SEO are just some of the services they offer.",Chief Executive Officer at Kidd Group,
Garrett,Kite,Garrett Kite,garrett@kitemedia.com,VALID,Owner,1 Owner/Founder/CEO,Kite Media,kitemedia.com,SEO/AEO,16,"Logan, Utah, United States","Logan, Utah, United States",https://www.linkedin.com/in/garrettkite,https://www.linkedin.com/company/kitemedia,"We provide small businesses with local SEO, pay-per-click advertising (PPC), web design & marketing services in Logan, UT. Call 435-753-7553.",Owner @ Kite Media,
Kasper,Ebsen,Kasper Ebsen,ke@kynetic.dk,VALID,Founder & Senior Partner,1 Owner/Founder/CEO,KYNETIC,kynetic.dk,SEO/AEO,10,"Denmark, Wisconsin, United States","Denmark, Wisconsin, United States",https://www.linkedin.com/in/kasperebsen,https://www.linkedin.com/company/kyneticdigital,"Fremtidens digitale markedsføring accelereret af data, automation og machine learning i SEO, Google Ads, marketing automation og Facebook annoncering mm.",Founder & Senior Partner | Digital Marketing Ekspert | Talent 100 | Investor | Board Member,
Laura,Laire,Laura Laire,laura@lairedigital.com,VALID,Co-Founder,1 Owner/Founder/CEO,LAIRE,lairedigital.com,SEO/AEO,24,"Charleston, South Carolina, United States","Charleston, South Carolina, United States",https://www.linkedin.com/in/lauralaire,https://www.linkedin.com/company/lairedigital,"LAIRE is an award-winning digital marketing agency based in the Carolinas, specializing in HubSpot services, SEO, branding, web design/dev, PPC, and more.","Co-Founder, LAIRE Digital | Organizational Architect | Building the Future of Marketing Through AI, Systems, & Human Innovation",
Dan,Todd,Dan Todd,dan@lawfirmsites.com,VALID,Founder,1 Owner/Founder/CEO,Law Firm Sites,lawfirmsites.com,SEO/AEO,29,"American Fork, Utah, United States","Orem, Utah, United States",https://www.linkedin.com/in/dan-todd-84234a200,https://www.linkedin.com/company/law-firm-sites,"For over 20 years, Law Firm Sites has worked with lawyers to get them more cases through law firm web design and SEO marketing.",Founder at Law Firm Sites,
Steve,Timofeev,Steve Timofeev,steve@leadpointdigital.com,VALID,CEO & Co-Founder,1 Owner/Founder/CEO,LeadPoint Digital,leadpointdigital.com,SEO/AEO,20,"Roanoke, Virginia, United States","Roanoke, Virginia, United States",https://www.linkedin.com/in/timofeev,https://www.linkedin.com/company/leadpointdigital,"A leading digital marketing agency in Roanoke, Virginia specializing in search engine marketing, social media, and website design.",CEO & Co-Founder at LeadPoint Digital,
John,Greer,John Greer,john.greer@ljg.com,VALID,President and Founding Partner,1 Owner/Founder/CEO,"LJG Digital, Inc.",ljg.com,SEO/AEO,22,"San Diego, California, United States","San Diego, California, United States",https://www.linkedin.com/in/johnfgreer,https://www.linkedin.com/company/ljg-digital,"LJG Digital Inc. is a senior-level digital strategy, design, and technology firm with a global client base and more than three decades of experience helping organizations evolve their digital presence. Based in the United States, we partner with brands that require thoughtful strategy, refined execution, and platforms built to perform at scale.  Since opening our doors in 1994, LJG has worked closely with many of the world’s leading companies to conceive, design, develop, and manage digital marketing and communications initiatives that are both visually sophisticated and strategically precise. Our work spans enterprise branding, custom website and application development, immersive media, and data-driven marketing programs — all built to support real business objectives.  By combining deep communications strategy with advanced technical expertise, LJG delivers integrated solutions under one roof. Our multidisciplinary team includes strategists, designers, developers, writers, and animators with extensive experience across modern web platforms, mobile technologies, motion, 3D, VR, AI-enhanced experiences, ultra-high-definition video, and emerging interactive media.  What truly differentiates LJG is our long-term approach. Many of our earliest clients continue to work with us today — a testament to our commitment to partnership, technical rigor, and continuous evolution. As digital platforms, tools, and expectations change, we evolve alongside our clients, ensuring their digital ecosystems remain relevant, effective, and future-ready.  Enterprise Branding  - Brand strategy, positioning, and digital identity systems  Technology & Multimedia Development  - Custom web application development  - 4K and ultra-high-definition video  - 3D, VR, and immersive environments  - Augmented and interactive media  Interaction Design  - Brand marketing websites  - Corporate and enterprise platforms  - eCommerce experiences  Emerging Media  - Mobile and web applications  - Interactive and immersive video  - AI-enhanced experiences  - Gaming and experiential platforms  Social  - Social marketing strategy  - Social media platforms and solutions  - Word-of-mouth and engagement programs  Search  - Search engine optimization (SEO)  - Paid search strategy and execution  Email & eCRM  - Email acquisition and lead generation  - eCRM program management  - Loyalty and promotional campaigns  Data & Analytics  - Campaign performance analytics  - Web and digital analytics  - Custom dashboards and reporting","President and Founding Partner at LJG Digital, Inc.",
Geoff,Frink,Geoff Frink,geoff@drivinglocalleads.com,VALID,Co-Founder & CEO,1 Owner/Founder/CEO,"Local Web Leads, LP",drivinglocalleads.com,SEO/AEO,15,"Austin, Texas, United States","Austin, Texas, United States",https://www.linkedin.com/in/geofffrink,https://www.linkedin.com/company/local-web-leads,"Local Web Leads, LP is your leader in managed Pay-Per-Click campaigns, as well as other essential internet marketing methods such as SEO, email marketing, conversion optimization, and remarketing technologies. We see continued success because we provide our clients results month after month.","Co Founder & Chairman at Local Web Leads, LLC & Pool Builder Lead Rocket",
Klim,Kavall,Klim Kavall,klim@drivinglocalleads.com,VALID,Chief Executive Officer,1 Owner/Founder/CEO,"Local Web Leads, LP",drivinglocalleads.com,SEO/AEO,15,"Austin, Texas, United States","Boca Raton, Florida, United States",https://www.linkedin.com/in/klimk,https://www.linkedin.com/company/local-web-leads,"Local Web Leads, LP is your leader in managed Pay-Per-Click campaigns, as well as other essential internet marketing methods such as SEO, email marketing, conversion optimization, and remarketing technologies. We see continued success because we provide our clients results month after month.",CEO @ Local Web Leads | Performance Marketing | Lead Generation | Digital Growth,
Greg,Lindblom,Greg Lindblom,greg@lostsearchmedia.com,VALID,Founder,1 Owner/Founder/CEO,Lost Search Media,lostsearchmedia.com,SEO/AEO,19,"Mesa, Arizona, United States","Phoenix, Arizona, United States",https://www.linkedin.com/in/greglindblom,https://www.linkedin.com/company/lost-search-media,"Lost Search Media is an Arizona digital marketing agency. We help businesses large and small with SEO, PPC, google maps, content marketing, web design and everything in between.",Founder at Lost Search Media,
Samuel,Wood,Samuel Wood,samuel@loudcanvas.com,VALID,President,1 Owner/Founder/CEO,Loud Canvas Media,loudcanvas.com,SEO/AEO,15,"Dover, New Hampshire, United States","Dover, New Hampshire, United States",https://www.linkedin.com/in/pixelsamuel,https://www.linkedin.com/company/loud-canvas-media,"We are a Digital Marketing Agency in Dover, NH specializing in Website Design, and SEO, Search Engine Optimization. We specialize in happy clients! Get a free SEO audit",President at Loud Canvas Media & DCH Board Member,
Sulen,Subramaniam,Sulen Subramaniam,sulen@louderdesign.com,VALID,Chief Executive Officer,1 Owner/Founder/CEO,Louder Design,louderdesign.com,SEO/AEO,11,"North Richland Hills, Texas, United States","Plano, Texas, United States",https://www.linkedin.com/in/sulen-subramaniam,https://www.linkedin.com/company/louderdesign,"Award-winning web design and development agency based in Texas offering various web development and digital marketing services including cvb website design, government website design, non-profit website design, eCommerce website design services and more.","UI/UX Design - Web Dev - Mobile Apps, SEO - Social  - CMS - eCommerce - CRM - Destination Marketing - Non-Profit - Gov",
JD,Blair,JD Blair,jdblair@madmenmarketinginc.com,VALID,President,1 Owner/Founder/CEO,Mad Men Marketing,madmenmarketinginc.com,SEO/AEO,19,"Jacksonville, Florida, United States","Jacksonville, Florida, United States",https://www.linkedin.com/in/jd-blair83,https://www.linkedin.com/company/madmenmarketing,"Full-service marketing, Digital advertising/SEM, SEO, streaming television & radio, social media, video production, graphic design & more","Advertising/Marketing Executive who grows businesses. Award winning creative direction, and innovative strategic business leader.",
Michelle,Martinez,Michelle Martinez,michelle@makeyourmarkdigital.com,VALID,CEO,1 Owner/Founder/CEO,Make Your Mark Digital,makeyourmarkdigital.com,SEO/AEO,19,"Ardmore, Pennsylvania, United States","Philadelphia, Pennsylvania, United States",https://www.linkedin.com/in/michelledinamartinez,https://www.linkedin.com/company/make-your-mark-digital,Make Your Mark is a full-service digital marketing agency in Philadelphia. We develop and execute marketing programs that grow brands online.,"CEO @ Make Your Mark Digital // PPC, GEO, & SEO Strategist // Certified Women-Owned // Helping businesses dominate search & grow revenue",
Cullen,Whitmore,Cullen Whitmore,cwhitmore@matchboxdesigngroup.com,VALID,Owner,1 Owner/Founder/CEO,Matchbox Design Group,matchboxdesigngroup.com,SEO/AEO,22,"Missouri, United States","St. Louis County, Missouri, United States",https://www.linkedin.com/in/cwhitmore,https://www.linkedin.com/company/matchbox-design-group,"St. Louis digital marketing agency with a mastery of online marketing, SEO, & WordPress. Call today to build or update your new site!","Cofounder & COO, Matchbox Design Group",
Kathy,Maiuri,Kathy Maiuri,kathy@matrix2.com,VALID,Owner,1 Owner/Founder/CEO,Matrix2 Advertising,matrix2.com,SEO/AEO,15,"Doral, Florida, United States","Miami, Florida, United States",https://www.linkedin.com/in/kathy-maiuri-73318720,https://www.linkedin.com/company/matrix-2-advertising,"Matrix2 Advertising starts with listening and learning about the business, markets, and goals. Then they get to work solving challenges, building and redefining brands using a mix that includes everything from digital and prints with their in-house printing. The services are advertising, marketing, social media SEO, internet marketing, web design, lead generation, digital media, and brand development.","Owner, Matrix 2 Advertising",
David,Kennedy,David Kennedy,david@mediaspace.co,VALID,Founder & President,1 Owner/Founder/CEO,Mediaspace,mediaspace.co,SEO/AEO,10,"Chicago, Illinois, United States",United States,https://www.linkedin.com/in/davidbkennedy,https://www.linkedin.com/company/mediaspace-squarespace-experts,"Mediaspace is an expert Squarespace designer agency offering digital  marketing services, website design, SEO, Google Ads, and more.",Founder at Mediaspace,
Frank,Kaniarz,Frank Kaniarz,frank@midigitalsolution.com,VALID,"President, CEO",1 Owner/Founder/CEO,MI Digital Solution,midigitalsolution.com,SEO/AEO,12,"Troy, Michigan, United States","Englewood, Florida, United States",https://www.linkedin.com/in/frank-kaniarz-69864341,https://www.linkedin.com/company/midigitalsolution,"MI Digital Solution | The Best Website Design, SEO, Google Ads, E-Commerce Website Design, Social Media Management, and Digital Advertising Agency in Troy, MI",President at MI Digital Solution,
Raul,Mendoza,Raul Mendoza,raul@monsterlinkmarketing.com,VALID,Founder / Owner,1 Owner/Founder/CEO,Monster Link Marketing,monsterlinkmarketing.com,SEO/AEO,11,"El Paso, Texas, United States","El Paso, Texas, United States",https://www.linkedin.com/in/raul-mendoza-founder,https://www.linkedin.com/company/monsterlinkmarketing,Proven SEO Services that build rank and drive sales. #1 Trusted Marketing and El Paso SEO Company. Website Design. Monster Link Marketing,Entrepreneur - Founder @ Monster Link Marketing | Business Coach | Marketing Strategist | AI Innovator,
Max,Kryzhanovskiy,Max Kryzhanovskiy,maxk@moscreative.com,VALID,President and CEO,1 Owner/Founder/CEO,MOS Creative,moscreative.com,SEO/AEO,10,"Columbia, Maryland, United States","Columbia, Maryland, United States",https://www.linkedin.com/in/maxkryzhanovskiy,https://www.linkedin.com/company/mos-creative,"Web, app & software development, SEO, and UX/UI in Maryland. From website planning to Shopify store development, MOS Creative builds business websites that increase traffic.","Igniting Brands with Custom Apps & Websites, SEO Strategies & Talent Acquisition Expertise",
Jim,Doughty,Jim Doughty,jimd@nealadv.com,VALID,Owner/CEO,1 Owner/Founder/CEO,Neal Advertising,nealadv.com,SEO/AEO,11,"Danvers, Massachusetts, United States","Peabody, Massachusetts, United States",https://www.linkedin.com/in/jimdoughty1,https://www.linkedin.com/company/neal-advertising,"Neal Advertising is an advertising firm that offers web design, SEO, SEM, branding, copywriting, graphic design and digital marketing.",Owner/CEO at Neal Advertising,
Jordan,Slover,Jordan Slover,jordan@neonambition.com,VALID,Founder,1 Owner/Founder/CEO,Neon Ambition,neonambition.com,SEO/AEO,16,"Austin, Texas, United States","Butler, New Jersey, United States",https://www.linkedin.com/in/jordanslover,https://www.linkedin.com/company/neon-ambition,"What would more leads or more sales mean for your business? Find out how our SEO, PPC, Content, CRO, and Social Media services can grow your business.",Founder @ Neon Ambition | 3X Inc 5000 Fastest Growing Private Companies | Improving Revenue Growth with Online Marketing Strategies Executed by Experienced Professionals,
Keegan,Edwards,Keegan Edwards,kedwards@newmediaretailer.com,VALID,President & CEO,1 Owner/Founder/CEO,New Media Retailer,newmediaretailer.com,SEO/AEO,22,"Norwich, New York, United States","Denver, Colorado, United States",https://www.linkedin.com/in/keegan-edwards-0545b760,https://www.linkedin.com/company/new-media-retailer,"New Media Retailer offers web development, e-commerce, SEO, and marketing services.",President/CEO at New Media Retailer,
Joe,Guernaccini,Joe Guernaccini,joe@atcauselaw.com,VALID,Founder & President,1 Owner/Founder/CEO,Non-Stuffy Attorneys,atcauselaw.com,SEO/AEO,11,"Clearwater, Florida, United States","Clearwater, Florida, United States",https://www.linkedin.com/in/joeguernaccini,https://www.linkedin.com/company/non-stuffy-attorneys,"You didn’t go to law school to become a marketer, and you shouldn’t have to be one to grow a successful firm. That’s where we come in.  Non-Stuffy Attorneys helps law firm owners scale their firms with proven strategies for lead generation, marketing, and client conversion. Whether you’re just starting or ready to scale, we help you take control of your growth without the fluff, jargon, or overpriced agencies.  What We Do:  Lead Generation We run high-converting ad campaigns (Google, YouTube, Facebook, and more) to bring in qualified leads so you don’t have to chase them.  Marketing Strategy & Automation From SEO to email marketing and lead nurturing workflows, we help you stay visible and close more clients with less manual effort.  Proprietary CRM & Marketing Platform Access Our clients get full access to our built-in CRM platform, giving them an all-in-one system to manage leads, automate follow-ups, book appointments, and track results — no need to buy or manage separate software.  Sales Training & Masterminds Through on-demand courses and live mastermind sessions, you’ll learn how to confidently convert leads into clients and build a profitable, sustainable firm.  Non-Stuffy Attorneys Directory: We're building a national directory that will connect clients with trusted, non-stuffy attorneys. It’s another way we’re making it easier for great firms to grow without losing their personality.","CAO of atCause Law Office®| President of Non-Stuffy Attorneys®| Podcast Host🎙️| Author📖| Grew a law firm to $5M in 5 years. Helping other attorneys do the same, minus the stuffy law firm BS.",
Kyle,Scott,Kyle Scott,kyle@northwingdigital.com,VALID,Founder,1 Owner/Founder/CEO,NorthWing Digital,northwingdigital.com,SEO/AEO,24,"Hopkins, Minnesota, United States","Minneapolis, Minnesota, United States",https://www.linkedin.com/in/kyle-scott-0b89b553,https://www.linkedin.com/company/northwing-digital,"(952) 378-1358 - NorthWing Digital offers customized digital marketing services, including SEO, SEM, web services & more. Contact us today!","Founder, NorthWing Digital ✈️ .
 Driving Revenue Growth in Complex Industries 📈 | AI Visibility Nerd 🤖 | Outdoor Enthusiast 🌲",
Mike,Ginsburg,Mike Ginsburg,mike@noticeumarketing.com,VALID,Owner,1 Owner/Founder/CEO,notice U marketing,noticeumarketing.com,SEO/AEO,12,"Las Vegas, Nevada, United States","Henderson, Nevada, United States",https://www.linkedin.com/in/mike-ginsburg-b0696721,https://www.linkedin.com/company/notice-u-marketing,"Notice U Marketing is a digital services provider. Their service includes SEO, social media marketing, website development, and design portfolio. They offer search ads, marketing plans, social media marketing, and be first in search. The customer queries are addressed through phone, online form, and email.",Win More. Suck Less.,
Omer,Grinboim,Omer Grinboim,omer@ontopexperts.com,VALID,CEO,1 Owner/Founder/CEO,OnTop,ontopexperts.com,SEO/AEO,14,"Tampa, Florida, United States",United States,https://www.linkedin.com/in/omergrinboim,https://www.linkedin.com/company/ontop,"OnTop - A leading online marketing agency.  We offer digital marketing strategy, top-notch performance through paid advertising, PPC, SEO, social media management, creatives, marketing automation & AI solutions.",CEO at OnTop | Online Marketing Expert | PPC | Social Media | Mobile Marketing | E-Commerce,
Chris,Linford,Chris Linford,chris@oozlemedia.com,VALID,CEO,1 Owner/Founder/CEO,Oozle Media,oozlemedia.com,SEO/AEO,28,"South Jordan, Utah, United States",United States,https://www.linkedin.com/in/chris-linford,https://www.linkedin.com/company/oozle-media,"Oozle Media provides Web Design & Development, SEO, PPC, Social Media services that work together to build value to your brand online. Call for a free quote!","I currently lead an online marketing agency, whose goal is to increase the profitability of its clients.",
Tiffanie,Honeyman,Tiffanie Honeyman,tiffanie.honeyman@opgomarketing.com,VALID,"Founder/Owner, CEO",1 Owner/Founder/CEO,OpGo Marketing,opgomarketing.com,SEO/AEO,12,"Fargo, North Dakota, United States","Fargo, North Dakota, United States",https://www.linkedin.com/in/tiffaniehoneyman,https://www.linkedin.com/company/opgomarketing,"We are a strategic marketing agency for small business bringing expertise at affordable rates. Our suite of services includes: ROI reporting, digital marketing, web design, social media, SEO, branding, and graphic design. Let's take your business to the next level!",Empowering businesses to achieve their marketing and financial goals. Founder of OpGo Marketing and consultant for small businesses in the Upper Midwest.,
Deb,Rishel,Deb Rishel,deb@paradigmdigital.com,VALID,President & CEO,1 Owner/Founder/CEO,Paradigm Digital Group®,paradigmdigital.com,SEO/AEO,12,"Indianapolis, Indiana, United States","Fishers, Indiana, United States",https://www.linkedin.com/in/deb-rishel,https://www.linkedin.com/company/paradigmdigitalgroup,"Paradigm Digital Group provides lead generation, web development, SEO, social media management, call center, and consulting services.",President & CEO at Paradigm Digital Group,
Alan,Gladish,Alan Gladish,agladish@praxisagency.com,VALID,Owner,1 Owner/Founder/CEO,"Praxis Communications, Inc.",praxisagency.com,SEO/AEO,20,"Huntingdon Valley, Pennsylvania, United States","Philadelphia, Pennsylvania, United States",https://www.linkedin.com/in/alan-gladish-2b0416a,https://www.linkedin.com/company/praxis-communications,"Praxis Communications offers brand positioning, competitive analysis, media research, management, metrics, lead generation, web design, search advertising, search engine optimization, digital advertising, email marketing, brand awareness, public relations, content marketing, trade shows, and sales collateral services.","President at Praxis Communications, Inc.",
Bob,Deegan,Bob Deegan,bdeegan@presortplusinc.com,VALID,President,1 Owner/Founder/CEO,"Presort Plus, Inc.",presortplusinc.com,SEO/AEO,12,"Taylors, South Carolina, United States","Taylors, South Carolina, United States",https://www.linkedin.com/in/bob-deegan-aa60621a,https://www.linkedin.com/company/presortplusinc,"Presort Plus is a printing and mailing solution, that provides services data, database management, data modeling, analysis, telephone append, duplicate elimination, geocoding, design,  advertisements, business cards, websites, emails, print, commercial sheetfed, and web printing, wide format printing, full-color variable data printing, mail, presorting and barcoding, mailroom fulfillment, statement processing, postal optimization, web, web design and maintenance, email marketing, search engine optimization and marketing (SEO and SEM), web hosting.","President at Presort Plus, Inc.",
Eddie,Hill,Eddie Hill,eddie@prosperousim.com,VALID,Owner,1 Owner/Founder/CEO,Prosperous I.M. Inc.,prosperousim.com,SEO/AEO,11,"Pensacola, Florida, United States","Pensacola, Florida, United States",https://www.linkedin.com/in/eddie-hill-4b096466,https://www.linkedin.com/company/prosperous-i-m-inc-,"Digital Marketing Agency offers search engine marketing, SEO, pay-per-click marketing, social media marketing, & reputation marketing. web development & design.",Owner at Prosperous I.M. Inc.,
Terrie,Wheeler,Terrie Wheeler,twheeler@psm-marketing.com,VALID,Founder and President,1 Owner/Founder/CEO,PSM Marketing,psm-marketing.com,SEO/AEO,14,"St. Paul, Minnesota, United States","Rush City, Minnesota, United States",https://www.linkedin.com/in/terriewheeler,https://www.linkedin.com/company/psm-marketing-llc,"PSM Marketing is a full-service marketing agency specializing in SEO, Web Design and Development, and Strategy for small businesses + non-profits.",Strategic Marketing Planning | Outsourced Marketing | Marketing Coaching | Founder of PSM Marketing,
Gregory,Rosen,Gregory Rosen,grosen@rampuptech.com,VALID,Owner - President,1 Owner/Founder/CEO,RAMPUP Technology,rampuptech.com,SEO/AEO,14,"New York, New York, United States","New York, New York, United States",https://www.linkedin.com/in/rosengregory,https://www.linkedin.com/company/ramp-up-technology,"SEO H2O is a marketing and advertising company, offering web design and development, SEO, and search engine marketing services.","President at RAMPUP Technology — providing IT Solutions, Services, and Support in the New York",
Richard,Rapp,Richard Rapp,rrapp@rappadvertising.com,VALID,President,1 Owner/Founder/CEO,"Rapp Advertising, Inc.",rappadvertising.com,SEO/AEO,12,"Morristown, New Jersey, United States",United States,https://www.linkedin.com/in/richard-rapp-5054a71a,https://www.linkedin.com/company/rappadvertising,"Rapp Advertising is an industrial marketing and PR agency helping B2B manufacturers and technical firms grow through expert copywriting, SEO, web development, and lead generation.","President, Rapp Advertising Inc",
Jason,Dambrauskas,Jason Dambrauskas,jason@ascentus.com,VALID,Founder,1 Owner/Founder/CEO,Recovery Worldwide,ascentus.com,SEO/AEO,12,"Orlando, Florida, United States","Orlando, Florida, United States",https://www.linkedin.com/in/jason-dambrauskas-41656262,https://www.linkedin.com/company/recovery-worldwide,"Recovery Worldwide specializes in digital marketing with a focus on the healthcare sector. The company offers a range of services including branding, graphic design, UI/UX, and web development. With a creative team dedicated to managing the visual representation of brands, Recovery Worldwide aims to enhance online presence and engagement for its clients. The company also emphasizes SEO and features a platform for addiction recovery, showcasing its commitment to supporting health and wellness initiatives. Recovery Worldwide tailors its services to meet the unique needs of each client, ensuring effective and targeted marketing strategies.",Founder at Recovery Worldwide,
Spencer,Bunting,Spencer Bunting,spencer@redsharkdigital.com,VALID,Chief Executive Officer (CEO),1 Owner/Founder/CEO,Red Shark Digital,redsharkdigital.com,SEO/AEO,19,"Greenville, North Carolina, United States","Greenville, North Carolina, United States",https://www.linkedin.com/in/spencer-bunting-24185299,https://www.linkedin.com/company/redsharkdigital,"Red Shark Digital is the leading digital marketing agency based in North Carolina. Specializing in Webflow development and SEO services, we work for your business.",Marketing Agency Executive | Award-Winning Website Designer | Webflow Expert &  Partner | SEO Wizard,
Jeremy,Thompson,Jeremy Thompson,jeremy@robertson.partners,VALID,President,1 Owner/Founder/CEO,Robertson+Partners,robertson.partners,SEO/AEO,16,"Las Vegas, Nevada, United States","Las Vegas, Nevada, United States",https://www.linkedin.com/in/jeremybrianthompson,https://www.linkedin.com/company/robertson-nv,"Robertson is a Las Vegas-based advertising agency offering digital, interactive, SEO, print, web and design with a long history of success.",President at Robertson+Partners,
Eric,Meinen,Eric Meinen,eric@robintek.com,VALID,President,1 Owner/Founder/CEO,Robintek,robintek.com,SEO/AEO,12,"Westerville, Ohio, United States","Columbus, Ohio, United States",https://www.linkedin.com/in/emeinen,https://www.linkedin.com/company/robintek,"Columbus Ohio web design, development, and digital marketing agency. We specialize in SEO, custom websites, graphic design, and branding.",President,
Joshua,Ruskin,Joshua Ruskin,joshua@ruskinconsulting.com,VALID,Owner/CEO,1 Owner/Founder/CEO,Ruskin Consulting,ruskinconsulting.com,SEO/AEO,12,"Mill Valley, California, United States","San Francisco, California, United States",https://www.linkedin.com/in/joshuaruskin,https://www.linkedin.com/company/ruskin-consulting,"Built for small businesses and marketing agencies. We offer pay-per-click advertising, search engine optimization, WordPress web design and development.",Founder & CEO of Ruskin Consulting | White-Label Marketing & Web Design for Agencies,
Sam,Kessenich,Sam Kessenich,sam@rytechllc.com,VALID,President,1 Owner/Founder/CEO,"RYTECH, LLC",rytechllc.com,SEO/AEO,27,"La Grange, Illinois, United States","Milwaukee, Wisconsin, United States",https://www.linkedin.com/in/sam-kessenich-92399862,https://www.linkedin.com/company/rytechllc,"RyTech provides digital marketing services -- search engine marketing, social media management, web development and design -- to companies of all industries.","President at RyTech, LLC | Partnering with businesses to reach and surpass goals with award winning marketing solutions.",
Frank,Olivo,Frank Olivo,frank@sagapixel.com,VALID,Founder & CEO,1 Owner/Founder/CEO,Sagapixel,sagapixel.com,SEO/AEO,26,"Cherry Hill Mall, New Jersey, United States","Cherry Hill Mall, New Jersey, United States",https://www.linkedin.com/in/olivofrank,https://www.linkedin.com/company/12khz-seo-web-design-ppc,"Sagapixel is an SEO and web design firm with offices in Cherry Hill, NJ and Philadelphia, PA",CEO @ Sagapixel | Digital Marketing for Healthcare Providers,
Alyssa,Ege,Alyssa Ege,alyssa@sailawaymedia.com,VALID,Founder & CEO,1 Owner/Founder/CEO,Sail Away Media,sailawaymedia.com,SEO/AEO,17,"Boynton Beach, Florida, United States","Delray Beach, Florida, United States",https://www.linkedin.com/in/alyssaege,https://www.linkedin.com/company/sail-away-media,"We use Facebook ads to help business owners grow their revenue so they can spend more time doing what they love. The first step is building out a proper lead generation funnel to run on Facebook. We have tested and validated funnels that we know work to bring in new leads and customers. The next step is to roll out the ads. If your business is relying on SEO, growth is going to take a long time. We target your local audience using Facebook and Instagram ads, send them to your funnel, and watch the leads pour in. We also implement automated chat or messenger bots to step up your marketing game either further. People prefer to use messaging apps to communicate. We incorporate automated messenger sequences into your funnel to capture leads who would prefer to chat. We make things really simple for you by taking all your marketing needs off your hands. You know exactly how many leads are coming in through your ads. No more guesswork.","Founder at Sail Away Media | Social & TikTok Agency | TikTok Ads, TikTok Shop, Meta Ads",
Jeff,Cooper,Jeff Cooper,jeff@saltbox.solutions,VALID,Founder & President,1 Owner/Founder/CEO,Saltbox Solutions,saltbox.solutions,SEO/AEO,13,"Raleigh, North Carolina, United States","Raleigh, North Carolina, United States",https://www.linkedin.com/in/jcooper-saltbox,https://www.linkedin.com/company/saltbox-solutions,"Saltbox Solutions is an advertising agency. They provide pay per click advertising, search engine optimization, and web analytics solutions services. They focus on client education and transparency around data, tools, and tactics.",,
Steffanie,Gillrie,Steffanie Gillrie,steffanie@savvydealer.com,VALID,Co-Owner and Adviser,1 Owner/Founder/CEO,Savvy DEALER,savvydealer.com,SEO/AEO,14,"Tampa, Florida, United States","Odessa, Florida, United States",https://www.linkedin.com/in/steffanie-gillrie-ab543618,https://www.linkedin.com/company/savvy-dealer,"Savvy DEALER specializes in digital marketing solutions tailored for the automotive industry. The company focuses on creating strategies that help automotive dealers, both franchised and independent, to effectively capture and convert leads. By analyzing and countering the strategies of competitors, Savvy DEALER aims to enhance the online presence of its clients. The services include custom website development, ensuring compatibility and optimization for search engines, and catering to the specific needs of customers, dealers, and manufacturers. With a commitment to providing personalized solutions, Savvy DEALER leverages technology to meet the unique demands of the automotive market.",Co-Owner of Savvy DEALER,
Marc,Brookland,Marc Brookland,marc@seolocale.com,VALID,Founder & CEO,1 Owner/Founder/CEO,SEO Locale,seolocale.com,SEO/AEO,13,"Montgomeryville, Pennsylvania, United States","Philadelphia, Pennsylvania, United States",https://www.linkedin.com/in/marcbrookland,https://www.linkedin.com/company/seolocalellc,SEO Locale is the best digital marketing agency in the Greater Philadelphia area. Nominated for Best & Top SEO Agency in Philadelphia. We're proud to offer Search Engine Optimization services in Philly. Visit our award winning SEO company & services in Philadelphia.,"Founder, helping brands beat the search engines.",
Damon,Burton,Damon Burton,damon@seonational.com,VALID,President,1 Owner/Founder/CEO,SEO National,seonational.com,SEO/AEO,22,"Utah, United States","Salt Lake City, Utah, United States",https://www.linkedin.com/in/damonburton,https://www.linkedin.com/company/seo-national,"National SEO company for transparent search engine optimization. Clients include Tony Robbins, Russell Brunson, Rockwell Watches & Utah Jazz Team Store.","Husband, father, SEO agency to Tony Robbins & Russell Brunson. 👉🏻 Free traffic @ FreeSEObook.com, written from 18 years as SEO agency owner.",
Jeremiah,Weilert,Jeremiah Weilert,jw@seotuners.com,VALID,President,1 Owner/Founder/CEO,SeoTuners,seotuners.com,SEO/AEO,22,"Thousand Oaks, California, United States","Eagle, Idaho, United States",https://www.linkedin.com/in/jeremiah-weilert,https://www.linkedin.com/company/seotuners,SEOTuners- An award-winning affordable SEO agency in LA offering elite SEO services and consistently delivering top online marketing results. Improve Efficiency and Increase ROI. Get started now!,President at SeoTuners,
Ana Maria,Raynes,Ana Maria Raynes,a.raynes@simplifiedimpact.com,VALID,Business Owner,1 Owner/Founder/CEO,Simplified Impact,simplifiedimpact.com,SEO/AEO,11,"Rhode Island, United States","Newport, Rhode Island, United States",https://www.linkedin.com/in/anamariaraynes,https://www.linkedin.com/company/simplified-impact,"Boost your business with SEO and digital marketing. Drive traffic, leads, and sales with data-driven strategies from Simplified Impact!","Driving scalable growth through data, strategy, and performance marketing | CEO of Simplified Impact",
Sunaina,Gagneja,Sunaina Gagneja,sunainagagneja@skavatar.com,VALID,President & CEO,1 Owner/Founder/CEO,SKAVATAR,skavatar.com,SEO/AEO,16,"Littleton, Colorado, United States","Castle Rock, Colorado, United States",https://www.linkedin.com/in/sunaina-gagneja-1a2b86110,https://www.linkedin.com/company/skavatar,"Skavatar is a digital agency that provides Search Engine Optimization, Responsive Web Design, and Pay-per-click Management.","Co-founder, President, and CEO",
Kim,Cunningham,Kim Cunningham,kim@skigital.com,VALID,Chief Executive Officer,1 Owner/Founder/CEO,Skigital LLC,skigital.com,SEO/AEO,15,"West Chester, Pennsylvania, United States","West Chester, Pennsylvania, United States",https://www.linkedin.com/in/kim-cunningham-12b24329,https://www.linkedin.com/company/skigital,"Skigital is a West Chester, PA marketing agency that you can trust; providing strategy, branding, content, website design, SEO and lead generation, serving West Chester, Chester County, PA, DE, NJ and surrounding areas.",Chief Executive Officer at Skigital LLC,
Karl,Boehm,Karl Boehm,karl@spiralmarketing.com,VALID,Agency CEO & Founder,1 Owner/Founder/CEO,Spiral Marketing,spiralmarketing.com,SEO/AEO,12,"Arlington, Virginia, United States","Arlington, Virginia, United States",https://www.linkedin.com/in/karlboehm,https://www.linkedin.com/company/spiralmarketing,"Spiral Marketing is an advertising company that provides funnel management, SEO, digital marketing and social media management services.","Senior Digital Growth Strategist & Enrollment Marketing Expert | Private Schools, Trade Associations, B2B & Events | Marketing Agency Executive | Driving Success for Purpose-Driven Organizations",
Nathan,Robertson,Nathan Robertson,nathan@spottedfoxdigital.com,VALID,Chief Executive Officer,1 Owner/Founder/CEO,Spotted Fox Digital Marketing,spottedfoxdigital.com,SEO/AEO,11,"Kennewick, Washington, United States","Kennewick, Washington, United States",https://www.linkedin.com/in/nathan-robertson-8b748865,https://www.linkedin.com/company/spottedfoxdigital,"Spotted Fox Digital Marketing offers top-rated web design, SEO, video, social media & ads. Call 509-792-3283, your partner for online business growth.",CEO of Spotted Fox Digital | Growth Marketing | Digital Marketing | Marketing Strategy | Video Production | Website Design,
Brad,Sappenfield,Brad Sappenfield,brad@spottedfoxdigital.com,VALID,"COO, President",1 Owner/Founder/CEO,Spotted Fox Digital Marketing,spottedfoxdigital.com,SEO/AEO,11,"Kennewick, Washington, United States","Kennewick, Washington, United States",https://www.linkedin.com/in/anotherbradidea,https://www.linkedin.com/company/spottedfoxdigital,"Spotted Fox Digital Marketing offers top-rated web design, SEO, video, social media & ads. Call 509-792-3283, your partner for online business growth.",Integrator / COO / EOS Integrator Masterclass Graduate,
Neil,Burtt,Neil Burtt,neil@sproutforbusiness.com,VALID,Owner/Chief Operating Officer,1 Owner/Founder/CEO,Sprout for Business,sproutforbusiness.com,SEO/AEO,10,"Concord, New Hampshire, United States","Derry, New Hampshire, United States",https://www.linkedin.com/in/neilburtt,https://www.linkedin.com/company/sproutbusiness,"Sprout For Business, based in New Hampshire, designs custom websites that rank in Google and AI search (GEO). We help businesses across the USA grow with web design, SEO, content, and support. Grow Your Online Presence with Sprout.",Owner/Chief Operating Officer at Sprout for Business,
Molly,Rice,Molly Rice,mrice@spyglasscreative.com,VALID,"CEO, President, Founding Partner | Brand Strategy, Marketing, Positioning, Identity, Differentiation",1 Owner/Founder/CEO,Spyglass,spyglasscreative.com,SEO/AEO,23,"Minneapolis, Minnesota, United States","Minneapolis, Minnesota, United States",https://www.linkedin.com/in/mollyricespyglass,https://www.linkedin.com/company/spyglass-brand-marketing,"Spyglass is a strategic brand consultancy that partners with courageous leaders to solve mission-critical brand and marketing challenges. They focus on naming and corporate identity, web, and mobile design development, sales tools integrated with target marketing, user experience design implementation, and search engine optimization.","CEO, President and Founding Partner at Spyglass ● Brand Marketing ● Corporate Branding, Strategy + Positioning",
Adam,Benjamin,Adam Benjamin,adam@wearestarke.com,VALID,Chief Executive Officer,1 Owner/Founder/CEO,Starke Marketing,wearestarke.com,SEO/AEO,13,"South Pasadena, California, United States","Pasadena, California, United States",https://www.linkedin.com/in/adamcbenjamin,https://www.linkedin.com/company/starke-marketing,"We specialize in Website Design, SEO, Social Media Marketing, Email Marketing, Lead Generation and E-Commerce. We take businesses from good to great.",CEO of Starke Marketing.,
Lindsay,Coats,Lindsay Coats,lindsay@stellaredgegroup.com,VALID,Owner / Marketing Strategist,1 Owner/Founder/CEO,Stellar Edge Marketing Group,stellaredgegroup.com,SEO/AEO,14,"Algonquin, Illinois, United States","Gilberts, Illinois, United States",https://www.linkedin.com/in/lindsaycoats,https://www.linkedin.com/company/stellar-edge-pr,"Stellar Edge Marketing Group is a marketing firm that offers web and graphic design, social media management, SEO, and consulting services.",Owner @ Stellar Edge Marketing Group | Helping companies strengthen their brand and build visibility through digital and traditional marketing,
Sin,Van V,Sin Van V,sin@stellaredgegroup.com,VALID,Owner/Marketing Strategist,1 Owner/Founder/CEO,Stellar Edge Marketing Group,stellaredgegroup.com,SEO/AEO,14,"Algonquin, Illinois, United States","Algonquin, Illinois, United States",https://www.linkedin.com/in/sinvanv,https://www.linkedin.com/company/stellar-edge-pr,"Stellar Edge Marketing Group is a marketing firm that offers web and graphic design, social media management, SEO, and consulting services.",Marketing Maven | Creative Disruptor | Vibe Curator,
Brett,Baridon,Brett Baridon,brett.baridon@sullivanperkins.com,VALID,President and CEO,1 Owner/Founder/CEO,SullivanPerkins,sullivanperkins.com,SEO/AEO,13,"Dallas, Texas, United States","Dallas, Texas, United States",https://www.linkedin.com/in/brett-baridon-83397822,https://www.linkedin.com/company/sullivanperkins,"SullivanPerkins is a design company that offers advertising, social media, packaging services, web design, SEO and digital marketing.",President and CEO at SullivanPerkins,
Paul,Benson,Paul Benson,paul@synapsesem.com,VALID,Co-Founder,1 Owner/Founder/CEO,Synapse,synapsesem.com,SEO/AEO,22,"Boston, Massachusetts, United States","Boston, Massachusetts, United States",https://www.linkedin.com/in/paulbenson,https://www.linkedin.com/company/synapse-sem,"Synapse SEM is a search engine marketing firm specializing in paid search advertising, SEO, content marketing and conversion optimization.",Co-Founder @ Synapse | Tech and Analytics-Driven Performance Marketing Agency | 20+ Years Helping Clients Scale,
Michael,David,Michael David,michael@tastyplacement.com,VALID,Chief Executive (CEO),1 Owner/Founder/CEO,TastyPlacement,tastyplacement.com,SEO/AEO,11,"Austin, Texas, United States","Austin, Texas, United States",https://www.linkedin.com/in/michaeldavidspadaccini,https://www.linkedin.com/company/tastyplacement.com,"We are a website design, search marketing, and WordPress development shop. We pride ourselves on being the best, top-rated search and design firm in the Austin, Texas region. Sure, we work nationwide, but we have a strong affinity for our local clients. From WordPress to SEO to mobile web, we want to be your marketing company.","Author and SEO/Search Strategist | 17-Year Veteran of the SEO Industry | We Simplify Google & the Web to Bring More Customers to Your Business, Ask Me How",
Kevin,King,Kevin King,kevin@tenspeed.io,VALID,Co-Founder & Chief Strategy Officer,1 Owner/Founder/CEO,Ten Speed,tenspeed.io,SEO/AEO,26,"Chicago, Illinois, United States","Chicago, Illinois, United States",https://www.linkedin.com/in/kevin-king-marketer,https://www.linkedin.com/company/tenspeed,"Skip the trial & error of organic growth and work with Ten Speed, a leading agency for SEO & content marketing services for B2B and SaaS companies.","Scaling B2B growth w/ content, SEO & AI search | Co-Founder & CSO @ tenspeed.io",
Nate,Turner,Nate Turner,nate@tenspeed.io,VALID,Co-Founder & CEO,1 Owner/Founder/CEO,Ten Speed,tenspeed.io,SEO/AEO,26,"Chicago, Illinois, United States","Chicago, Illinois, United States",https://www.linkedin.com/in/nateturner1,https://www.linkedin.com/company/tenspeed,"Skip the trial & error of organic growth and work with Ten Speed, a leading agency for SEO & content marketing services for B2B and SaaS companies.","Growing revenue w/ organic growth marketing | CEO @ tenspeed.io | Ex-Sprout Social (IPO) | Startup Advisor (Bitly, HelpScout, Teamwork.com, Zylo)",
Michelle,Camacho,Michelle Camacho,michelle@theautoadagency.com,VALID,President,1 Owner/Founder/CEO,The Automotive Advertising Agency,theautoadagency.com,SEO/AEO,22,"Austin, Texas, United States","Austin, Texas, United States",https://www.linkedin.com/in/michelle-camacho-9a748b2,https://www.linkedin.com/company/the-automotive-advertising-agency,"Drive more sales with our full-service automotive advertising agency. From SEO and PPC to social media and video production, we help car dealerships grow!",President at The Automotive Advertising Agency,
Kelley,Bassett,Kelley Bassett,kelley@diamond-group.co,VALID,President,1 Owner/Founder/CEO,The Diamond Group,diamond-group.co,SEO/AEO,15,"Wilmington, North Carolina, United States","Wilmington, North Carolina, United States",https://www.linkedin.com/in/kelleybassett,https://www.linkedin.com/company/thediamondgroupagency,"The Diamond Group, web design, SEO, digital marketing, social media management, HubSpot partner. 27+ years driving growth in small business. 910-672-6000.",President of The Diamond Group & HubSpot Specialist,
Vince,Breuning,Vince Breuning,vince@thedigitalintellect.com,VALID,Co-Founder & Chief Marketing Officer,1 Owner/Founder/CEO,The Digital Intellect,thedigitalintellect.com,SEO/AEO,28,"West Palm Beach, Florida, United States","West Palm Beach, Florida, United States",https://www.linkedin.com/in/vince-breuning-0496046b,https://www.linkedin.com/company/the-digital-intellect,"The Digital Intellect - South Florida SEO and internet marketing agency. Advanced search engine optimization and website design in West Palm Beach, Florida.","The Digital Intellect | Web Design, SEO, Digital Marketing",
Adam,Kavalauskas,Adam Kavalauskas,adam@thegratzi.com,VALID,Founder,1 Owner/Founder/CEO,"The Gratzi, Inc.",thegratzi.com,SEO/AEO,16,"Kenosha, Wisconsin, United States","Kenosha, Wisconsin, United States",https://www.linkedin.com/in/adam-kavalauskas,https://www.linkedin.com/company/thegratzi,"The Gratzi, Inc. offers a suite of digital marketing services, including SEO and Web design, that can help your Kenosha business grow!",Local Entrepreneur + Fun + Energy + Different = :),
Karen,McNeill,Karen McNeill,karen@thespectrumservicesgroup.com,VALID,Owner,1 Owner/Founder/CEO,The Spectrum Services Group,thespectrumservicesgroup.com,SEO/AEO,11,United States,"Fort Collins, Colorado, United States",https://www.linkedin.com/in/karenmcneill,https://www.linkedin.com/company/the-spectrum-services-group,"The Spectrum Services Group provides content, SEO, lead generation, and email marketing services.",,
Mat,Threadgill,Mat Threadgill,mat@threadgillagency.com,VALID,President,1 Owner/Founder/CEO,"The Threadgill Agency, LLC",threadgillagency.com,SEO/AEO,17,"Dallas, Texas, United States","Dallas, Texas, United States",https://www.linkedin.com/in/matthreadgill,https://www.linkedin.com/company/the-threadgill-agency-llc,"The Threadgill Agency is a digital marketing company. They offer various services such as digital strategy, search marketing, PPC, search engine optimization, paid social media, content marketing, customer engagement, web development, tracking, and reporting.",The Threadgill Agency - Strategic Digital Marketing,
John,Lancaster,John Lancaster,john@thethinktankmedia.com,VALID,President,1 Owner/Founder/CEO,Think Tank Media,thethinktankmedia.com,SEO/AEO,25,"Gadsden, Alabama, United States","Gadsden, Alabama, United States",https://www.linkedin.com/in/john-lancaster-95ab77168,https://www.linkedin.com/company/the-think-tank-media,"Think Tank Media is a digital marketing agency that provides SEO, site targeting, and social media marketing services.","Connecting you to potential customers, patients, or clients right now",
Sean,Allen,Sean Allen,sean@digitalmarketingcompany.com,VALID,Founder & CEO,1 Owner/Founder/CEO,Twelve Three Media,digitalmarketingcompany.com,SEO/AEO,22,"Golden, Colorado, United States","Denver, Colorado, United States",https://www.linkedin.com/in/seanallen007,https://www.linkedin.com/company/twelve-three-media,"Twelve Three Media is a Digital Marketing Company offering Web Design, SEO, Social Media & Paid Media. No Sales Pitch. Just Fresh Ideas. 📞",I’M ON A MISSION TO CHANGE THINGS • Let’s join marketing and sales together (instead of silos) Let’s create campaigns that actually generate revenue! Let’s do things that could drive impact that you’re not considering,
Gil,Datz,Gil Datz,gil@uzu-media.com,VALID,Founder + CEO - UZU Media -  SEO + Digital Marketing Consultant,1 Owner/Founder/CEO,UZU Media,uzu-media.com,SEO/AEO,17,"Colorado Springs, Colorado, United States","Colorado Springs, Colorado, United States",https://www.linkedin.com/in/gildatz,https://www.linkedin.com/company/uzu-media-llc-,"UZU Media offers branding, advertising, SEO, SEM, video production, social media marketing, consulting, web, and graphic design services.",Founder + CEO - UZU Media -  SEO + Digital Marketing Consultant,
Natalie,Henley,Natalie Henley,nhenley@v9digital.com,VALID,CEO,1 Owner/Founder/CEO,Volume Nine,v9digital.com,SEO/AEO,25,"Denver, Colorado, United States","Denver, Colorado, United States",https://www.linkedin.com/in/optimization,https://www.linkedin.com/company/volume-9-inc,"Ready to build a steady stream of traffic and new customers through digital marketing? We've helped hundreds of businesses turn up their revenue - now, it's your opportunity to grow.",CEO & Owner - Volume Nine Digital Marketing  | Digital Marketing Speaker | SEO & Content Marketing Expert | Social Media Expert,
Brian,Lawson,Brian Lawson,blawson@web-mo.com,VALID,Co Founder/ CEO,1 Owner/Founder/CEO,WebMO,web-mo.com,SEO/AEO,28,"Tucson, Arizona, United States","Tucson, Arizona, United States",https://www.linkedin.com/in/brian-lawson-1416899,https://www.linkedin.com/company/web-mo,"Google Partner - WebMO is a Google Partner that provides SEO, pay per click management, social media management and display advertising. 520-623-9971","CEO, Co founder at WebMO",
Chet,Hall,Chet Hall,chet@wickfire.com,VALID,CEO and Founder,1 Owner/Founder/CEO,Wickfire,wickfire.com,SEO/AEO,15,"Austin, Texas, United States","Austin, Texas, United States",https://www.linkedin.com/in/hallchet,https://www.linkedin.com/company/wickfire,"Operator of an online search engine portal intended to provide socially integrated Internet products at a discounted price. The company's search engine portal specializes in pay-for-performance marketing for online brands through reducing traffic and increasing the visibility of brands in search engine result pages, providing brand discounts by linking the brands to the coupon sites and facilitating brand reputation and reviews, enabling brands to increase their revenue by reducing traffic and customers to search for their brands at a discounted price.",Founder and CEO at Wickfire,
Melissa,Wiideman,Melissa Wiideman,mwiideman@wiideman.com,VALID,Co-Founder,1 Owner/Founder/CEO,Wiideman Consulting Group,wiideman.com,SEO/AEO,15,"La Mirada, California, United States","La Mirada, California, United States",https://www.linkedin.com/in/melissa-wiideman-69984840,https://www.linkedin.com/company/wiideman,"We offer high-end search engine optimization strategy, consulting, training and guidance, with core competencies in multi-location and e-commerce SEO & SEM.",Co-Founder at Wiideman Consulting Group,
Charlie,Meyers,Charlie Meyers,charlie@wris.com,VALID,President,1 Owner/Founder/CEO,WRIS Web Services,wris.com,SEO/AEO,14,"Chagrin Falls, Ohio, United States","Cleveland, Ohio, United States",https://www.linkedin.com/in/charlie-meyers-4184672a,https://www.linkedin.com/company/wris-web-services,"WRIS Web Services is an established comprehensive web services firm providing the full spectrum of web related products and services.    Our services include web design and development, hosting, search engine optimization, industrial internet marketing, online advertising and social media. Founded in 1996, we are based in Cleveland, Ohio.",President at WRIS Web Services,
Darwin,Liu,Darwin Liu,darwin@xagency.com,VALID,CEO,1 Owner/Founder/CEO,X Agency,xagency.com,SEO/AEO,22,"Lynnfield, Massachusetts, United States","Boston, Massachusetts, United States",https://www.linkedin.com/in/darwinliu,https://www.linkedin.com/company/x-agency-boston,"X Agency provides SEO, search engine marketing, email marketing, remarketing, paid social, and analytics rehabilitation services.",CEO at X Agency,
Jason,Khoo,Jason Khoo,jason@zupo.co,VALID,Founder & CEO,1 Owner/Founder/CEO,Zupo,zupo.co,SEO/AEO,10,"Anaheim, California, United States","Brooklyn, New York, United States",https://www.linkedin.com/in/jasonjkhoo,https://www.linkedin.com/company/zupo,Zupo is a B2B SEO Agency that delivers customized & unique B2B SEO strategies for each client and business,Founder at Zupo,
Tristan,Adlawan,Tristan Adlawan,tristan@techyscouts.com,VALID,CTO / Co-Founder,1 Owner/Founder/CEO,// TECHYSCOUTS,techyscouts.com,Other marketing agency,19,"Los Angeles, California, United States","Los Angeles, California, United States",https://www.linkedin.com/in/tristan-adlawan-89901833,https://www.linkedin.com/company/techyscouts,TECHYSCOUTS is a creative agency that specializes in designing and developing websites for brands.,CTO / Co-Founder at // TECHYSCOUTS,
Jaret,Cohen,Jaret Cohen,jaret@techyscouts.com,VALID,CEO // Co-Founder,1 Owner/Founder/CEO,// TECHYSCOUTS,techyscouts.com,Other marketing agency,19,"Los Angeles, California, United States","Los Angeles, California, United States",https://www.linkedin.com/in/jaretcohen,https://www.linkedin.com/company/techyscouts,TECHYSCOUTS is a creative agency that specializes in designing and developing websites for brands.,"Hand-Crafted Websites and Digital Marketing for Local Businesses & Ecomm Brands I 13+ Years, 500+ Happy Clients I On-Call US-Based Support, Maintenance & ADA Compliance I //TECHYSCOUTS Co-Founder",
Brian,Boero,Brian Boero,brian@1000watt.net,VALID,Co-Founder,1 Owner/Founder/CEO,1000WATT,1000watt.net,Other marketing agency,17,"Portland, Oregon, United States","Oakland, California, United States",https://www.linkedin.com/in/bboero,https://www.linkedin.com/company/1000watt,"1000watt is a marketing & advertising agency that provides designs, branding, digital design, industry advisory services.",Co-Founder at 1000WATT,
Natasha,Jones,Natasha Jones,natasha@1000watt.net,VALID,President,1 Owner/Founder/CEO,1000WATT,1000watt.net,Other marketing agency,17,"Portland, Oregon, United States","Portland, Oregon, United States",https://www.linkedin.com/in/natasha-jones-05433372,https://www.linkedin.com/company/1000watt,"1000watt is a marketing & advertising agency that provides designs, branding, digital design, industry advisory services.",President at 1000watt,
Joe,Warner,Joe Warner,joe@2010solutions.com,VALID,Founder,1 Owner/Founder/CEO,20/10 Solutions,2010solutions.com,Other marketing agency,20,"West Chester, Pennsylvania, United States","West Chester, Pennsylvania, United States",https://www.linkedin.com/in/jpwarner,https://www.linkedin.com/company/20-10-solutions,"Full-service marketing agency delivering strategic, data-driven campaigns to help your business grow smarter and faster. Located in the Philadelphia region.","Founder and CEO, 20/10 Solutions",
Dustin,Rivest,Dustin Rivest,dustin@223agency.com,VALID,CEO,1 Owner/Founder/CEO,223 | Agency,223agency.com,Other marketing agency,18,"Tallahassee, Florida, United States","Tallahassee Metropolitan Area, United States",https://www.linkedin.com/in/dustin-rivest-41aa6018b,https://www.linkedin.com/company/mobile-app-innovations,"223 Agency is a consulting firm that offers digital marketing, app development, website design and other marketing services.",,
Alessandra,Bottini,Alessandra Bottini,abottini@270b.com,VALID,CEO - Latam,1 Owner/Founder/CEO,270B,270b.com,Other marketing agency,28,"Plano, Texas, United States","Plano, Texas, United States",https://www.linkedin.com/in/alessandra-bottini,https://www.linkedin.com/company/270b,"270B is a digital agency that offers a spectrum of solutions in digital, creative, video, photography, and social media to solve challenges.",Latam CEO @ 270B | Innovative & Technological Advertising | Digital Disruption & Brand Growth | Transforming Brands with Cutting-Edge Strategies,
Kristian,Bottini,Kristian Bottini,kbottini@270b.com,VALID,Chief Executive Officer,1 Owner/Founder/CEO,270B,270b.com,Other marketing agency,28,"Plano, Texas, United States","Frisco, Texas, United States",https://www.linkedin.com/in/kristianbottini,https://www.linkedin.com/company/270b,"270B is a digital agency that offers a spectrum of solutions in digital, creative, video, photography, and social media to solve challenges.","As CEO and Founder of 270B, I spearhead an international team focused on solving complex business challenges through innovative marketing and advanced technology, driving impactful growth.",
Karen,Cunningham,Karen Cunningham,karen@3madfish.com,VALID,Co-Founder & Partner,1 Owner/Founder/CEO,3 Mad Fish,3madfish.com,Other marketing agency,12,"New York, United States","Los Angeles, California, United States",https://www.linkedin.com/in/karen-cunningham-37011bba,https://www.linkedin.com/company/3-mad-fish,"3 Mad Fish solves the most difficult marketing problems by creating a more meaningful connection with your consumers. Built on human-centered design, 3 Mad Fish is a full-service agency that thinks like an innovation company. We make consumers an inherent part of the process by using rapid prototyping to continually experiment, learn and iterate. With real-time feedback on their needs and desires, we get to work that instinctively drives consumers toward your brand.",Co-Founder & Partner at 3 Mad Fish Advertising Agency,
Torrey,Plank,Torrey Plank,torrey@3madfish.com,VALID,"Co-Founder & Partner, 3 Mad Fish",1 Owner/Founder/CEO,3 Mad Fish,3madfish.com,Other marketing agency,12,"New York, United States","New York, New York, United States",https://www.linkedin.com/in/torrey-plank-a644a642,https://www.linkedin.com/company/3-mad-fish,"3 Mad Fish solves the most difficult marketing problems by creating a more meaningful connection with your consumers. Built on human-centered design, 3 Mad Fish is a full-service agency that thinks like an innovation company. We make consumers an inherent part of the process by using rapid prototyping to continually experiment, learn and iterate. With real-time feedback on their needs and desires, we get to work that instinctively drives consumers toward your brand.","Co-Founder & Partner, 3 Mad Fish",
David,Feldman,David Feldman,david@3owl.agency,VALID,Founder & President,1 Owner/Founder/CEO,3 Owl - A Digital Experience Agency,3owl.agency,Other marketing agency,13,"Atlanta, Georgia, United States","Atlanta, Georgia, United States",https://www.linkedin.com/in/david-feldman-atl,https://www.linkedin.com/company/3owl,"3 Owl is a creative agency that provides web hosting, UX design, digital marketing, software development, and advertising services.",Founder & CEO at 3Owl | Scaling Multi-Unit Brands with Data-Driven Websites & Apps | WSJ/USA Today Bestselling Author | ATL Biz Chronicle 40 Under 40,
James,Domroe,James Domroe,james@325productions.com,VALID,"Owner, CEO",1 Owner/Founder/CEO,325 Productions,325productions.com,Other marketing agency,11,"Syracuse, New York, United States","Rochester, New York, United States",https://www.linkedin.com/in/jamesdomroe,https://www.linkedin.com/company/325productions,"A Content Based Marketing Agency located in Syracuse, NY. Build Brand | Tell Your Story | Stand Out | 325 Productions.",🚀,
Alan,Worley,Alan Worley,alan.worley@3ddigital.com,VALID,President,1 Owner/Founder/CEO,3D Digital Agency,3ddigital.com,Other marketing agency,19,"Jacksonville, Florida, United States","Jacksonville, Florida, United States",https://www.linkedin.com/in/worleyalan,https://www.linkedin.com/company/3d-digital-agency,"3D Digital provides quality video, web design, SEM, blogging, content development, digital marketing strategies and more to Jacksonville, FL.",President/CEO of Money Pages & President of 3D Digital,
Davide,Bolis,Davide Bolis,davide.bolis@4eon.net,VALID,Founder and Ceo,1 Owner/Founder/CEO,4EON Agency,4eon.net,Other marketing agency,16,"Miami, Florida, United States","New York, New York, United States",https://www.linkedin.com/in/davide-bolis,https://www.linkedin.com/company/4eon-agency,"Operator of an experiential marketing agency, 4EON, provides marketing solutions for consumer and business-to-business clients. The entity offers promotional tours, guerilla marketing, sampling activation, event planning and management, team building and incentives, and more. They specialize in creating experiential marketing events for a variety of industries.","CEO at 4EON, Inc",
Ilaria,Cannavacciuolo,Ilaria Cannavacciuolo,ilaria@4eon.net,VALID,President,1 Owner/Founder/CEO,4EON Agency,4eon.net,Other marketing agency,16,"Miami, Florida, United States","New York, New York, United States",https://www.linkedin.com/in/ilaria-cannavacciuolo-8121a74,https://www.linkedin.com/company/4eon-agency,"Operator of an experiential marketing agency, 4EON, provides marketing solutions for consumer and business-to-business clients. The entity offers promotional tours, guerilla marketing, sampling activation, event planning and management, team building and incentives, and more. They specialize in creating experiential marketing events for a variety of industries.",4 Eon Co-founder,
Jason,Hancock,Jason Hancock,jason@961interactive.com,VALID,Founder,1 Owner/Founder/CEO,961 Interactive,961interactive.com,Other marketing agency,18,"Las Vegas, Nevada, United States","Las Vegas, Nevada, United States",https://www.linkedin.com/in/jason-hancock-74454623,https://www.linkedin.com/company/961-interactive,We provide a custom digital marketing strategy built around your business’s unique offerings with a focus on data-driven facts.,961 Interactive,
Zuleyka,Jinks,Zuleyka Jinks,zuleyka@a2zmediagroup.com,VALID,Chief Creative Officer and Co-Founder,1 Owner/Founder/CEO,A2Z Media Group,a2zmediagroup.com,Other marketing agency,14,"Martinez, California, United States","Martinez, California, United States",https://www.linkedin.com/in/zuleyka-jinks-04468a2a,https://www.linkedin.com/company/a2z-media-group,A2Z Media Group is a Full-Service Advertising and Brand Experience Agency,Co-Founder and Partner at A2Z Media Group,
David,Gamboa,David Gamboa,david@a-7-d.com,VALID,President,1 Owner/Founder/CEO,A7D Creative Group INC,a-7-d.com,Other marketing agency,19,"San Diego, California, United States","San Diego, California, United States",https://www.linkedin.com/in/david-gamboa-25754a7,https://www.linkedin.com/company/a7dcreativegroup,"A7D Creative Group specializes in a comprehensive range of services including branding, graphic design, printing (digital and large format), and nationwide installation. The company focuses on creating impactful brand stories and strategic communications that span across digital and print mediums. A7D Creative Group caters to various aspects of marketing and design needs, offering services such as social media marketing, web design, creative direction, packaging design, on-premise and off-premise point of sale (POS) design and printing, and marketing support through graphic design. This holistic approach ensures cohesive and effective brand representation for their clients.","President at A7D Creative Group, Inc.",
Peter,Platt,Peter Platt,pplatt@accountabledigital.com,VALID,President,1 Owner/Founder/CEO,Accountable Digital,accountabledigital.com,Other marketing agency,12,"Rochester, New York, United States","Rochester, New York, United States",https://www.linkedin.com/in/psquared,https://www.linkedin.com/company/accountable-digital,Measure results that matter in digital marketing. Discover the best digital tactics and strategic recommendations for success.,"President @ Accountable Digital, LLC",
Tony,Butrum,Tony Butrum,tbutrum@acgmultimedia.com,VALID,CEO,1 Owner/Founder/CEO,ACG Multimedia,acgmultimedia.com,Other marketing agency,17,"Cincinnati, Ohio, United States","Cincinnati, Ohio, United States",https://www.linkedin.com/in/tony-butrum-6521b77,https://www.linkedin.com/company/acg-multimedia,"ACG creates best-of-breed, award-winning digital content for web, social, and mobile, while helping customers develop a comprehensive content marketing strategy for their brands and solutions.",CEO at ACG Multimedia,
Tom,Jacobs,Tom Jacobs,tjacobs@activentmarketing.com,VALID,Founder and Partner,1 Owner/Founder/CEO,Activent Marketing,activentmarketing.com,Other marketing agency,20,"Raleigh, North Carolina, United States","Raleigh, North Carolina, United States",https://www.linkedin.com/in/thomasjacobs25,https://www.linkedin.com/company/activent-marketing,"Activent Marketing is an event marketing agency that develops and executes event marketing campaigns, sampling tours, and press events.","Founder and Partner, Activent Marketing",
Patrick,Zubrow,Patrick Zubrow,pzubrow@activentmarketing.com,VALID,Founder and Partner,1 Owner/Founder/CEO,Activent Marketing,activentmarketing.com,Other marketing agency,20,"Raleigh, North Carolina, United States","Pittsburgh, Pennsylvania, United States",https://www.linkedin.com/in/patrick-zubrow-31008a12,https://www.linkedin.com/company/activent-marketing,"Activent Marketing is an event marketing agency that develops and executes event marketing campaigns, sampling tours, and press events.",Partner at Activent Marketing,
Tony,Ceresoli II,Tony Ceresoli II,tony@adpartnersagency.com,VALID,Founder & President,1 Owner/Founder/CEO,Ad Partners,adpartnersagency.com,Other marketing agency,19,"Tampa, Florida, United States","Tampa, Florida, United States",https://www.linkedin.com/in/tonyceresoli,https://www.linkedin.com/company/ad-partners,"We help big brands do big things. Vigo Foods. Amscot Financial. RC Cola International. Why do they choose us? We give them big ad agency thinking backed by the personalized service of a smaller, local advertising agency. Who wouldn’t love that?",Founder & President at Ad Partners,
Jay,Dixon,Jay Dixon,jay@adsintelligence.marketing,VALID,Owner,1 Owner/Founder/CEO,AdsIntelligence Marketing,adsintelligence.marketing,Other marketing agency,20,"Annapolis, Maryland, United States","Millersville, Maryland, United States",https://www.linkedin.com/in/jay-dixon-8b59443,https://www.linkedin.com/company/adsintelligence,"AdsIntelligence Marketing, an integrated advertising agency, provides a fresh perspective to marketing strategy & effective marketing plans.",Owner at AdsIntelligence Marketing,
Layne A.,Ryan,Layne A. Ryan,layne@advineagency.com,VALID,President/CEO,1 Owner/Founder/CEO,ADvine,advineagency.com,Other marketing agency,20,"Fresno, California, United States","Fresno, California, United States",https://www.linkedin.com/in/laynearyan,https://www.linkedin.com/company/advineagency,"Full-service marketing & advertising agency in Fresno, CA & Vero Beach, FL. We help businesses tell their story through modern marketing",Marketing Expert.     Brand-Builder.     CEO.   Developer of people.  Staff-Builder.  Trainer.  Startup Enthusiast.  I help business owners and operators tell their unique story through modern marketing.,
Fernando,Godinez,Fernando Godinez,fernando@advisorinternetmarketing.com,VALID,CEO,1 Owner/Founder/CEO,Advisor Internet Marketing,advisorinternetmarketing.com,Other marketing agency,14,"Cortaro, Arizona, United States","Tucson, Arizona, United States",https://www.linkedin.com/in/fernandogodinez,https://www.linkedin.com/company/advisor-internet-marketing,AIM is the first Marketing Organization that specifically helps advisors grow their practice 100% with digital marketing.,Investor - Empowering financial advisors to succeed in the Digital Age,
Amber,Hampshire,Amber Hampshire,ahampshire@afakrause.com,VALID,President & CEO,1 Owner/Founder/CEO,afaKRAUSE,afakrause.com,Other marketing agency,16,"Sandy, Utah, United States","Salt Lake City, Utah, United States",https://www.linkedin.com/in/amberhampshire,https://www.linkedin.com/company/afakrause,"afaKRAUSE is an advertising agency that offers printing solutions, digital media, and social media services.",Owner at afaKrause | Strategic Planning | Brand Strategy | Digital + Traditional Marketing | Driving Business Growth & ROI,
Danny,Mager,Danny Mager,dmager@affirmagency.com,VALID,Owner/President,1 Owner/Founder/CEO,AFFIRM Agency,affirmagency.com,Other marketing agency,26,"Pewaukee, Wisconsin, United States","Milwaukee, Wisconsin, United States",https://www.linkedin.com/in/danny-mager-1012358,https://www.linkedin.com/company/affirm-agency,"Full-service advertising and marketing agency based out of Pewaukee, Wisconsin. We create marketing solutions that change the way people think, feel, and act.","Owner/President @ AFFIRM Agency | Marketing Communications, New Business Development",
Riley,Corr,Riley Corr,rileyc@aisle3agency.com,VALID,Co-Founder & Chief Performance Officer,1 Owner/Founder/CEO,Aisle3,aisle3.com,Other marketing agency,26,"New York, New York, United States","Seattle, Washington, United States",https://www.linkedin.com/in/riley-corr-83081799,https://www.linkedin.com/company/aisle3,"Aisle3 provides e-commerce, analytics, and brand-building strategies for amazon marketplace vendors and sellers. Their advertising services are pay-per-click (PPC), online video, promotions, coupons, and lightning deals. They provide brand awareness or launching client business on Amazon, new product launches to increase ROAS, or Amazon inventory and fulfillment management, their Amazon team provides customized solutions clients need to be effective.","CPO, Aisle3 | Amazon agency for Caraway, Away, Lalo, Branch, Cozy Earth and more | Inc. 5000 | Adweek Fastest Growing Agency",
Roxanne,Alaniz,Roxanne Alaniz,roxanne@alanizmarketing.com,VALID,Founder and CEO,1 Owner/Founder/CEO,Alaniz Marketing,alanizmarketing.com,Other marketing agency,20,"Novato, California, United States","Novato, California, United States",https://www.linkedin.com/in/roxannealaniz,https://www.linkedin.com/company/alaniz-marketing,Alaniz Marketing is a multi-channel marketing agency that helps businesses generate more leads and sales revenue across all marketing channels. Ready. Set. Grow!,Advancing Innovation in Healthcare and Clinical Research ➤ Helping Healthcare Organizations Strengthen Engagement ➤ Digital Marketing Agency Founder,
David,Martin,David Martin,dmartin@allegianceus.com,VALID,President & CEO,1 Owner/Founder/CEO,Allegiance Consulting Group,allegianceus.com,Other marketing agency,26,"Little Rock, Arkansas, United States","Little Rock, Arkansas, United States",https://www.linkedin.com/in/davidmartinus,https://www.linkedin.com/company/allegianceus,"Allegiance Consulting Group is an advertising agency that offers graphic and web design, market research, media relations, and PR services.",CEO ALLEGIANCE,
Ben,Trevizo,Ben Trevizo,ben@altamediapartners.com,VALID,Founder & President,1 Owner/Founder/CEO,Alta Media Partners,altamediapartners.com,Other marketing agency,12,"Newport Beach, California, United States","Newport Beach, California, United States",https://www.linkedin.com/in/ben-trevizo-6052127,https://www.linkedin.com/company/alta-media-partners,"Alta Media Partners is an affiliate marketing agency focused on one thing: driving profitable growth for your brand.  We bring a data-driven, forward thinking approach to affiliate partnerships, backed by 15+ years of experience in the affiliate marketing industry.",Founder & President @ Alta Media Partners | Affiliate | TikTok Shop | Creator Commerce,
Hannes,Ciatti,Hannes Ciatti,hannes@altony.co,VALID,"Founder, Chief Creative Officer",1 Owner/Founder/CEO,ALTO,altony.co,Other marketing agency,16,"New York, New York, United States","New York, New York, United States",https://www.linkedin.com/in/ciatti,https://www.linkedin.com/company/helloalto,Alto is an award-winning advertising agency that helps brands to stand tall. We are a Standout on Ad Age’s 2024 A-List and Adweek's 2023 US Small Agency of the Year.,"Founder, CCO Alto, AdAge’s A-List -10 best agencies of 2025, Adweek Agency of the Year 23, Adweek Fastest Growing Agency 2022, 24+25. Co-Founder JohnXHannes. Former Droga5 NY.",
Kym,Insana,Kym Insana,kym@getalwayson.com,VALID,Founder & President,1 Owner/Founder/CEO,AlwaysOn Digital,getalwayson.com,Other marketing agency,13,"Garden City, New York, United States","New York, New York, United States",https://www.linkedin.com/in/kyminsana,https://www.linkedin.com/company/alwaysondigital,AlwaysOn Digital is a programmatic advertising agency delivering media buys with no hidden fees or inflated margins just ROI driven marketing.,"Digital Marketing Expert ▪️ Founder of AlwaysOn Digital ▪️ Elevate Your Brand!  We help ambitious businesses reach the masses while engaging perfect clients and multiplying their revenues -- with ease 
 ✅ WBENC ✅ WOSB",
Scott,Parks,Scott Parks,sparks@androvett.com,VALID,Chief Executive Officer,1 Owner/Founder/CEO,Androvett Legal Media & Marketing,androvett.com,Other marketing agency,28,"Dallas, Texas, United States","Dallas, Texas, United States",https://www.linkedin.com/in/scott-parks-86b9715,https://www.linkedin.com/company/androvett-legal-media-marketing,"Law Firms Marketing Agency - Androvett is one of the leading legal firm marketing companies in Dallas, Houston and Texas. Offering value added lawyer marketing services, attorney website marketing, marketing consulting, legal media marketing.",Chief Executive Officer at Androvett Legal Media & Marketing,
Wynne,Angell,Wynne Angell,wangell@angellmarketing.com,VALID,CEO,1 Owner/Founder/CEO,Angell Marketing,angellmarketing.com,Other marketing agency,28,"Phoenix, Arizona, United States","Phoenix, Arizona, United States",https://www.linkedin.com/in/wynneangell,https://www.linkedin.com/company/angell-marketing,"Angell Marketing is a full-service print and digital marketing agency for senior living communities! Visit us in Phoenix, AZ, or call 602.997.2460 to learn more!",Founder of Angell Marketing | Marketing Consultant | Advertising | Senior Living Consultant and Sales Trainer,
Eddie,Laviolette,Eddie Laviolette,eddie@anntoine.com,VALID,Co Owner & Creative Director,1 Owner/Founder/CEO,Anntoine Marketing + Design,anntoine.com,Other marketing agency,18,"Hammond, Louisiana, United States","Mandeville, Louisiana, United States",https://www.linkedin.com/in/eddie-laviolette-6a579165,https://www.linkedin.com/company/anntoine-marketing-and-design,"Anntoine is a full service marketing and design agency based in Hammond, LA. We provide knowledge on how to grow and craft your business in today’s market.",Co-Owner & Creative Director at Anntoine Marketing & Design,
Jessica,Smith,Jessica Smith,jessica@anntoine.com,VALID,Company Owner,1 Owner/Founder/CEO,Anntoine Marketing + Design,anntoine.com,Other marketing agency,18,"Hammond, Louisiana, United States","Hammond, Louisiana, United States",https://www.linkedin.com/in/jessicasmith4,https://www.linkedin.com/company/anntoine-marketing-and-design,"Anntoine is a full service marketing and design agency based in Hammond, LA. We provide knowledge on how to grow and craft your business in today’s market.",Business Owner | Director of Marketing | Digital Brand Strategist,
Tom,Macaluso,Tom Macaluso,tom@anson-stoner.com,VALID,President/Creative Director,1 Owner/Founder/CEO,Anson-Stoner,anson-stoner.com,Other marketing agency,16,"Winter Park, Florida, United States","Winter Park, Florida, United States",https://www.linkedin.com/in/tommacaluso,https://www.linkedin.com/company/anson-stoner,"Anson-Stoner is an award-winning advertising agency based in Orlando, FL that specializes in television, radio, print and digital.",President/Creative Director at Anson-Stoner,
Alan,Sartirana,Alan Sartirana,alan@anthemicagency.com,VALID,CEO & Founder,1 Owner/Founder/CEO,Anthemic Agency,anthemicagency.com,Other marketing agency,27,"Los Angeles, California, United States","Los Angeles, California, United States",https://www.linkedin.com/in/alan-sartirana-a3b23a,https://www.linkedin.com/company/anthemic-agency,ANTHEMIC is a brand and culture marketing agency specializing in creating a direct connection with the ever-elusive lifestyle consumer.,CEO & Founder at ANTHEMIC Agency / FLOOD Magazine/ Louder than Bombs Productions. Founder Gimme Shelter Collective. Board Member: Save the Music.,
Dave,Merrell,Dave Merrell,dmerrell@aooevents.com,VALID,President,1 Owner/Founder/CEO,AOO Events,aooevents.com,Other marketing agency,27,"Los Angeles, California, United States","Los Angeles, California, United States",https://www.linkedin.com/in/dave-merrell-45188056,https://www.linkedin.com/company/aooevents,"AOO Events is a creative agency that specializes in live events production, design, and brand strategy for social and corporate events.",,
Mani,Zarrin,Mani Zarrin,mani@apexcreativenyc.com,VALID,Founder & CEO,1 Owner/Founder/CEO,Apex Creative NYC,apexcreativenyc.com,Other marketing agency,22,"New York, New York, United States","Fort Lauderdale, Florida, United States",https://www.linkedin.com/in/manizarrin,https://www.linkedin.com/company/apexcreativenyc,"We are a next-generation Creative   & Digital marketing agency at the intersection of creativity, content, marketing, and commerce.",Founder & CEO at APEX Creative | Driving Digital Transformation & Creative Excellence,
Colin,Moffett,Colin Moffett,cmoffett@artemisward.com,VALID,Co-Founder & CEO,1 Owner/Founder/CEO,Artemis Ward,artemisward.com,Other marketing agency,13,"Washington, District of Columbia, United States","Washington, District of Columbia, United States",https://www.linkedin.com/in/colinmoffett,https://www.linkedin.com/company/artemisward,Artemis Ward is a strategy-driven creative agency that leads ambitious brands into the future.,Co-Founder and CEO of Artemis Ward | An Independent Strategy-led Creative Agency. Certified B Corporation™,
Kelli,Monahan,Kelli Monahan,kelli@ashgrovemarketing.com,VALID,President,1 Owner/Founder/CEO,Ashgrove Marketing Agency,ashgrovemarketing.com,Other marketing agency,11,"Wixom, Michigan, United States","Southfield, Michigan, United States",https://www.linkedin.com/in/kellimonahan,https://www.linkedin.com/company/ashgrove-marketing-agency,Ashgrove Marketing is a calendar marketing agency specializes in brand exposure.,President at Ashgrove Marketing Agency,
David,Ashton,David Ashton,david@ashton-design.com,VALID,Owner,1 Owner/Founder/CEO,Ashton Design,ashton-design.com,Other marketing agency,28,"Maryland, United States","Baltimore County, Maryland, United States",https://www.linkedin.com/in/david-ashton-b435991b,https://www.linkedin.com/company/ashton-design,Ashton Design is a full-service studio specialized in branding and placemaking.,Owner at Ashton Design,
Christine,Mullen,Christine Mullen,christine@aspiredigitalsolutions.com,VALID,Chief Executive Officer,1 Owner/Founder/CEO,Aspire Digital Solutions,aspiredigitalsolutions.com,Other marketing agency,15,"Ridgefield, Connecticut, United States","New York, New York, United States",https://www.linkedin.com/in/christine-osmers-a2978610,https://www.linkedin.com/company/aspiredigitalsolutions,"Enhance your online presence with Aspire Digital Solutions, a digital marketing company committed to providing businesses with top-tier services.",CEO at Aspire Digital Solutions,
Taylor,Dixson,Taylor Dixson,tdixson@atomicdust.com,VALID,Owner,1 Owner/Founder/CEO,Atomicdust,atomicdust.com,Other marketing agency,21,"Missouri, United States","St. Louis County, Missouri, United States",https://www.linkedin.com/in/taylor-dixson-47946721,https://www.linkedin.com/company/atomicdust,Need to launch or grow a great brand? Learn how our award-winning branding and marketing agency in St. Louis MO can help your brand stand out from the rest.,"Owner, Atomicdust",
Andrew,Buckley,Andrew Buckley,andrew@attnagency.com,VALID,Co-Founder,1 Owner/Founder/CEO,ATTN Agency,attnagency.com,Other marketing agency,29,"San Diego, California, United States","San Diego, California, United States",https://www.linkedin.com/in/andrewalexbuckley,https://www.linkedin.com/company/attnagency,Performance & Growth Marketing. Fueled by Creative.,,
Yossi,Bibas,Yossi Bibas,yossi@auragroupe.com,VALID,Co-Founder,1 Owner/Founder/CEO,Aura Groupe,auragroupe.com,Other marketing agency,25,"Miami, Florida, United States","Miami Beach, Florida, United States",https://www.linkedin.com/in/yossi-bibas-13576424,https://www.linkedin.com/company/aura-groupe,"A Miami based creative agency offering services in social media, content  creation, videography, production and more.",Co-Founder at Aura Groupe,
Megan,Haddad,Megan Haddad,megan@auragroupe.com,VALID,Co-Founder,1 Owner/Founder/CEO,Aura Groupe,auragroupe.com,Other marketing agency,25,"Miami, Florida, United States","Miami, Florida, United States",https://www.linkedin.com/in/megan-haddad-65a8952b,https://www.linkedin.com/company/aura-groupe,"A Miami based creative agency offering services in social media, content  creation, videography, production and more.",Co Founder at Aura Groupe,
Ken,Lempit,Ken Lempit,kl@austinlawrence.com,VALID,President and Chief Business Builder,1 Owner/Founder/CEO,Austin Lawrence Group,austinlawrence.com,Other marketing agency,10,"Stamford, Connecticut, United States","New York, New York, United States",https://www.linkedin.com/in/kenlempit,https://www.linkedin.com/company/austin-lawrence,"We help SaaS, financial services and professional services firms use content marketing, Inbound marketing, ABM and sales enablement to generate revenue","B2B tech and SaaS revenue growth via customer research, advertising, go-to-market strategy and demand generation services. Host of SaaS Backwards podcast for CEOs and GTM leaders, guaranteed to expand your thinking.",
Mark,Bergeron,Mark Bergeron,mark@autoadinc.com,VALID,President,1 Owner/Founder/CEO,AutoAd,autoadinc.com,Other marketing agency,11,"Atlanta, Georgia, United States","Atlanta, Georgia, United States",https://www.linkedin.com/in/markpennison,https://www.linkedin.com/company/autoad,"AutoAd is a full service automotive advertising agency that drives results through infomercials, digital, video content, radio, and graphic design.",Owner @ AutoAd,
Jan,Johnson,Jan Johnson,jan.johnson@aboldagency.com,VALID,President | CEO at Avenir Bold,1 Owner/Founder/CEO,Avenir Bold,aboldagency.com,Other marketing agency,17,"Raleigh, North Carolina, United States","Raleigh, North Carolina, United States",https://www.linkedin.com/in/janjohnson,https://www.linkedin.com/company/avenirbold,"We are a marketing Agency located in Raleigh, North Carolina. We create meaningful and memorable campaigns to help brands excel.",President | CEO at Avenir Bold,
Michelle,Henderson,Michelle Henderson,michelle@badcatdigital.com,VALID,Founder,1 Owner/Founder/CEO,BadCat Digital,badcatdigital.com,Other marketing agency,16,"St. Cloud, Minnesota, United States","St. Cloud, Minnesota, United States",https://www.linkedin.com/in/michelle-lyons-henderson,https://www.linkedin.com/company/badcat-digital,"We Are a Full Service Digital Marketing Agency Located in St. Cloud, MN. Our Team of Experts Are Here to Help You Reach Your Marketing Goals!",Founder at BadCat Digital | Driving Digital Marketing Success,
Jose,Bandujo,Jose Bandujo,jbandujo@bandujo.com,VALID,Founder & Chief Creative Officer,1 Owner/Founder/CEO,Bandujo Advertising + Design,bandujo.com,Other marketing agency,14,"New York, New York, United States","New York, New York, United States",https://www.linkedin.com/in/jose-bandujo-93485739,https://www.linkedin.com/company/bandujo-advertising-design,"Bandujo is a full-service creative advertising, marketing, and digital agency. From Fortune 500 brands to fast-growing start-ups, our clients know us for our energetic creative, strategic thinking, and superior account services.",Founder & Chief Creative Officer | Bandujo Advertising + Design,
Jodi,Katz,Jodi Katz,jodi@basebeauty.com,VALID,"CEO Founder, Podcast Host",1 Owner/Founder/CEO,Base Beauty,basebeauty.com,Other marketing agency,25,"New York, New York, United States","New York, New York, United States",https://www.linkedin.com/in/jodi-katz-7526933,https://www.linkedin.com/company/base-beauty-creative-agency,"Base Beauty is a full-service creative agency devoted to the beauty market, and eager to collaborate as your creative partners.","Fortune Teller, CEO & Founder, Base Beauty Creative Agency // Podcast Host WHERE BRAINS MEET BEAUTY® // Author FACING THE SEDUCTION OF SUCCESS // Former Board Member at GIRLS HELPING GIRLS. PERIOD.",
Jeriann,Bjugstad,Jeriann Bjugstad,jeriann@bayareadigitalsolutions.com,VALID,Business Owner,1 Owner/Founder/CEO,Bay Area Digital Solutions,bayareadigitalsolutions.com,Other marketing agency,14,"Rohnert Park, California, United States","Rohnert Park, California, United States",https://www.linkedin.com/in/jeriann-bjugstad-850b2432,https://www.linkedin.com/company/bayarea-digitalsolutions,"A full-service digital marketing and advertising agency in Sonoma County, California, specializing in custom digital marketing strategies.",Business Owner at Bay Area Digital Solutions,
Bonnie,Brown,Bonnie Brown,bonnie@bbimarketing.com,VALID,President,1 Owner/Founder/CEO,BBI Marketing,bbimarketing.com,Other marketing agency,22,"Tampa, Florida, United States","Tampa, Florida, United States",https://www.linkedin.com/in/bonnie-brown-58814a27,https://www.linkedin.com/company/bbi-marketing,"BBI Marketing is a full service marketing & advertising agency in Tampa, FL. We've developed innovative, proven solutions to build your brand and business.",,
Ken,Okonek,Ken Okonek,ken@beaconmm.com,VALID,Co-Owner + Chief Revenue Officer,1 Owner/Founder/CEO,Beacon Media + Marketing,beaconmm.com,Other marketing agency,29,"Anchorage, Alaska, United States","Anchorage, Alaska, United States",https://www.linkedin.com/in/ken-okonek,https://www.linkedin.com/company/beacon-media-marketing,Beacon Media + Marketing: Healthcare digital marketing designed to grow and scale your business. Get strategic solutions and make an impact.,"#️⃣1️⃣Question I get. "" What should I do for Marketing❓"" ❌Wrong Question‼️The right question is❗️"" How can I connect with my customer⁉️”🔹 Go from Good to Great🔹 Lets Connect & Talk shop 🤓🧐",
Adrienne,Wilkerson,Adrienne Wilkerson,adrienne@beaconmm.com,VALID,Chief Executive Officer,1 Owner/Founder/CEO,Beacon Media + Marketing,beaconmm.com,Other marketing agency,29,"Anchorage, Alaska, United States","Reno, Nevada, United States",https://www.linkedin.com/in/adriennewilkerson,https://www.linkedin.com/company/beacon-media-marketing,Beacon Media + Marketing: Healthcare digital marketing designed to grow and scale your business. Get strategic solutions and make an impact.,"CEO, Beacon Media + Marketing (3× Inc. 5000) | People-Centered Mental & Behavioral Health Marketing in an AI-Driven World | Speaker, Author, Host of The Beacon Way Podcast | #DyslexicThinker",
Chad,Selvidge,Chad Selvidge,chad@bebolddigital.com,VALID,President,1 Owner/Founder/CEO,"beBOLD Digital - Full-Service Amazon, Walmart & Social Media Agency for  Beauty Brands ",bebolddigital.com,Other marketing agency,24,"Newport Beach, California, United States","Dallas, Texas, United States",https://www.linkedin.com/in/chad-selvidge,https://www.linkedin.com/company/bebold-digital,"Leading Full Service Amazon Agency, beBOLD helps Brands of all sizes with Sustainable Growth and Profitability. Get your FREE Amazon Account Audit Today!","President @ beBOLD Digital | Retail Management, Strategic Leadership",
Ivonne,Haire,Ivonne Haire,ihaire@bellavix.com,VALID,Co-Founder,1 Owner/Founder/CEO,BellaVix,bellavix.com,Other marketing agency,21,"Cary, North Carolina, United States","Chapel Hill, North Carolina, United States",https://www.linkedin.com/in/ivonnehaire,https://www.linkedin.com/company/bellavix,BellaVix is a full-service Amazon & Walmart marketing agency helping brands increase sales to achieve domination on marketplaces.,Co-Founder at Bella Vix,
Jeremy,Benson,Jeremy Benson,benson@bensonmarketing.com,VALID,Founder,1 Owner/Founder/CEO,Benson Marketing Group,bensonmarketing.com,Other marketing agency,14,"New York, New York, United States","Bend, Oregon, United States",https://www.linkedin.com/in/jeremy-benson-9541aa8,https://www.linkedin.com/company/benson-marketing-group,"We create and lead wine and spirits brands that are impossible to forget through branding, digital marketing, content creation, & campaigns.",Semi-retired wine and spirits marketer.,
Ryan,Huffman,Ryan Huffman,ryan@beyondtheory.us,VALID,Chief Executive Officer,1 Owner/Founder/CEO,Beyond Theory,beyondtheory.us,Other marketing agency,11,"Oklahoma City, Oklahoma, United States","Oklahoma City, Oklahoma, United States",https://www.linkedin.com/in/ryan-huffman-7754b183,https://www.linkedin.com/company/beyondtheory,"Beyond Theory is an advertising & marketing agency in OKC. We offer advertising, online marketing, web development, branding, and media management. Call Us at 405-232-4444.",CEO | Beyond Theory,
Jim,Workman,Jim Workman,jworkman@gobfw.com,VALID,CEO,1 Owner/Founder/CEO,bfw Advertising,gobfw.com,Other marketing agency,28,"Boca Raton, Florida, United States","Boca Raton, Florida, United States",https://www.linkedin.com/in/jim-workman-a669a613,https://www.linkedin.com/company/bfw-advertising,"We're a full-service advertising agency in South Florida specializing in traditional advertising, digital marketing, web design, and overall brand strategy.",CEO at BFW Advertising,
Jessica,Murphy,Jessica Murphy,jessica@bibrave.com,VALID,Co-Founder,1 Owner/Founder/CEO,BibRave,bibrave.com,Other marketing agency,26,"Brookfield, Wisconsin, United States",United States,https://www.linkedin.com/in/jessicanimurphy,https://www.linkedin.com/company/bibrave,"BibRave is a marketing agency that specializes in targeted influencer campaigns, ambassador program creation and management, grassroots event promotion, and creating unique, “outside-the-box” experiential activations. We bring fresh thinking and creative ideas, and combine them with best-in-class project management and execution.","Fueling connection through community-first marketing 🧡🦁🔥
Business Leader | Active Industry Insider | Co-Founder @ BibRave",
Tim,Murphy,Tim Murphy,tim@bibrave.com,VALID,Co-Founder,1 Owner/Founder/CEO,BibRave,bibrave.com,Other marketing agency,26,"Brookfield, Wisconsin, United States",United States,https://www.linkedin.com/in/bibravetim,https://www.linkedin.com/company/bibrave,"BibRave is a marketing agency that specializes in targeted influencer campaigns, ambassador program creation and management, grassroots event promotion, and creating unique, “outside-the-box” experiential activations. We bring fresh thinking and creative ideas, and combine them with best-in-class project management and execution.","Agency Founder | Creative Business Strategist | Lover of Fitness, Food, Wine & the Outdoors",
Paul,Leuer,Paul Leuer,pleuer@bigdatastudios.com,VALID,CEO & Founder,1 Owner/Founder/CEO,Big Data Studios,bigdatastudios.com,Other marketing agency,10,"Chicago, Illinois, United States","Phoenix, Arizona, United States",https://www.linkedin.com/in/paulleuer,https://www.linkedin.com/company/big-data-studios,"Big Data Studios specializes in digital video transformation, focusing on leveraging big data analytics to enhance digital marketing strategies. With a team of 10 employees, the company caters to the needs of retail companies by powering their customer engagement strategies through personalized experiences. Big Data Studios offers services that include cloud services and digital marketing solutions, aiming to improve client outcomes in various industries, including healthcare. The company emphasizes the importance of data-driven decision-making in creating effective marketing campaigns and customer interactions.",CEO & Founder at Big Data Studios,
Parker,Frost,Parker Frost,parker@gobigwheel.com,VALID,Chief Executive Officer,1 Owner/Founder/CEO,BigWheel,gobigwheel.com,Other marketing agency,15,"Knoxville, Tennessee, United States","Knoxville, Tennessee, United States",https://www.linkedin.com/in/parker-frost-b892a113,https://www.linkedin.com/company/gobigwheel,Full-service agency providing creative solutions to business and marketing challenges.,"BigWheel: ROI-Driven Branding & Website services | 26 years of Expertise | Over 3,000+ Clients Served",
Brandon,Bingham,Brandon Bingham,brandon@itsbingbang.com,VALID,Chief Executive Officer/President,1 Owner/Founder/CEO,Bing Bang,itsbingbang.com,Other marketing agency,27,"Waukee, Iowa, United States","St. Petersburg, Florida, United States",https://www.linkedin.com/in/brandon-bingham-44194847,https://www.linkedin.com/company/bing-bang,"Bing Bang provides visual design, creative strategy, web development, video production, photography, and digital marketing services.",Founder/CEO at Bing Bang,
Livia,Tortella,Livia Tortella,livia@blackbox.la,VALID,Founder - CEO,1 Owner/Founder/CEO,Black Box,blackbox.la,Other marketing agency,22,"Los Angeles, California, United States","Los Angeles, California, United States",https://www.linkedin.com/in/liviatortella,https://www.linkedin.com/company/black-box---a-music-company,"Black Box is a MODERN MARKETING AGENCY designed for the music industry. Our approach is simple; know yourself, know your fans, build your business.","CEO, Founder of Black Box - A Music Company",
Art,Conforti,Art Conforti,art@bloomerang.solutions,VALID,President,1 Owner/Founder/CEO,Bloomerang Solutions,bloomerang.solutions,Other marketing agency,10,"Sarasota, Florida, United States","Sarasota, Florida, United States",https://www.linkedin.com/in/art-conforti-98b03b145,https://www.linkedin.com/company/bloomerang-solutions,"Bloomerang Solutions is a digital marketing company in Sarasota, Fl. We  keep businesses at the forefront of technology and helping them connect  with customers both offline and online with services such as Social Media  Marketing, Google Pay-Per-Click advertising, Customer Surveys, Location  Management, Website Design and Management.",,
Eric,Morley,Eric Morley,emorley@bluecusa.com,VALID,Co-Founder / Chief Operations Officer,1 Owner/Founder/CEO,Blue C,bluecusa.com,Other marketing agency,12,"Costa Mesa, California, United States","Costa Mesa, California, United States",https://www.linkedin.com/in/ericmorleybluec,https://www.linkedin.com/company/bluecusa,Drive impactful marketing solutions with an Orange County creative marketing agency. Learn about our unique BrandPWR Accelerator Framework.,"Unifying your marketing efforts to drive real results—powered by Brand clarity, Powerful creative, and AI-driven media.",
Robin,Casmirri,Robin Casmirri,robinc@blueonionmedia.com,VALID,President/COO,1 Owner/Founder/CEO,Blue Onion Media,blueonionmedia.com,Other marketing agency,19,"Lakewood, Colorado, United States","Denver, Colorado, United States",https://www.linkedin.com/in/robincasmirri,https://www.linkedin.com/company/blueonionmedia,"Blue Onion Media is 100% focused on increasing media ROI. We are a national media planning and buying agency for regional advertisers, both traditional and digital paid media. We’re deeply familiar with both local and national media markets—we’ve negotiated in over 125 media markets nationwide. We’ve placed $800 million nationally and $200 million in the Denver market.   We pride ourselves on being a true-blue partner, a candid and accountable member of your team.   When working with us, there are a few cultural norms that you will notice right away:   Candor.  Expertise. Ingenuity. Experience. Accountability.",President/COO at Blue Onion Media,
Dominic,Longo,Dominic Longo,dominic.longo@findyourbluezone.com,VALID,President & CEO,1 Owner/Founder/CEO,Blue Zone Marketing,findyourbluezone.com,Other marketing agency,29,"Coeur d'Alene, Idaho, United States","Liberty Lake, Washington, United States",https://www.linkedin.com/in/dominic-longo-06366a44,https://www.linkedin.com/company/findyourbluezone,"Blue Zone Marketing is a digital marketing agency that offers website, social media, and reputation management services.",President & CEO at Blue Zone Marketing,
Ruthie,Keefe,Ruthie Keefe,rkeefe@blueskyci.com,VALID,President,1 Owner/Founder/CEO,"BlueSky Creative, Inc.",blueskyci.com,Other marketing agency,11,"Cincinnati, Ohio, United States","Cincinnati, Ohio, United States",https://www.linkedin.com/in/ruthie-keefe-6737648,https://www.linkedin.com/company/bluesky-creative-inc-,We are a full service Marketing company full of creative thinkers with limitless imagination.,President at BlueSky Creative - Bringing User Friendly & Affordable Technology To Senior Living Communities,
Ron,Thompson,Ron Thompson,rthompson@bmfcomms.com,VALID,President - Marketing,1 Owner/Founder/CEO,BMF ,bmfcomms.com,Other marketing agency,27,United States,"New Orleans, Louisiana, United States",https://www.linkedin.com/in/ron-thompson-31ab9117,https://www.linkedin.com/company/beuerman-miller-fitzgerald,"Explore BMF Communications, a global leader in public relations and digital marketing. Our expert team crafts compelling brand stories and delivers strategic solutions to elevate your brand's impact and engage your audience.",,
Brenda,Barhaug,Brenda Barhaug,brendab@bonfireeffect.com,VALID,Founder / Chief Financial Officer,1 Owner/Founder/CEO,Bonfire Effect,bonfireeffect.com,Other marketing agency,28,"Fort Collins, Colorado, United States","Denver, Colorado, United States",https://www.linkedin.com/in/bbarhaug,https://www.linkedin.com/company/bonfireeffect,A different kind of marketing agency. One that helps you cut through the complexity of modern marketing to find most effective path to prosperity.,Founder/Chief Financial Officer,
Gal,Borenstein,Gal Borenstein,gal@borensteingroup.com,VALID,CEO and Founder,1 Owner/Founder/CEO,Borenstein Group,borensteingroup.com,Other marketing agency,10,"McLean, Virginia, United States","McLean, Virginia, United States",https://www.linkedin.com/in/galborensteinexecutiveprofile,https://www.linkedin.com/company/the-borenstein-group,"Borenstein Group is the leading Washington DC marketing agency offering Marketing, Design, Branding & PR services for B2B, B2G & Tech.","CEO, The Borenstein Group | B2B + B2G Branding, PR & Digital Marketing for GovCons in Defense, Aerospace, Cybersecurity & Technology Innovators | Best-Selling Author, Don’t Believe the Hype in the Age of AI",
Jack,Borgmeyer,Jack Borgmeyer,Jborgmeyer@bmg7677.com,VALID,President,1 Owner/Founder/CEO,Borgmeyer Marketing Group ,bmg7677.com,Other marketing agency,17,"St. Charles, Missouri, United States","St. Charles, Missouri, United States",https://www.linkedin.com/in/jack-borgmeyer-7601a28,https://www.linkedin.com/company/borgmeyer-marketing-group,"Borgmeyer Marketing Group (BMG) is a full service, full spectrum marketing, advertising, public relations, and interactive media agency.",Marketing,
Jon,Lenz,Jon Lenz,jlenz@br8kthru.com,VALID,CEO,1 Owner/Founder/CEO,Br8kthru Consulting,br8kthru.com,Other marketing agency,20,"Minneapolis, Minnesota, United States","Minneapolis, Minnesota, United States",https://www.linkedin.com/in/jonmlenz,https://www.linkedin.com/company/br8kthru-digital,"A nimble digital marketing agency in Minneapolis with full stack software development capabilities, Br8kthru solves complex user journeys for growth.",CEO @ Br8kthru.com —> Digital Marketing + Technology || Helping marketing leaders with limited internal resources—and ambitious goals,
John,McHugh,John McHugh,john@brainstormstudio.com,VALID,President,1 Owner/Founder/CEO,Brainstorm Studio,brainstormstudio.com,Other marketing agency,15,"Melville, New York, United States","Melville, New York, United States",https://www.linkedin.com/in/johnamchugh,https://www.linkedin.com/company/brainstorm-studio,"Brainstorm is a Digital Marketing Agency based on Long Island, New York. We can help grow your business with inbound marketing, website development and more.",Growth Marketing for B2B Companies,
Rory,Morgan,Rory Morgan,rory@brandlabmedia.com,VALID,CEO,1 Owner/Founder/CEO,Brand Lab Media,brandlabmedia.com,Other marketing agency,13,"Loveland, Colorado, United States","Loveland, Colorado, United States",https://www.linkedin.com/in/rory-morgan-03b37345,https://www.linkedin.com/company/brandlabmedia,"""Done-For-You"" & ""Done-With-You"" Full-Service Marketing Program for Clinics, Chiropractors, Integrated Medical Clinics, Med Spas that want to add high case-fee patients to their practice every month.",Top Clinic Marketing STRATEGIST 🔥 RAPID GROWTH Expert🔥 Helping you DOMINATE your market 🔥 and 3x your flow of HIGH QUALITY patients who close at 80%+  so you can work ON your business rather than IN it!,
Ashley,Murphy,Ashley Murphy,ashley@brandlinkmedia.com,VALID,Co-Founder,1 Owner/Founder/CEO,Brandlink Media,brandlinkmedia.com,Other marketing agency,12,"Edmond, Oklahoma, United States","Oklahoma City, Oklahoma, United States",https://www.linkedin.com/in/ashleybowenmurphy,https://www.linkedin.com/company/brandlink-media,"Brandlink is a full-service agency guided by strategy but rooted in great design. They help businesses do more, grow their audience and take their companies to the next level. They provide measurable performance metrics and valuable data insights to support campaigns on every level and for every budget.",Co-Founder | Wed Society®,
Matt,Mead,Matt Mead,matt@brandlync.com,VALID,Co-Founder / Board Member,1 Owner/Founder/CEO,BrandLync,brandlync.com,Other marketing agency,11,"Phoenix, Arizona, United States","Seattle, Washington, United States",https://www.linkedin.com/in/mattmeadofficial,https://www.linkedin.com/company/brandlync,"BrandLync is a marketing agency that offers traditional marketing, digital marketing, and analytics services.","Fund Manager / Developer / Investor Specializing in Incubating, Accelerating & Triaging SME’s while consolidating fragmented industries to increase shareholder value.",
Jen,Crowley,Jen Crowley,jen@wearehg.com,VALID,"Owner, Chief Marketing Officer",1 Owner/Founder/CEO,"Brandworks Detroit, LLC",wearehg.com,Other marketing agency,10,"Ann Arbor, Michigan, United States","Grand Rapids, Michigan, United States",https://www.linkedin.com/in/jennifermcrowley,https://www.linkedin.com/company/brandworks-detroit-llc,"Operator of a brand communications agency specializing in business-to-business marketing for firms in Metro Detroit and Ann Arbor. The company offers services such as brand strategy, web development, digital marketing, advertising and event support.","Owner, Chief Marketing Officer @ Highland Group | Lead brand strategy, communications planning | community leader",
Luke,Bradshaw,Luke Bradshaw,lbradshaw@bravisagency.com,VALID,"Founder, EVP, CMO of Bravis Marketing",1 Owner/Founder/CEO,Bravis Marketing Agency,bravisagency.com,Other marketing agency,13,"Centerton, Arkansas, United States","Fayetteville, Arkansas, United States",https://www.linkedin.com/in/lwbradhsaw,https://www.linkedin.com/company/a-w-bravis-retail-marketing,Bravis marketing agency specialises in innovative and effective marketing solutions for businesses.,"Founder, EVP, CMO of Bravis Marketing Agency",
Daniel,Arriola,Daniel Arriola,daniel@bravodesigninc.com,VALID,Owner,1 Owner/Founder/CEO,"Bravo Design, Inc.",bravodesigninc.com,Other marketing agency,15,"Burbank, California, United States","Burbank, California, United States",https://www.linkedin.com/in/djarriola,https://www.linkedin.com/company/bravo-design-inc.,"Bravo Design, Inc. is an independently owned full-service design and production studio that specializes in the design and marketing of print & online assets.","Owner at Bravo Design, Inc.",
Jennifer,Ballinger,Jennifer Ballinger,jennifer@bravuraad.com,VALID,President & Owner,1 Owner/Founder/CEO,Bravura Advertising & Design,bravuraad.com,Other marketing agency,11,"Dublin, Ohio, United States","Dublin, Ohio, United States",https://www.linkedin.com/in/jennifer-ballinger-680329115,https://www.linkedin.com/company/bravura-advertising-and-design,"Bravura Advertising and Design is a digital marketing company that offers website designing, social media management, and creative services.",Owner/Principal at Bravura Advertising and Design,
Jason,Brewer,Jason Brewer,brewerj@brolik.com,VALID,CEO,1 Owner/Founder/CEO,Brolik,brolik.com,Other marketing agency,17,"Philadelphia, Pennsylvania, United States","Philadelphia, Pennsylvania, United States",https://www.linkedin.com/in/jasonbrewerbrolik,https://www.linkedin.com/company/brolik,Brolik is a digital marketing agency in Philadelphia that combines brand strategy and data-driven marketing to help clients reach their customers and grow their revenue.,Helping SMBs grow from $1M to $10M in revenue. Marketing Agency CEO at Brolik.,
Jen,Bruni,Jen Bruni,jen@brunimedia.com,VALID,Co-Founder,1 Owner/Founder/CEO,Bruni Media,brunimedia.com,Other marketing agency,10,"Minneapolis, Minnesota, United States","Aliso Viejo, California, United States",https://www.linkedin.com/in/jen-bruni-b6608776,https://www.linkedin.com/company/brunimedia,"We are a modern day full-service digital agency, specializing in Marketing, Advertising, Media Planning, Video Production and more!",Co-Founder at Bruni Media,
Amy,Frasure,Amy Frasure,amy@bullseyetotalmedia.com,VALID,Owner,1 Owner/Founder/CEO,Bullseye Total Media,bullseyetotalmedia.com,Other marketing agency,15,"Huntington, West Virginia, United States","Huntington Beach, California, United States",https://www.linkedin.com/in/amy-frasure-a5380b71,https://www.linkedin.com/company/bullseye-total-media,"Bullseye Total Media provides social media, video production, web design, ping pong, and digital advertising services. They provide print design to radio and TV, they can help clients with any traditional advertising client need.  They provide customized solutions to the company's needs. The customer contact through email, phone number, and application form.",Marketing Communications Expert | Owner at Bullseye Total Media,
Angela,Byers,Angela Byers,angela@byerscreative.com,VALID,Founder,1 Owner/Founder/CEO,Byers Creative,byerscreative.com,Other marketing agency,23,"Tulsa, Oklahoma, United States","Tulsa, Oklahoma, United States",https://www.linkedin.com/in/angela-m-byers,https://www.linkedin.com/company/byers-creative,"Byers Creative marketing agency offers web development, graphic design & strategic communications services to Tulsa & the surrounding region.","Owner, Byers Creative LLC",
Michael,Paul,Michael Paul,michael@byerscreative.com,VALID,President,1 Owner/Founder/CEO,Byers Creative,byerscreative.com,Other marketing agency,23,"Tulsa, Oklahoma, United States","Tulsa, Oklahoma, United States",https://www.linkedin.com/in/michaelpaul,https://www.linkedin.com/company/byers-creative,"Byers Creative marketing agency offers web development, graphic design & strategic communications services to Tulsa & the surrounding region.",President @ Byers Creative | Turning AI fear into measurable ROI. Here’s how I do it.,
Jason,Di Vece,Jason Di Vece,jason@bytes.co,VALID,"CEO, Co-Founder",1 Owner/Founder/CEO,Bytes.co,bytes.co,Other marketing agency,23,"Burlington, Vermont, United States","Burlington, Vermont, United States",https://www.linkedin.com/in/jason-di-vece-42b10b1b6,https://www.linkedin.com/company/bytes-co,"Bytes.co is a Burlington, Vermont web design company and digital marketing agency offering expert services to local and national businesses.","Agency Leader with a Passion for Tech, Art, Music, and Community | Great with Faces, Bad with Names, Better with Websites |  CEO, Radio DJ, Dad, Deal Hunter",
Ted,Page,Ted Page,tpage@captainsofindustry.com,VALID,Co-Founder & Principal,1 Owner/Founder/CEO,Captains of Industry,captainsofindustry.com,Other marketing agency,12,"Boston, Massachusetts, United States","Boston, Massachusetts, United States",https://www.linkedin.com/in/ted-page-b79482,https://www.linkedin.com/company/captains-of-industry,"We are a creative content marketing firm that works with challenger brands. Our core sectors: energy, healthcare, life sciences, higher education.",Co-Founder & Principal at Captains of Industry,
Jeff,Ficker,Jeff Ficker,jeff.ficker@casualastronaut.com,VALID,Chief Creative Officer/Co-Founder,1 Owner/Founder/CEO,Casual Astronaut,casualastronaut.com,Other marketing agency,29,"Phoenix, Arizona, United States","Phoenix, Arizona, United States",https://www.linkedin.com/in/jeffficker,https://www.linkedin.com/company/casual-astronaut,A content marketing agency that understands your design and optimization needs is a must. Contact us to see how we can help develop your site.,Chief Creative Officer at Casual Astronaut,
Kyle,Crafton,Kyle Crafton,kyle.crafton@casualastronaut.com,VALID,CEO & Co-founder,1 Owner/Founder/CEO,Casual Astronaut,casualastronaut.com,Other marketing agency,29,"Phoenix, Arizona, United States","Phoenix, Arizona, United States",https://www.linkedin.com/in/kylecrafton,https://www.linkedin.com/company/casual-astronaut,A content marketing agency that understands your design and optimization needs is a must. Contact us to see how we can help develop your site.,CEO/Co-Founder at Casual Astronaut,
Tyler,Anderson,Tyler Anderson,tyler@casualfridays.com,VALID,Principal Chief Executive Officer,1 Owner/Founder/CEO,Casual Fridays,casualfridays.com,Other marketing agency,24,"Dallas, Texas, United States","Plano, Texas, United States",https://www.linkedin.com/in/tylerjanderson,https://www.linkedin.com/company/casualfridays,"Casual Fridays is a digital marketing agency specializing in social media, lifestyle photography and videography, and digital advertising in the hotel, resort, and tourism industries.",Hospitality Marketer | Helping Hotels Win With Content That Actually Books Rooms | CEO of Casual Fridays | 17+ Years in Social Media Marketing,
Hugh,Schulze,Hugh Schulze,hschulze@cchangeinc.com,VALID,President/CEO,1 Owner/Founder/CEO,"cchange, inc.",cchangeinc.com,Other marketing agency,19,"Chicago, Illinois, United States","Chicago, Illinois, United States",https://www.linkedin.com/in/hugh-schulze-9112054,https://www.linkedin.com/company/c-change-inc-,"c|change is a B2B-focused marketing agency cultivating creativity while being mindful of our employees, community and planet.","Owner, c|change inc.; Writer/director, CASS and Dreaming Grand Avenue; Short story ""Like Treasures Guarded by Dragons"" featured in Meaningful Conflicts Anthology 2023",
Chris,Lawson,Chris Lawson,chrislawson@ccsmarketing.com,VALID,President + CEO,1 Owner/Founder/CEO,CCS Marketing,ccsmarketing.com,Other marketing agency,16,"Tampa, Florida, United States","Tampa, Florida, United States",https://www.linkedin.com/in/chris-lawson-3284999a,https://www.linkedin.com/company/ccsmarketing,"Above all, we believe in authenticity. From the brand strategy to web development, digital marketing and print pieces. Keep it real. CCS is a brand agency driven by a team with old school roots in traditional marketing, empowered by new technology and relentlessly focused on results.",Sales & Marketing Professional,
Duncan,Stout,Duncan Stout,dstout@cdmc.com,VALID,President,1 Owner/Founder/CEO,CD+M Communications,cdmc.com,Other marketing agency,15,"South Portland, Maine, United States","Portland, Maine, United States",https://www.linkedin.com/in/duncan-stout-65794534,https://www.linkedin.com/company/cd&m-communications,"CD&M Communications offers strategic planning, content marketing, brand planning, advertising, consulting and web designing services.",Ad Agency Owner,
Will,Race,Will Race,will@cedargroupak.com,VALID,CEO and Partner,1 Owner/Founder/CEO,Cedar Group Marketing & Public Relations,cedargroupak.com,Other marketing agency,24,"Juneau, Alaska, United States","Juneau, Alaska, United States",https://www.linkedin.com/in/will-race-28a20290,https://www.linkedin.com/company/cedargroupmpr,"Cedar Group is an Alaska-based communications and creative agency specializing in strategy, marketing, branding, video production, media, and design.",CEO and Partner at Cedar Group Marketing and Public Relations,
Beth,Trejo,Beth Trejo,beth@chatterkick.com,VALID,Chief Executive Officer,1 Owner/Founder/CEO,Chatterkick,chatterkick.com,Other marketing agency,24,"Sioux City, Iowa, United States","Sioux City, Iowa, United States",https://www.linkedin.com/in/bethtrejo,https://www.linkedin.com/company/chatterkick,"We are a creative Social Media Agency with Midwest roots, representing clients all over the world. Our team is made up of envelope-pushers, big thinkers, brainstormers, and conversation starters.",Fractional CMO // CEO + Founder of Chatterkick // Social Media Strategist // Vistage Speaker // Entrepreneur // Podcaster,
Darcy K.,Neighbors,Darcy K. Neighbors,darcy@cimmp.com,VALID,Founder & CEO,1 Owner/Founder/CEO,CIM Marketing Partners,cimmp.com,Other marketing agency,17,"Las Vegas, Nevada, United States","Las Vegas, Nevada, United States",https://www.linkedin.com/in/darcyneighbors,https://www.linkedin.com/company/cim-marketing-partners,"CIM Marketing Partners is your results-driven, full service and digital marketing partner that will provide you with a strategy to allow your company to thrive.","Founder/CEO & Strategic Marketing Leader | Building Brands with Purpose, Strategy & Heart | Guiding Businesses to Measurable Growth and Profit",
Ginger,Sorvari Bucklin,Ginger Sorvari Bucklin,gbucklin@cimarronwinter.com,VALID,"Founding Partner, Co-Owner",1 Owner/Founder/CEO,Cimarron Winter,cimarronwinter.com,Other marketing agency,17,"Minneapolis, Minnesota, United States","Minneapolis, Minnesota, United States",https://www.linkedin.com/in/gingersorvari,https://www.linkedin.com/company/cimarron-winter,We are a marketing technology and digital marketing agency who delivers big  strategy and solid execution to enterprises worldwide.,"Co-Owner, Strategist at Cimarron Winter",
Kathy,Horn,Kathy Horn,kathy@huntgathercreate.co,VALID,Founder,1 Owner/Founder/CEO,Civilization,civilization.agency,Other marketing agency,22,"Austin, Texas, United States","Seattle, Washington, United States",https://www.linkedin.com/in/kathy-horn,https://www.linkedin.com/company/civilization-agency,"We’re an independent, woman-owned creative agency designed to help brands adapt and thrive in a delightfully-unhinged, always-changing world.",Founder of Civilization Agency | WBENC Member | Building on breakthrough tech to amplify creative for brands,CHECK: email domain differs from company domain
Melanie,Clark,Melanie Clark,mel@clarkcreativegroup.com,VALID,President,1 Owner/Founder/CEO,Clark Creative Group,clarkcreativegroup.com,Other marketing agency,17,"Omaha, Nebraska, United States","Omaha, Nebraska, United States",https://www.linkedin.com/in/melanie-clark-aa1b4a25,https://www.linkedin.com/company/clark-creative-group---omaha-ne,"Clark Creative Group is a full-service advertising agency that offers graphic design, branding, video production, marketing, and PR.","President at Clark Creative Group - Omaha, NE",
Janak,Mehta,Janak Mehta,janak@clientsonline.com,VALID,CEO/Co-Founder,1 Owner/Founder/CEO,Clients Online,clientsonline.com,Other marketing agency,11,"Scottsdale, Arizona, United States","Scottsdale, Arizona, United States",https://www.linkedin.com/in/janakmehta,https://www.linkedin.com/company/clientsonline,"Clients Online is a digital marketing agency that renders paid advertising campaigns, pay-per-click and social media marketing services.",Scaling 7 & 8 Figure D2C and Expert/Service Brands with Performance Advertising and Marketing (while posting articles/videos about the process). | CEO & Co-Founder @ClientsOnline,
Lori,Asbury,Lori Asbury,lori@cmoco.com,VALID,President & CEO,1 Owner/Founder/CEO,CMOco Marketing & Advertising,cmoco.com,Other marketing agency,16,"Knoxville, Tennessee, United States","Knoxville, Tennessee, United States",https://www.linkedin.com/in/loriterwellasbury,https://www.linkedin.com/company/cmoco,"CMOco is a full-service marketing firm that offers strategic marketing, branding, digital marketing, and social media marketing services.",President & CEO @ CMOco Marketing & Advertising,
Shirine,Coburn DiSanto,Shirine Coburn DiSanto,shirine.disanto@coburnww.com,VALID,Founder & CEO,1 Owner/Founder/CEO,"Coburn Communication, Inc.",coburnww.com,Other marketing agency,12,"New York, New York, United States","New York, New York, United States",https://www.linkedin.com/in/shirine-coburn-disanto-4a2a216,https://www.linkedin.com/company/coburn-communication-inc-,Award-winning hybrid communications agency capitalizing on the balance of  earned and paid media.,"CEO, Coburn Communication",
Amanda,Parker,Amanda Parker,aparker@collectivealternative.com,VALID,President,1 Owner/Founder/CEO,Collective Alternative,collectivealternative.com,Other marketing agency,21,"Indianapolis, Indiana, United States","Indianapolis, Indiana, United States",https://www.linkedin.com/in/amandalparker,https://www.linkedin.com/company/collective-alternative,"Collective Alternative is a full-service marketing & public relations agency in Indianapolis, Indiana. We’re brainy, we’re creative and we’re dedicated to helping you find success. See how CA can provide you custom marketing solutions to accomplish your goals.","President at Collective Alternative
Making Business Personal",
Rick,Sullivan,Rick Sullivan,rsullivan@colortechinc.com,VALID,Owner,1 Owner/Founder/CEO,Colortech Inc. Creative Solutions,colortechinc.com,Other marketing agency,21,"Lebanon, Pennsylvania, United States","Lebanon, Pennsylvania, United States",https://www.linkedin.com/in/rick-sullivan-76bb358,https://www.linkedin.com/company/colortech-inc-creative-solutions,"Colortech is a full service printing provider offering creative services, printing, mailing and fulfillment located in Lebanon, PA.","Owner, Colortech inc.",
Greg,Almeida,Greg Almeida,greg@wearecolossus.com,VALID,Co-Founder | Executive Creative Director,1 Owner/Founder/CEO,Colossus,wearecolossus.com,Other marketing agency,20,"Boston, Massachusetts, United States","Boston, Massachusetts, United States",https://www.linkedin.com/in/greg-almeida-4937618,https://www.linkedin.com/company/colossuscreativeco,"Colossus is a creative, design and advertising agency based in Boston. We  shape art, technology and commerce into something meaningful.",Co-Founder | Executive Creative Director @ Colossus // 2x AdAge Small Agency Award Winner // 2024 Adweek Fastest Growing Agency //,
Hank,Wasiak,Hank Wasiak,hank@conceptfarm.com,VALID,Owner,1 Owner/Founder/CEO,Concept Farm,conceptfarm.com,Other marketing agency,28,"New York, United States","New York, New York, United States",https://www.linkedin.com/in/hank-wasiak-7003537,https://www.linkedin.com/company/the-concept-farm,Concept Farm is an advertising agency that focuses on cultivating brand passion.,"Owner, The Concept Farm",
Art,Babayan,Art Babayan,art@concept.haus,VALID,Founder / CEO,1 Owner/Founder/CEO,Concept Haus,concept.haus,Other marketing agency,16,"Burbank, California, United States","Burbank, California, United States",https://www.linkedin.com/in/art-babayan-bb75a5,https://www.linkedin.com/company/concepthaus,"Concepthaus operates as a creative agency focused on advertising and brand development. The company specializes in creating and strengthening brands through a comprehensive approach that includes campaign design, visual identity, and digital marketing solutions. With a team skilled in developing engaging content and strategies, Concepthaus serves clients looking to enhance their market presence. The agency's portfolio showcases expertise in high-impact advertising campaigns, including notable work for the Call of Duty franchise. Concepthaus aims to transcend traditional advertising by integrating innovative ideas with street culture influences, reflecting a deep understanding of contemporary marketing dynamics.",Founder / CEO,
Steven,Edelman,Steven Edelman,sedelman@c360m.com,VALID,President and Founding Partner,1 Owner/Founder/CEO,Connect360 Multimedia,c360m.com,Other marketing agency,10,"Mineola, New York, United States","Merrick, New York, United States",https://www.linkedin.com/in/steven-edelman-38156b6,https://www.linkedin.com/company/connect360-multimedia,"Connect 360 Multimedia offers PSA distribution, media placement, digital and social media marketing campaigns for nonprofit organizations.",President at Connect360 MultiMedia,
Nicole,Goucher,Nicole Goucher,nicole@conricpr.com,VALID,President & CEO,1 Owner/Founder/CEO,CONRIC pr + marketing,conricpr.com,Other marketing agency,11,"Fort Myers, Florida, United States","Chicago, Illinois, United States",https://www.linkedin.com/in/nicole-goucher-83a915194,https://www.linkedin.com/company/conricpr,"Award-winning creative agency for start-up companies, established national brands, government, and nonprofits to provide comprehensive strategic branding, digital marketing, public relations, advertising and website development.",President & CEO at CONRIC pr + marketing,
Stephen,Fullington,Stephen Fullington,stephen@coretrex.com,VALID,President,1 Owner/Founder/CEO,CoreTrex | Amazon & Walmart.com Agency,coretrex.com,Other marketing agency,13,"Rogers, Arkansas, United States","Rogers, Arkansas, United States",https://www.linkedin.com/in/stephenfullington,https://www.linkedin.com/company/coretrex,Full-Service Amazon & Walmart.com Agency. Brands average 218% growth their first year after partnering with CoreTrex.,President of CoreTrex,
Zack,Meuschke,Zack Meuschke,zack@corkboardconcepts.com,VALID,CEO / Co-Owner,1 Owner/Founder/CEO,Corkboard Concepts,corkboardconcepts.com,Other marketing agency,27,"Pittsburgh, Pennsylvania, United States","Pittsburgh, Pennsylvania, United States",https://www.linkedin.com/in/zacharymeuschke,https://www.linkedin.com/company/corkboard-concepts,Are you looking for a data driven marketing agency? Corkboard Concepts delivers marketing results using A.I.-powered advertising campaigns!,CEO / Co-Owner at Corkboard Concepts,
Sarah,Costello,Sarah Costello,scostello@corp-couture.com,VALID,Founder,1 Owner/Founder/CEO,Corporate Couture,corp-couture.com,Other marketing agency,22,"Danville, California, United States","Danville, California, United States",https://www.linkedin.com/in/sarah-costello-60ab5473,https://www.linkedin.com/company/corporate-couture,"Corporate Couture is a women-owned and operated branded merchandise distributor. We specialize in custom merchandise, corporate gifts, curated bundles, design, graphics, creative solutions, and full-service fulfillment, packaging, and shipping. We create products with purpose, blending creativity, culture, sustainability, and lifestyle into every design. Let us bring your vision to life with custom merch that’s uniquely tailored to your company and the incredible people behind it.",Founder of Corporate Couture,
Judy,Geriot,Judy Geriot,jgeriot@cdlevents.com,VALID,Founder and President,1 Owner/Founder/CEO,Corporate Dimensions LTD,cdlevents.com,Other marketing agency,11,"Philadelphia, Pennsylvania, United States","Media, Pennsylvania, United States",https://www.linkedin.com/in/judy-geriot-6101a2,https://www.linkedin.com/company/corporate-dimensions-ltd,"Discover how CDL transforms engagement through expert event management,  offering a wide range of services including corporate meetings, tradeshows,  and full-service production. Explore our work and see what we can do  together.",Founder and President at Corporate Dimensions LTD,
Scott,Montgomery,Scott Montgomery,scott@cranktank.net,VALID,"CEO, Founder",1 Owner/Founder/CEO,CrankTank,cranktank.net,Other marketing agency,13,"Ketchum, Idaho, United States","Ketchum, Idaho, United States",https://www.linkedin.com/in/scott-montgomery-69a8358,https://www.linkedin.com/company/cranktank,"CrankTank offers digital marketing, CEO consulting, website design, e-commerce optimization, email and SMS marketing services.","⭐️E-Commerce + Digital Strategy⭐️ REACH* AI Optimization *patent-pending | Amazon Mgmt | Creative | Digital Advertising | Retention Email + SMS | PR | WebDev Shopify Partner |🥇Netty ‘24, Inc.5000 ‘23 |",
Kimberly,Wilkinson,Kimberly Wilkinson,kimberly@creatingresults.com,VALID,President and Owner,1 Owner/Founder/CEO,Creating Results - Strategic Marketing,creatingresults.com,Other marketing agency,19,"Woodbridge, Virginia, United States","Washington, United States",https://www.linkedin.com/in/kimberly-wilkinson-984937100,https://www.linkedin.com/company/creating-results,Creating Results is a marketing agency that partners with senior living organizations and 55+ active adult communities to develop and implement marketing strategies to meet their unique sales goals.,"Growth catalyst and partner for branding, marketing & sales that serves older adults; President/Owner, Creating Results",
Gary,Rivera,Gary Rivera,gary@cdg-la.com,VALID,Chief Executive Officer,1 Owner/Founder/CEO,"Creative Design Group, Inc.",cdg-la.com,Other marketing agency,25,"Burbank, California, United States","Burbank, California, United States",https://www.linkedin.com/in/garyrivera,https://www.linkedin.com/company/creativdesign-group-inc.,"CDG helps companies brands in the areas of digital video, events, mobile app design and social media integration services.",Creative Principal & Strategist at CDG,
Mina,Park,Mina Park,mina.park@crispychicken.co,VALID,Chief Executive Officer / Co-Founder,1 Owner/Founder/CEO,Crispy Chicken Social Media Agency,crispychicken.co,Other marketing agency,22,"Los Angeles, California, United States","Los Angeles, California, United States",https://www.linkedin.com/in/itsminapark,https://www.linkedin.com/company/crispy-chicken-agency,"Crispy Chicken is a social media agency producing social-first content for brands, studios and celebrities.",CEO / Co-Founder at Crispy Chicken Social Agency,
Kurt,Yazici,Kurt Yazici,kurt@crushvertise.com,VALID,CEO,1 Owner/Founder/CEO,Crushvertise,crushvertise.com,Other marketing agency,19,"Austin, Texas, United States","Austin, Texas, United States",https://www.linkedin.com/in/kurtyazici,https://www.linkedin.com/company/crushvertise,Crushvertise is an advertising agency that offers a full range of digital marketing and lead generation services.,CEO at Crushvertise,
Paige,Cardwell,Paige Cardwell,pcardwell@csgcreative.com,VALID,President,1 Owner/Founder/CEO,CSG Creative,csgcreative.com,Other marketing agency,26,"Alexandria, Virginia, United States","Washington, United States",https://www.linkedin.com/in/paige-prindle-cardwell,https://www.linkedin.com/company/csg-creative,"CSG Creative is the strategic marketing and creative agency for associations, events and corporations to build brands, grow audiences and get results.",President at CSG Creative,
Josh,Farkas,Josh Farkas,josh@cubicleninjas.com,VALID,Founder & CEO,1 Owner/Founder/CEO,Cubicle Ninjas,cubicleninjas.com,Other marketing agency,14,"Glen Ellyn, Illinois, United States","Glen Ellyn, Illinois, United States",https://www.linkedin.com/in/cubicleninjas,https://www.linkedin.com/company/cubicle-ninjas,Cubicle Ninjas is a full-service digital agency. Our team transforms ideas into effective campaigns for the world's greatest brands.,CEO of Cubicle Ninjas,
Aaron,Cuker,Aaron Cuker,aaron@cukeragency.com,VALID,CEO / Chief Creative Officer,1 Owner/Founder/CEO,Cuker,cukeragency.com,Other marketing agency,28,"Carlsbad, California, United States","Carlsbad, California, United States",https://www.linkedin.com/in/aaroncuker,https://www.linkedin.com/company/cuker,"Cuker is a full service digital agency that leverages the power of design, commerce and data to grow brands.","CEO / Chief Creative Officer, Cuker Agency",
Barton,Cummings,Barton Cummings,bcummings@ccgideas.com,VALID,CEO,1 Owner/Founder/CEO,Cummings Creative Group ,ccgideas.com,Other marketing agency,26,"Birmingham, Alabama, United States","Birmingham, Alabama, United States",https://www.linkedin.com/in/bartoncummings,https://www.linkedin.com/company/cummings-creative-group-ccg,"Cummings Creative Group is a full-service advertising and strategic marketing firm. They evaluate your industry's current playing field and develop a plan of attack. We scout your competitors, work alongside your sales force, and practically live and breathe your brand.","CEO at Cummings Creative Group, Inc.",
James,Curich,James Curich,james@curichweiss.com,VALID,Co-Founder & Co-CEO,1 Owner/Founder/CEO,CURICH | WEISS,curichweiss.com,Other marketing agency,24,"New York, New York, United States","New York, New York, United States",https://www.linkedin.com/in/james-curich,https://www.linkedin.com/company/curich-weiss,Curich Weiss is a public relations and digital marketing agency providing communication services to brands and companies.,"Co-Founder + Co-CEO at CURICH WEISS AMPLIFY
2026 PR Agency of the Year",
Elliott,Graham,Elliott Graham,egraham@custommanagement.com,VALID,President,1 Owner/Founder/CEO,Custom Management Group,custommanagement.com,Other marketing agency,28,"Charlottesville, Virginia, United States","Charlottesville, Virginia, United States",https://www.linkedin.com/in/elliottgraham,https://www.linkedin.com/company/custom-management-group,"Custom Management Group, full-service, accredited Association Management Company (AMC)",Custom Management Group,
Andrew,Lamping,Andrew Lamping,andrew@cyclonesocial.com,VALID,CEO,1 Owner/Founder/CEO,Cyclone Social,cyclonesocial.com,Other marketing agency,21,"Fort Wayne, Indiana, United States","Fort Wayne, Indiana, United States",https://www.linkedin.com/in/andrewlamping,https://www.linkedin.com/company/cyclonesocial,"Cyclone Social is a world-class social media marketing agency delivering high-quality work with a local feel and national expertise. Having served over 300 clients, our dedicated team excels in managing ad spend, generating organic engagements, and leveraging influencer marketing. We tackle your marketing challenges with compassion, competence, and consistency, ensuring real, measurable success for businesses of all sizes. Trust Cyclone Social to elevate your brand's digital presence.","Cyclone Social Founder/CEO passionate about entrepreneurship, marketing, and business development",
Ryan,Maconochie,Ryan Maconochie,ryan@dcalagency.com,VALID,"Co-Founder, Executive Creative Director",1 Owner/Founder/CEO,D/CAL,dcalagency.com,Other marketing agency,18,"Detroit, Michigan, United States","Chicago, Illinois, United States",https://www.linkedin.com/in/ryan-maconochie-16788728,https://www.linkedin.com/company/dcal-agency,"D/CAL is a brand consultancy and creative agency that collaborates with brands to bridge the gap between culture and commerce. The company offers services in advertising, brand consultation, and creative strategy. D/CAL works with a diverse range of clients, from start-ups to Fortune 500 companies, across various industries including technology, fashion, and food. The agency is co-founded by Tony Hawk and Adam Wilson, aiming to move at the speed of culture and deliver impactful brand experiences.","Curiosity, creativity, charm. 
Art, design, commerce. 
Flags, candy, wine.",
Gavin,Robin,Gavin Robin,gavin@damngood.agency,VALID,CEO/President,1 Owner/Founder/CEO,DAMN GOOD AGENCY,damngood.agency,Other marketing agency,22,"Delray Beach, Florida, United States","Delray Beach, Florida, United States",https://www.linkedin.com/in/gavinrobin,https://www.linkedin.com/company/damn-good-agency,"DAMN GOOD Advertising Agency | Intensely Strategic Web Design, Custom UX/UI, Branding, Logo Design, and Digital Marketing | Delray Beach, FL",25+yrs Marketing Expertise | Brand Centric| Digital Marketing | Web Design| App Development | CRM Integration| Copywriting | Social Media | Video Storytelling | Photography | Business Consultation | Go To Market Strategy,
Oren,Kramek,Oren Kramek,oren@darkroastmedia.com,VALID,Executive Vice President & Chief Creative Officer,1 Owner/Founder/CEO,Dark Roast Media,darkroastmedia.com,Other marketing agency,14,"New York, New York, United States","Brooklyn, New York, United States",https://www.linkedin.com/in/oren-kramek-5084a225,https://www.linkedin.com/company/dark-roast-media,"Home | Dark Roast Media is a full-service branding and creative agency with primary offices located in Manhattan, Boston, and Minneapolis.",:),
Ron,Zywicki,Ron Zywicki,rzywicki@davidjamesgroup.com,VALID,President & Partner,1 Owner/Founder/CEO,David James Group,davidjamesgroup.com,Other marketing agency,25,"Oakbrook Terrace, Illinois, United States","Lombard, Illinois, United States",https://www.linkedin.com/in/ron-zywicki,https://www.linkedin.com/company/david-james-group,"Elevate your mission with David James Group, a leading marketing agency creating impactful campaigns for .orgs to expand community engagement.",President & Partner at David James Group,
Don,Davis,Don Davis,ddavis@dsbpagency.com,VALID,Founder/Partner,1 Owner/Founder/CEO,Davis South Barnette & Patrick Advertising - Digital & Public Relations,dsbpagency.com,Other marketing agency,13,"Mobile, Alabama, United States","Mobile, Alabama, United States",https://www.linkedin.com/in/don-davis-4690528,https://www.linkedin.com/company/davis-south-barnette-&-patrick-advertising-and-public-relations,"Davis South Barnette & Patrick is a full service agency headquartered in Mobile AL providing advertising, digital and public relations.","Partner | DSBP Agency | Award-Winning Political Consultant & Strategic Thinker | Driving Big Ideas & Results for Amazon, Miller Lite, PCI, OWA Parks & Resort | Advertising | Public Relations | Digital Strategist",
Sol,Spier,Sol Spier,sol@dawningdigital.com,VALID,Founder & CEO,1 Owner/Founder/CEO,Dawning Digital,dawningdigital.com,Other marketing agency,12,"St. Petersburg, Florida, United States",United States,https://www.linkedin.com/in/sol-spier-9b2a60105,https://www.linkedin.com/company/dawningdigital,"Boost brand loyalty, spark real conversations, and drive growth with Dawning Digital’s full‑service, ROI‑focused social media and digital marketing solutions. Book a free strategy call today.",Founder | Award-Winning CPG Social Media Marketing Agency | Speaker,
Sheila,Hatch,Sheila Hatch,shatch@decdesign.com,VALID,President and Creative Director,1 Owner/Founder/CEO,Decca Design,decdesign.com,Other marketing agency,23,"San Jose, California, United States","San Jose, California, United States",https://www.linkedin.com/in/sheila-hatch-859b0b4,https://www.linkedin.com/company/decca-design,"Decca offers services in project planning, marketing, web design, graphic design, content development, social media and consulting.","President and Creative Director, Decca Design",
Alex,Martinez,Alex Martinez,alex@deepsleepstudio.com,VALID,Creative Principal and Founder of DeepSleep Studio,1 Owner/Founder/CEO,DeepSleep Studio,deepsleepstudio.com,Other marketing agency,10,"Miami, Florida, United States","Miami, Florida, United States",https://www.linkedin.com/in/deepsleepstudio,https://www.linkedin.com/company/deepsleep-studio,"Located in Miami, FL, DeepSleep Studio offers an array of services such as creative design, brand strategy, film production, video editing, web design, digital design, UX/UI design, responsive design and social media management.",,
Preetha,Pulusani,Preetha Pulusani,preetha@deeptarget.com,VALID,CEO/Founder,1 Owner/Founder/CEO,"DeepTarget, Inc.",deeptarget.com,Other marketing agency,24,"Huntsville, Alabama, United States","Huntsville, Alabama, United States",https://www.linkedin.com/in/preethapulusani,https://www.linkedin.com/company/deeptarget-inc.,DeepTarget specializes in digital marketing campaigns for financial institutions of all sizes. Contact us today for a free demo of our services!,"CEO, DeepTarget",
Ryan,Lincks,Ryan Lincks,Ryan@pilot44.com,VALID,"Co-Founder, Chief Strategy Officer",1 Owner/Founder/CEO,Demonstrate x DDW,pilot44.com,Other marketing agency,23,"San Francisco, California, United States","San Francisco, California, United States",https://www.linkedin.com/in/ryanlincks,https://www.linkedin.com/company/wearedemonstrate,"Discover the power of creativity with Demonstrate x DDW, a full-service brand development, marketing and public relations agency. Bespoke strategies, innovative ideas, impactful storytelling - experience impact for your business today.",CPG & Retail Thought Leader | Agency Executive,
Logan,Draper,Logan Draper,logan@designworksgroup.com,VALID,President,1 Owner/Founder/CEO,DesignWorks Group,designworksgroup.com,Other marketing agency,18,"Wichita Falls, Texas, United States","Wichita Falls, Texas, United States",https://www.linkedin.com/in/logan-draper-20324b21,https://www.linkedin.com/company/dwgroup,"DesignWorks Group is a full-service advertising agency established in 1982. We specialize in traditional and digital marketing and visual storytelling. Our services include branding, print media, media buying, website design, digital advertising, social media management, video production, and photography. We have offices in Wichita Falls and Abilene, Texas.",President | Goal Driven Marketing,
Craig,Draper,Craig Draper,craig@designworksgroup.com,VALID,President,1 Owner/Founder/CEO,DesignWorks Group,designworksgroup.com,Other marketing agency,18,"Wichita Falls, Texas, United States","Wichita Falls, Texas, United States",https://www.linkedin.com/in/craig-draper-7aa97b6,https://www.linkedin.com/company/dwgroup,"DesignWorks Group is a full-service advertising agency established in 1982. We specialize in traditional and digital marketing and visual storytelling. Our services include branding, print media, media buying, website design, digital advertising, social media management, video production, and photography. We have offices in Wichita Falls and Abilene, Texas.",President  DesignWorks Group,
Blake,Drummond,Blake Drummond,blake@dgnl.co,VALID,Founder,1 Owner/Founder/CEO,Diagonal Media // DGNL,dgnl.co,Other marketing agency,26,"New York, United States","New York, New York, United States",https://www.linkedin.com/in/blakedrummond,https://www.linkedin.com/company/dgnlmedia,"Diagonal Media is a creative agency specializing in premium video production. Based in NYC with global capabilities, we are focused on delivering results.","Video Director + Creative; Founder & CEO, Diagonal Media LLC - Proud Member of the National Gay and Lesbian Chamber of Commerce (NGLCCNY)",
Eddie,Price,Eddie Price,eddie@jenesissoftware.com,VALID,Owner & President,1 Owner/Founder/CEO,Diedrich RPM | Research Propelled Marketing,diedrichrpm.com,Other marketing agency,15,"Burnsville, Minnesota, United States","Elon, North Carolina, United States",https://www.linkedin.com/in/eddierprice,https://www.linkedin.com/company/diedrich-rpm,Diedrich RPM (DRPM) is a premier tourism marketing agency partner with decades of experience helping clients nationwide.,Independent Insurance Agency Management Software Specialist | Author,CHECK: email domain differs from company domain
Eman,Talei,Eman Talei,eman@digitalstandout.com,VALID,CEO,1 Owner/Founder/CEO,Digital Standout,digitalstandout.com,Other marketing agency,16,"Calabasas, California, United States","Los Angeles, California, United States",https://www.linkedin.com/in/emantalei,https://www.linkedin.com/company/digital-standout,Digital Standout a full-service digital marketing agency providing data-driven marketing strategies and creative growth solutions for your Los Angeles business.,CEO at Digital Standout - Healthcare Marketing,
Sean,Finley,Sean Finley,sean.finley@digitalthrottle.com,VALID,"President, Motorcycle Group",1 Owner/Founder/CEO,Digital Throttle,digitalthrottle.com,Other marketing agency,17,"Incline Village, Nevada, United States","Anaheim, California, United States",https://www.linkedin.com/in/sean-finley-5b952a6,https://www.linkedin.com/company/digital-throttle,"Easily reach automotive enthusiasts, motorsports fans, and racers and motorcycle riders across targeted websites and social media platforms.","President, Motorcycle Group at Digital Throttle",
Bryan,Robb,Bryan Robb,bryan.robb@digitalthrottle.com,VALID,Founder & President,1 Owner/Founder/CEO,Digital Throttle,digitalthrottle.com,Other marketing agency,17,"Incline Village, Nevada, United States","Incline Village, Nevada, United States",https://www.linkedin.com/in/bryanarobb,https://www.linkedin.com/company/digital-throttle,"Easily reach automotive enthusiasts, motorsports fans, and racers and motorcycle riders across targeted websites and social media platforms.",Founder & President at Digital Throttle,
Lisa,Maier,Lisa Maier,lisa.maier@directivegroup.com,VALID,CEO,1 Owner/Founder/CEO,DirectiveGroup Digital Marketing Agency,directivegroup.com,Other marketing agency,14,"Tampa, Florida, United States","Tampa, Florida, United States",https://www.linkedin.com/in/lisamaier,https://www.linkedin.com/company/directivegroup,"We provide the surety of a big digital marketing agency but deliver results with the mastery, commitment, and passion of an in-house team",CEO and Business Growth Strategist at DirectiveGroup Digital Agency & Consultancy,
Ryan,Thogmartin,Ryan Thogmartin,ryan@disruptmedia.co,VALID,Owner,1 Owner/Founder/CEO,DISRUPT Media,disruptmedia.co,Other marketing agency,21,"Zanesville, Ohio, United States","Scottsdale, Arizona, United States",https://www.linkedin.com/in/ryanthogmartin,https://www.linkedin.com/company/disrupt-media,"DISRUPT Media provides Funeral Homes with a custom marketing plan, Social Media ad campaign development, and promotional ideas.","Entrepreneur, Disruptor, Kingdom-Driven Leader",
Carly,Perez,Carly Perez,carly@divinedesignmarketing.com,VALID,President,1 Owner/Founder/CEO,"Divine Design & Marketing, Inc.",divinedesignmarketing.com,Other marketing agency,10,"Rolling Meadows, Illinois, United States","Rolling Meadows, Illinois, United States",https://www.linkedin.com/in/carly-perez-7a458a10,https://www.linkedin.com/company/divine-design-&-marketing-inc-,"Divine Design is a full-service digital marketing agency located in Rolling Meadows, IL working with B2B and B2C companies.","President at Divine Design & Marketing, Inc.",
Dan'l,Mackey Almy,Dan'l Mackey Almy,dalmy@dma-solutions.com,VALID,President & CEO,1 Owner/Founder/CEO,DMA Solutions,dma-solutions.com,Other marketing agency,18,"McKinney, Texas, United States","New York, New York, United States",https://www.linkedin.com/in/dmalmy,https://www.linkedin.com/company/dma-solutions-inc,We're a one-stop-shop branding and advertising agency that creates custom marketing service plans that leave your audience hungry for more.,"Founder & CEO, DMA Solutions | 25+ Years Marketing Fresh Produce | Trusted Industry Voice | Public Speaker | AI Enthusiast & Education Advocate | Co-Host, Self Smarter Podcast",
Megan,Zweig,Megan Zweig,mzweig@dma-solutions.com,VALID,President,1 Owner/Founder/CEO,DMA Solutions,dma-solutions.com,Other marketing agency,18,"McKinney, Texas, United States","Plano, Texas, United States",https://www.linkedin.com/in/meganzweig,https://www.linkedin.com/company/dma-solutions-inc,We're a one-stop-shop branding and advertising agency that creates custom marketing service plans that leave your audience hungry for more.,"Marketing Executive | Brand, CRM & Revenue Growth | Marketing Technology & Team Leadership",
Lisa,Ng,Lisa Ng,lisa@doinggoodagency.com,VALID,Co-Founder,1 Owner/Founder/CEO,Doing Good Digital,doinggoodagency.com,Other marketing agency,18,"Laguna Beach, California, United States","Laguna Beach, California, United States",https://www.linkedin.com/in/lisang2,https://www.linkedin.com/company/doinggooddigital,"A digital agency for nonprofits. We help grow your digital fundraising program with strategy, design, tech. Blackbaud, Luminate Online Expert",,
Paul,St Onge,Paul St Onge,paul@doinggoodagency.com,VALID,CEO,1 Owner/Founder/CEO,Doing Good Digital,doinggoodagency.com,Other marketing agency,18,"Laguna Beach, California, United States","Los Angeles, California, United States",https://www.linkedin.com/in/paulstonge,https://www.linkedin.com/company/doinggooddigital,"A digital agency for nonprofits. We help grow your digital fundraising program with strategy, design, tech. Blackbaud, Luminate Online Expert",Hospital and Nonprofit Digital Fundraising,
Josh,Krueger,Josh Krueger,josh@dotcomdesign.com,VALID,Chief Executive Officer,1 Owner/Founder/CEO,Dotcom Design,dotcomdesign.com,Other marketing agency,15,"Iowa City, Iowa, United States","Riverside, Iowa, United States",https://www.linkedin.com/in/josh-krueger-b3a16b214,https://www.linkedin.com/company/dotcom-design,"Dotcom Design is a web design, digital marketing, and branding firm based in Iowa. Contact us and let's work together to expand your company.",,
Jane,Kosstrin,Jane Kosstrin,kosstrin@doublespace.com,VALID,"Founder, Chief Creative Officer",1 Owner/Founder/CEO,doublespace,doublespace.com,Other marketing agency,14,"New York, New York, United States","New York, New York, United States",https://www.linkedin.com/in/janekosstrin,https://www.linkedin.com/company/doublespace,"Doublespace is an integrated creative agency. They develop brand identities and platform extensions, produce emotive multi-media sales campaigns, and invent digital applications.","Founder + Chief Creative Officer, Doublespace | Design Thinker | Senior Marketing Executive | Innovator | Think Partner | Mentor",
Abby,Lowder,Abby Lowder,abby@drbizboom.com,VALID,Chief Executive Officer,1 Owner/Founder/CEO,Dr. Biz Boom,drbizboom.com,Other marketing agency,13,"Clearwater, Florida, United States","Clearwater, Florida, United States",https://www.linkedin.com/in/abby-lowder-8493a853,https://www.linkedin.com/company/drbizboom,"Dr. Biz Boom specializes in direct mail, TV commercials, and digital marketing services.",CEO | Dr. Biz Boom | Driving Business Growth & Product Innovation,
David,Moore,David Moore,david@drivendigital.us,VALID,CEO,1 Owner/Founder/CEO,Driven Digital,thedrivenway.co,Other marketing agency,15,"Pryor Creek, Oklahoma, United States","Pryor Creek, Oklahoma, United States",https://www.linkedin.com/in/david-moore-driven-digital,https://www.linkedin.com/company/drivendigital,"We specialize in digital marketing for manufacturers that helps manufacturers make more money! Digital marketing, website development, & email marketing",CEO at Driven Digital,CHECK: email domain differs from company domain
Mike,C.,Mike C.,mike@snapbackdigital.com,VALID,Co-Founder,1 Owner/Founder/CEO,Dynamico,dynamico.co,Other marketing agency,18,"Fort Lauderdale, Florida, United States","Fort Lauderdale, Florida, United States",https://www.linkedin.com/in/mike-c-82a4a455,https://www.linkedin.com/company/dynamicolabs,Dynamico is a full-service marketing and operations agency driving growth and innovation in social gaming.,🎰🎰🎰,CHECK: email domain differs from company domain
Adrian,Bredeson,Adrian Bredeson,adrian@epower.com,VALID,Co-Owner,1 Owner/Founder/CEO,E-Power Marketing,epower.com,Other marketing agency,18,"Oshkosh, Wisconsin, United States","Madison County, Alabama, United States",https://www.linkedin.com/in/adrianbredeson,https://www.linkedin.com/company/e-power-marketing-inc.,"E-Power Marketing is a digital marketing agency based in Oshkosh, WI. We empower businesses through flexible marketing programs and integrated campaigns.",Owner at E-Power Marketing | Passionate about empowering success in both individuals and brands.,
Ellie,Gunville,Ellie Gunville,ellie@epower.com,VALID,Owner,1 Owner/Founder/CEO,E-Power Marketing,epower.com,Other marketing agency,18,"Oshkosh, Wisconsin, United States","Chicago, Illinois, United States",https://www.linkedin.com/in/ellie-gunville-b955b020,https://www.linkedin.com/company/e-power-marketing-inc.,"E-Power Marketing is a digital marketing agency based in Oshkosh, WI. We empower businesses through flexible marketing programs and integrated campaigns.",Empowering Brands to Achieve Digital Success as Owner of E-Power ✨,
Kevin,Slattery,Kevin Slattery,kslattery@e3local.com,VALID,Owner,1 Owner/Founder/CEO,E3 Local,e3local.com,Other marketing agency,21,"Cincinnati, Ohio, United States","Cincinnati, Ohio, United States",https://www.linkedin.com/in/kevin-slattery-2326797,https://www.linkedin.com/company/e3-local,E3 is a local marketing agency that believes return on ad spend has little to do with big ideas and everything to do with good decision making. We deliver locally planned and optimized campaigns into specific markets for advertising teams limited by resources and anxious for growth.,,
Mike,Schaffer,Mike Schaffer,michael@echo-factory.com,VALID,President,1 Owner/Founder/CEO,Echo-Factory,echo-factory.com,Other marketing agency,21,"Pasadena, California, United States","Pasadena, California, United States",https://www.linkedin.com/in/mike-schaffer-98518213,https://www.linkedin.com/company/echo-factory,"Echo-Factory is a Los Angeles-based marketing and advertising agency with expertise in healthcare, clean technology, B2B (aerospace, manufacturing, industrial), and mergers & acquisitions.",CEO at Echo Factory,
Brian,Jameson,Brian Jameson,brian@echogravity.com,VALID,Founder and CEO,1 Owner/Founder/CEO,echogravity,echogravity.com,Other marketing agency,10,"Chicago, Illinois, United States","Miami, Florida, United States",https://www.linkedin.com/in/brianjameson,https://www.linkedin.com/company/echogravity,Hire a team of marketers to help your staffing firm grow. echogravity is the leading marketing agency for staffing and recruiting firms.,Founder & CEO at echogravity | Fractional Marketing Teams for Staffing & Recruiting Firms | In-House Results Without the Overhead,
Katie,Stoddard,Katie Stoddard,katie@ed2market.com,VALID,Founder & President,1 Owner/Founder/CEO,Ed2Market,ed2market.com,Other marketing agency,11,"Louisville, Colorado, United States","Denver, Colorado, United States",https://www.linkedin.com/in/katie-stoddard-6021aa35,https://www.linkedin.com/company/ed-2-market,Partner with a dedicated K-12 education marketing agency. We provide  strategic solutions tailored for organizations serving the K-12 sector.,"📢 Helping K-12 companies improve outreach, increase leads, & close more sales! ✏️",
Helen,Assefaw,Helen Assefaw,helen@edgeconceptsinc.com,VALID,President,1 Owner/Founder/CEO,Edge Concepts Inc.,edgeconceptsinc.com,Other marketing agency,26,"Falls Church, Virginia, United States","Washington, District of Columbia, United States",https://www.linkedin.com/in/helen-assefaw-b24b39148,https://www.linkedin.com/company/edge-concepts-inc,Edge Concepts is a digital marketing company that provides branding strategies to enhance business growth for organizations.,,
Rick,Glasco,Rick Glasco,rglasco@edgemarkpartners.com,VALID,President,1 Owner/Founder/CEO,EdgeMark Partners,edgemarkpartners.com,Other marketing agency,17,"Glen Allen, Virginia, United States","Glen Allen, Virginia, United States",https://www.linkedin.com/in/rick-glasco-cpa-015459a,https://www.linkedin.com/company/edgemark-partners,"Edgemark Partners renders package design, digital marketing, data management, postal and delivery, print and mail production for industries.","President at EdgeMark Partners, Inc.",
Fred,Lebhart ✓,Fred Lebhart ✓,fred@seattlewebdesign.com,VALID,Agency Founder & CEO,1 Owner/Founder/CEO,"efelle creative, digital marketing agency",seattlewebdesign.com,Other marketing agency,28,"Seattle, Washington, United States","Seattle, Washington, United States",https://www.linkedin.com/in/lebhart,https://www.linkedin.com/company/efelle-media-inc,"efelle is an intertionally recognized ecommerce & digital marketing agency based out of Seattle, Washington, delivering highly functional and engaging websites, applications, and digital marketing solutions.  Founded in 2005, efelle has grown into an digital marketing leader, with a successful history of working with companies of all sizes—from startups to Fortune 100 companies. We've built partnerships with some of the largest brands in the world, working with over 900 clients—both domestic and international—who have a combined annual revenue of over $82BB.   efelle created the FusionCMS website content management system in 2005, used worldwide and offering functionality found nowhere else.",Agency Founder & CEO @ efelle creative | Chief Digital Marketing Strategist,
stefan,hartwig,stefan hartwig,stefan@electricpulp.com,VALID,Founder & Chief Design Officer,1 Owner/Founder/CEO,Electric Pulp,electricpulp.com,Other marketing agency,18,United States,"Sioux Falls, South Dakota, United States",https://www.linkedin.com/in/stefanhartwig,https://www.linkedin.com/company/electric-pulp,"Cutting-edge website design, development and digital marketing. We're experts in mobile-friendly websites, ecommerce, digital marketing, progressive web apps and more.",Electric Pulp Founder & Chief Design Officer,
Chris,Edmonds,Chris Edmonds,chris@element74.com,VALID,President/CEO,1 Owner/Founder/CEO,Element 74,element74.com,Other marketing agency,28,"Cape Girardeau, Missouri, United States","Cape Girardeau, Missouri, United States",https://www.linkedin.com/in/cedmonds,https://www.linkedin.com/company/element74,"A digital production company that specializes in combining the best digital marketing tools into successful, focused strategies for any business.",President/CEO at Element 74,
Harold,Robles,Harold Robles,harold@elitewebtechnology.us,VALID,Chief Executive Officer,1 Owner/Founder/CEO,Elite Web Technology,elitewebtechnology.us,Other marketing agency,23,"Beverly Hills, California, United States","Beverly Hills, California, United States",https://www.linkedin.com/in/harold-robles-00697966,https://www.linkedin.com/company/elite-web-technology,"Elite Web Technology is a consulting firm that deals with social media marketing, web development and administration solutions.",UCLA Anderson School of Management,
J.P.,McCarvel,J.P. McCarvel,jp@helloelva.com,VALID,Co-Founder & Partner,1 Owner/Founder/CEO,Elva - A Third and Grove Company ,helloelva.com,Other marketing agency,22,"San Francisco, California, United States","San Diego, California, United States",https://www.linkedin.com/in/johnpaulmccarvel,https://www.linkedin.com/company/helloelva,"Elva is a full-service design group that specializes in creating digital experiences. We elevate websites with design, strategy, and collaborative partnerships.",Co-Founder & Partner @ Elva (A Third And Grove Company) | MBA,
Elyse,Lupin,Elyse Lupin,elyse@elysiummg.com,VALID,President and Founder,1 Owner/Founder/CEO,"Elysium Marketing Group, LLC",elysiummg.com,Other marketing agency,16,"Philadelphia, Pennsylvania, United States","Philadelphia, Pennsylvania, United States",https://www.linkedin.com/in/elyselupin,https://www.linkedin.com/company/elysium-marketing-group-llc,"Elysium Marketing Group, award-winning digital marketing agency in Philadelphia, offers web design, branding, marketing strategy, and more.",President and Founder at Elysium Marketing Group // Marketing Consultant // Brand Strategist// Franchise Marketer,
Marius,Dancea,Marius Dancea,mdancea@empowerlinked.com,VALID,Founder of EmpowerLinked,1 Owner/Founder/CEO,EmpowerLinked,empowerlinked.com,Other marketing agency,10,"Chicago, Illinois, United States","Chicago, Illinois, United States",https://www.linkedin.com/in/dancea-marius,https://www.linkedin.com/company/empowerlinked,"Empowerlinked - the only communications and marketing agency that promotes your business online and offline via generated QR codes, along with website building, digital screens, radio and social media.","Follower of JESUS, Servant, Advocate, Founder",
Frank,Buettel,Frank Buettel,frank@enablementdata.com,VALID,CEO,1 Owner/Founder/CEO,Enablement Data,enablementdata.com,Other marketing agency,16,"New York, New York, United States","New York, New York, United States",https://www.linkedin.com/in/frank-buettel-06206722,https://www.linkedin.com/company/enablement-data,"Enablement Data is an advertising agency that offers branding, lead generation, and digital marketing services.",CEO of Enablement Data,
Ron,Adams,Ron Adams,ron@engagemedia.com,VALID,President and Founder,1 Owner/Founder/CEO,Engage Media,engagemedia.com,Other marketing agency,22,"Voorhees, New Jersey, United States","Philadelphia, Pennsylvania, United States",https://www.linkedin.com/in/rontadams,https://www.linkedin.com/company/engagemediaagency,"Engage Media is a digital marketing agency focused on amazing results for our clients and partners. Our focus is on paid media: Google, Social, TV, Radio, Billboards, and much more. On target. On budget.",Founder | Certified Marketing Partner | Multi-time INC5000 | Best Places to Work,
Angie,Ward,Angie Ward,angie@enrollmediagroup.com,VALID,President,1 Owner/Founder/CEO,Enroll Media Group,enrollmediagroup.com,Other marketing agency,14,"Worcester, Massachusetts, United States","Boston, Massachusetts, United States",https://www.linkedin.com/in/angie-ward-digital-enrollment-marketer,https://www.linkedin.com/company/enrollmediagroup,"Enroll Media Group helps nonprofit schools with strategic, insight-driven digital marketing solutions to ensure long-term enrollment marketing success.","Digital Marketing Strategist for schools, camps & nonprofits. President of Enroll Media Group, a Massachusetts-based Marketing Agency. Co-Host of Upgrade School Marketing Podcast.",
Don,Dibert,Don Dibert,don@epicmc2.com,VALID,President,1 Owner/Founder/CEO,Epic Marketing Consultants Corporation,epicmc2.com,Other marketing agency,14,"Odessa, Delaware, United States","Middletown, Delaware, United States",https://www.linkedin.com/in/epicdon,https://www.linkedin.com/company/epic-marketing-consultants-corporation,"Full-service creative advertising and marketing agency providing first class print, digital development, and design with the latest marketing solutions for the business sector.",President at Epic Marketing Consultants Corporation ◆ Marketing and Advertising Strategist ◆ Innovative Thinker,
Jim,Stewart,Jim Stewart,jim@epicresearch.net,VALID,CEO and Co-Founder,1 Owner/Founder/CEO,Epic Research,epicresearch.net,Other marketing agency,25,"Wilmington, Delaware, United States","Montchanin, Delaware, United States",https://www.linkedin.com/in/jim-stewart-8a428a18,https://www.linkedin.com/company/epic-research-llc,"Provider of marketing and customer acquisition services based in Wilmington, Delaware. The company offers content marketing, direct mailing, digital marketing, funnel optimization, model development, and product advisory services, helping organizations implement easy fixes that make a big difference in converting leads into customers.",CEO at Epic Research,
Shaun,Rajewski,Shaun Rajewski,s.rajewski@epicwebstudios.com,VALID,"COO, Founder",1 Owner/Founder/CEO,Epic Web Studios,epicwebstudios.com,Other marketing agency,22,"Erie, Pennsylvania, United States","Erie, Pennsylvania, United States",https://www.linkedin.com/in/shaunrajewski,https://www.linkedin.com/company/epic-web-studios,Epic Web Studios is a full-scale digital marketing agency with an outstanding track record for helping clients perform.,"COO, Founder at Epic Web Studios",
Eric,Grindley,Eric Grindley,eric@esquireadvertising.com,VALID,CEO,1 Owner/Founder/CEO,Esquire Advertising,esquireadvertising.com,Other marketing agency,27,"Durham, North Carolina, United States","Durham, North Carolina, United States",https://www.linkedin.com/in/ericgrindley,https://www.linkedin.com/company/esquireadvertising,Esquire Advertising is a cutting edge advertising and marketing agency that offers creative marketing technology and analytic solutions.,Founder & CEO at Esquire Media,
Edward,Estipona,Edward Estipona,edward@estiponagroup.com,VALID,President,1 Owner/Founder/CEO,Estipona Group,estiponagroup.com,Other marketing agency,18,"Reno, Nevada, United States","Reno, Nevada, United States",https://www.linkedin.com/in/edwardestipona,https://www.linkedin.com/company/estipona-group,We are a full-service agency doing strategy-driven work designed to help you achieve your business goals. Results matter to us because they matter to you.,"Owner, Estipona Group Advertising & Public Relations",
Eric,Hartsock,Eric Hartsock,ehartsock@exit10.com,VALID,Owner,1 Owner/Founder/CEO,Exit10,exit10.com,Other marketing agency,15,"Maryland, United States","Baltimore County, Maryland, United States",https://www.linkedin.com/in/eric-hartsock-86b8373,https://www.linkedin.com/company/exit10,"Exit10 is a full-service advertising, design & PR agency located in Baltimore's Camden Yards Warehouse.",Creative Director at Exit10,
Ryan,Saucerman,Ryan Saucerman,ryan@exploredigital.com,VALID,Founder & CTO,1 Owner/Founder/CEO,Explore Digital Marketing,exploredigital.com,Other marketing agency,20,"San Diego, California, United States","San Diego, California, United States",https://www.linkedin.com/in/ryansaucerman,https://www.linkedin.com/company/explore-digital-strategy,"ROI-Driven Digital Marketing & Custom Web Design Agency. Boost Visibility, Traffic & Conversions—Book Your FREE Strategy Call Today at (619) 383-2014!",Founder & CTO at Explore Digital,
John,Green,John Green,john@easci.com,VALID,Chief Executive Officer,1 Owner/Founder/CEO,Extreme Arts and Sciences,easci.com,Other marketing agency,18,"Seattle, Washington, United States","Seattle, Washington, United States",https://www.linkedin.com/in/john-green-6051b913,https://www.linkedin.com/company/extreme-arts-&-sciences,Extreme (Arts + Sciences) Digital Marketing Agency Website,Creative Director / Chief Architect at Extreme Arts + Sciences,
Michael,Favia,Michael Favia,michael@favish.com,VALID,Founder,1 Owner/Founder/CEO,Favish,favish.com,Other marketing agency,13,"Austin, Texas, United States","Austin, Texas, United States",https://www.linkedin.com/in/michaelfavia,https://www.linkedin.com/company/favish-inc,"Favish is a creative agency that offers UX design, graphic design, web and mobile development services.",Founder at Favish,
Cynthia,Hallman,Cynthia Hallman,cynthia@fig-street.com,VALID,President/CEO,1 Owner/Founder/CEO,Fig Street Marketing Group,fig-street.com,Other marketing agency,16,"Leeds, Alabama, United States","St. Clair County, Alabama, United States",https://www.linkedin.com/in/cynthia-hallman-493b716,https://www.linkedin.com/company/fig-street-marketing-group,Fig Street Marketing Group is a marketing agency specializing in integrated marketing services.,"President/CEO, Fig Street Marketing Group, Inc.",
Jen,Frazier,Jen Frazier,jen@fireflypartners.com,VALID,Founder + CEO,1 Owner/Founder/CEO,Firefly Partners,fireflypartners.com,Other marketing agency,12,"Boulder, Colorado, United States","Boulder, Colorado, United States",https://www.linkedin.com/in/frazierjennifer,https://www.linkedin.com/company/fireflypartners,"Firefly Partners provides strategic digital solutions for nonprofits. Their services include Google analytics, custom reporting dashboards, digital marketing analysis, digital ecosystem audits and recommendations, strategic planning, and project management. They respond to customer inquiries by phone, contact form, and email.","Founder + CEO @fireflypartners, certified B corp | Purpose-First AI for the social sector | author | podcaster | speaker | martech expert | pro-choice progressive feminist | mtb + outdoor enthusiast | mom | LGBTQ+",
Chelsea,Flint,Chelsea Flint,chelsea@flintanalytics.com,VALID,President,1 Owner/Founder/CEO,Flint Analytics,flintanalytics.com,Other marketing agency,10,"Carmel, Indiana, United States","Carmel, Indiana, United States",https://www.linkedin.com/in/chelsea-flint-9718b86a,https://www.linkedin.com/company/flint-analytics,"Flint Analytics, is your locally focused digital marketing agency. Whether you are targeting one market or hundreds we help you not only get found by growing sales in your local markets.",President at Flint Analytics,
Merritt,McNeely,Merritt McNeely,merritt@flockandrally.com,VALID,Chief Executive Officer,1 Owner/Founder/CEO,Flock and Rally: Integrated Communications & Marketing,flockandrally.com,Other marketing agency,22,"Columbia, South Carolina, United States","Columbia, South Carolina, United States",https://www.linkedin.com/in/merritt-mcneely-55890381,https://www.linkedin.com/company/flockandrally,"Flock and Rally is a full-service creative agency integrating branding,  public relations, marketing, advertising and social media.",Chief Executive Officer,
Mollye,Rhea,Mollye Rhea,mollye@formomentum.com,VALID,President,1 Owner/Founder/CEO,For Momentum,formomentum.com,Other marketing agency,17,"Atlanta, Georgia, United States","Atlanta, Georgia, United States",https://www.linkedin.com/in/mollyerhea,https://www.linkedin.com/company/for-momentum,For Momentum is a national cause marketing agency that pairs the right brands with the right causes in a way that benefits both sides.,"President and Founder @ For Momentum | Social Impact Partnerships, Cause Marketing, CSR",
Harry,Chapin,Harry Chapin,hchapin@forgeworldwide.com,VALID,CEO,1 Owner/Founder/CEO,Forge Worldwide,forgeworldwide.com,Other marketing agency,12,"Boston, Massachusetts, United States","Boston, Massachusetts, United States",https://www.linkedin.com/in/harrychapin,https://www.linkedin.com/company/forge-worldwide,"Forge is a Boston based strategically-focused brand, advertising, and digital agency that understands business goals and develops fast, purposeful...",Forge Worldwide CEO and founder,
Max,Fose,Max Fose,max@fosemckay.com,VALID,President,1 Owner/Founder/CEO,Fose + McKay,fosemckay.com,Other marketing agency,11,"Phoenix, Arizona, United States","Washington, District of Columbia, United States",https://www.linkedin.com/in/maxfose,https://www.linkedin.com/company/fose-mckay,"Fose+McKay is an advertising agency that provides branding, content creation, media planning, graphic design, and social media engagement.","President at Fose + McKay, a national advertising and public affairs agency.",
Tiffany,Harris,Tiffany Harris,tharris@fostermarketing.com,VALID,President,1 Owner/Founder/CEO,"Foster Marketing, LLC",fostermarketing.com,Other marketing agency,27,"Lafayette, Louisiana, United States","Lafayette, Louisiana, United States",https://www.linkedin.com/in/tiffany-harris-3951771,https://www.linkedin.com/company/foster-marketing-llc,"Foster Marketing specializes in integrated communication strategies, digital marketing, public relations, trade shows, events & advertising.",President & CEO of Foster Marketing,
Mike,Nelson,Mike Nelson,mike.nelson@four15digital.com,VALID,Co-Founder,1 Owner/Founder/CEO,Four15 Digital,four15digital.com,Other marketing agency,17,"Walnut Creek, California, United States","Long Beach, California, United States",https://www.linkedin.com/in/mike-d-nelson,https://www.linkedin.com/company/four15-digital,Four15 Digital is a digital marketing and advertising agency.,Four15 Digital - Your Digital Growth Team,
JT,Logan,JT Logan,jt@fourdeep.co,VALID,Founder & Chief Executive Officer,1 Owner/Founder/CEO,FOURDEEP,fourdeep.com,Other marketing agency,13,"Richmond, Virginia, United States","Richmond, Virginia, United States",https://www.linkedin.com/in/iamjtlogan,https://www.linkedin.com/company/four-deep-multimedia,"Advertising and marketing agency based in Richmond, VA and Alexandria, VA with global reach.",Founder & CEO at FOURDEEP,
Bob,Scavilla,Bob Scavilla,bob@fourfront.us,VALID,Partner & Chief Executive Officer,1 Owner/Founder/CEO,FourFront,fourfront.us,Other marketing agency,18,"Philadelphia, Pennsylvania, United States","Philadelphia, Pennsylvania, United States",https://www.linkedin.com/in/robertscavilla,https://www.linkedin.com/company/fourfront-llc,"FourFront is a digital marketing agency near Philadelphia, PA. Our data-backed approach is proven to help businesses like yours grow and succeed. Learn more today.",CEO & Founder at FourFront | Helping Businesses Grow Through Innovative Digital Marketing Strategies & Advanced Data Analytics,
Thomas,Mooney,Thomas Mooney,thomas@fourthidea.com,VALID,"CEO, Creative Director",1 Owner/Founder/CEO,FourthIdea,fourthidea.com,Other marketing agency,13,"Buffalo, New York, United States","Niagara Falls, New York, United States",https://www.linkedin.com/in/thomas-mooney-238a853,https://www.linkedin.com/company/fourthidea,"FourthIdea is an advertising agency that offers a creative resource for the hospitality, tourism, manufacturing & financial industries.",Principal at FourthIdea,
Mark,Bubula,Mark Bubula,mark@friends-neighbors.com,VALID,"Co-Founder, President, and Chief Strategy Officer",1 Owner/Founder/CEO,Friends & Neighbors,friends-neighbors.com,Other marketing agency,12,"Minneapolis, Minnesota, United States","Minneapolis, Minnesota, United States",https://www.linkedin.com/in/mark-bubula-4081052,https://www.linkedin.com/company/friends-&-neighbors,Friends & Neighbors is a Minneapolis brand strategy and creative advertising agency building brands based on their core beliefs.,"I build brands that create real enterprise value, deliver superior ROI, and earn the most coveted position of a trusted friend and neighbor.",
Mark,Battista,Mark Battista,mark@gofullcontact.com,VALID,"President, Partner",1 Owner/Founder/CEO,Full Contact Advertising,gofullcontact.com,Other marketing agency,23,"Boston, Massachusetts, United States","Brookline, Massachusetts, United States",https://www.linkedin.com/in/markbattista13,https://www.linkedin.com/company/full-contact-advertising,"Full Contact Advertising is an award-winning, full-service advertising  agency located in Boston, Massachusetts.",Managing Partner @ Full Contact Advertising,
Patrick,Frame,Patrick Frame,pframe@further-digital.com,VALID,Founder & Principal,1 Owner/Founder/CEO,Further - Digital Solutions for Nonprofits,further-digital.com,Other marketing agency,16,"Annapolis, Maryland, United States","Annapolis, Maryland, United States",https://www.linkedin.com/in/patrickframe,https://www.linkedin.com/company/furtherdigital,"Further is a digital marketing agency that provides effective strategy, fundraising, and marketing for clients who aspire to make the world a better place now, and for the next generation. As a performance-based marketing agency they provide measurably better fundraising, stronger donor engagement strategies, and high impact advocacy and lead-gen campaigns.","Entreprenuer, Fundraiser, Mentor, Investor",
Kelly,Wold Smith,Kelly Wold Smith,kelly@futuramarketing.com,VALID,President | Owner | Strategic & Creative Services | Project Management,1 Owner/Founder/CEO,Futura Marketing,futuramarketing.com,Other marketing agency,26,"Eden Prairie, Minnesota, United States","Minnetonka, Minnesota, United States",https://www.linkedin.com/in/kellywoldsmith,https://www.linkedin.com/company/futura-marketing,Futura Marketing is a creative agency that promotes the brand and contributes insights to achieve effective marketing and sales.,President | Owner at Futura Marketing | Delivering Impressive Strategic and Creative Solutions,
Melisa,Smith,Melisa Smith,melisa@gcfactory.com,VALID,Chief Executive Officer,1 Owner/Founder/CEO,GCF,gcfactory.com,Other marketing agency,22,"Austin, Texas, United States","Austin, Texas, United States",https://www.linkedin.com/in/melisa-smith-b8316047,https://www.linkedin.com/company/greatest-common-factory,"Austin Advertising Agency and Production Company providing brand strategy,  creative content and production for all channels.",CEO at GCF,
John,Trahar,John Trahar,john@gcfactory.com,VALID,Founder // Strategic and Creative Lead,1 Owner/Founder/CEO,GCF,gcfactory.com,Other marketing agency,22,"Austin, Texas, United States","Austin, Texas, United States",https://www.linkedin.com/in/johntrahar,https://www.linkedin.com/company/greatest-common-factory,"Austin Advertising Agency and Production Company providing brand strategy,  creative content and production for all channels.","Aligning strategy, creative, production, and common sense to make things better.",
John,Delaney,John Delaney,jdelaney@genuityconcepts.com,VALID,CEO & Owner,1 Owner/Founder/CEO,"Genuity Concepts, Inc.",genuityconcepts.com,Other marketing agency,17,"Greensboro, North Carolina, United States","Greensboro, North Carolina, United States",https://www.linkedin.com/in/johndelaneygenuity,https://www.linkedin.com/company/genuity-concepts,"Genuity Concepts is a leading tactile marketing agency specializing in custom and off-the-shelf promotional marketing materials. Unique items, engagements tools, sales kits.","CEO, Genuity Concepts, Inc.",
Tracy,McCoy,Tracy McCoy,tracy@getfishslapped.com,VALID,President & Founder,1 Owner/Founder/CEO,Get Fish Slapped LLC Digital Marketing,getfishslapped.com,Other marketing agency,14,"Sebring, Florida, United States","Sebring, Florida, United States",https://www.linkedin.com/in/tracy-mccoy-a3888835,https://www.linkedin.com/company/get-fish-slapped-llc,"Get Fish Slapped Marketing Agency was built around working with companies to streamline their marketing strategies, freeing up their time to run their businesses.",President & Founder | Digital Marketing @ Get Fish Slapped LLC,
Steven,Mammone,Steven Mammone,smammone@getfused.com,VALID,President,1 Owner/Founder/CEO,Getfused,getfused.com,Other marketing agency,23,"Boston, Massachusetts, United States","Dedham, Massachusetts, United States",https://www.linkedin.com/in/mammone,https://www.linkedin.com/company/getfused,"Getfused is a full service creative marketing agency based in Boston, MA. Capabilities include web, branding, and marketing.",President @ Getfused | Enhancing Digital Marketing Strategies,
Jennie,Smythe,Jennie Smythe,jennie@girlillamarketing.com,VALID,"President, CEO",1 Owner/Founder/CEO,Girlilla Marketing®,girlillamarketing.com,Other marketing agency,17,"Nashville, Tennessee, United States","Nashville, Tennessee, United States",https://www.linkedin.com/in/jenniesmythe,https://www.linkedin.com/company/girlilla-marketing,"Provider of marketing services catering to brands and businesses. The company offers services related to digital marketing including fan-to-fan online marketing, social community building, integrated editorial promotion and mobile marketing for entertainment industry clients.","CEO, Girlilla Marketing",
Terry,Goen,Terry Goen,terry.goen@goensouth.com,VALID,Owner,1 Owner/Founder/CEO,Goen South,goensouth.com,Other marketing agency,25,"San Antonio, Texas, United States",United States,https://www.linkedin.com/in/terry-goen-21233940,https://www.linkedin.com/company/goen-south,"Goen South DMC is the premier Texas Destination Management Company. Full service event planning and production serving San Antonio, Austin, Houston and Dallas.",Owner at Goen South,
Xana,Winans,Xana Winans,xana@goldenproportions.com,VALID,Owner,1 Owner/Founder/CEO,Golden Proportions Marketing,goldenproportions.com,Other marketing agency,22,"Milton, Pennsylvania, United States","Lewisburg, Pennsylvania, United States",https://www.linkedin.com/in/xana-winans-b7325711,https://www.linkedin.com/company/golden-proportions-marketing,Golden Proportions Marketing is a marketing and advertising agency specialized in dental marketing.,,
Daniel Alejandro,Romano,Daniel Alejandro Romano,daniel.romano@goodmoose.co,VALID,Co-founder & CEO,1 Owner/Founder/CEO,Good Moose,goodmoose.co,Other marketing agency,25,"New York, New York, United States","New York, New York, United States",https://www.linkedin.com/in/danielalejandroromano,https://www.linkedin.com/company/good-moose,"We are an independent growth marketing agency based in New York. We help brands to launch, grow, and scale sustainably. Say hello@goodmoose.co.",Co-founder & CEO at Good Moose,
David,Brown,David L. Brown,david@good2bsocial.com,VALID,Editor in Chief and Co-Founder,1 Owner/Founder/CEO,Good2bSocial,good2bsocial.com,Other marketing agency,23,"New York, New York, United States","New York City Metropolitan Area, United States",https://www.linkedin.com/in/davidlbrownjr,https://www.linkedin.com/company/good2bsocial,"At Good2bSocial the digital marketing division of Best Lawyers®, we help law firms of all sizes use digital tools to stand out, build thought leadership, and reach key audiences. Contact us.",,
Ben,Herman,Ben Herman,benh@madfishdigital.com,VALID,Chief Executive Officer,1 Owner/Founder/CEO,Grady Britton,madfishdigital.com,Other marketing agency,29,"Portland, Oregon, United States","Portland, Oregon, United States",https://www.linkedin.com/in/benherman1,https://www.linkedin.com/company/grady-britton,"Provider of advertising services based in Portland, Oregon. The company specializes in brand strategy, media and digital marketing, content development, public relations, research, and insight.","CEO, Mad Fish Digital + Grady Britton | Where bold brand thinking meets performance that proves it",
Melissa,Hartig,Melissa Hartig,melissa@graficsunlimited.com,VALID,Co-Owner,1 Owner/Founder/CEO,Grafics Unlimited,graficsunlimited.com,Other marketing agency,10,"Sparks, Nevada, United States","Reno, Nevada, United States",https://www.linkedin.com/in/melissa-hartig-3694471ba,https://www.linkedin.com/company/grafics-unlimited,"Grafics Unlimited is Northern Nevada's premier car wrap and sign shop. We're a family-owned, full-service sign business since 1976.",,
Greg,Hartig,Greg Hartig,greg@graficsunlimited.com,VALID,President,1 Owner/Founder/CEO,Grafics Unlimited,graficsunlimited.com,Other marketing agency,10,"Sparks, Nevada, United States","Sparks, Nevada, United States",https://www.linkedin.com/in/greg-hartig-b7965a80,https://www.linkedin.com/company/grafics-unlimited,"Grafics Unlimited is Northern Nevada's premier car wrap and sign shop. We're a family-owned, full-service sign business since 1976.",Owner at Grafics Unlimited,
Chris,Patulski,Chris Patulski,chris@grassrootsbranding.com,VALID,President,1 Owner/Founder/CEO,GrassRoots Branding Agency,grassrootsbranding.com,Other marketing agency,18,"Chicago, Illinois, United States","Chicago, Illinois, United States",https://www.linkedin.com/in/chris-patulski-0a80554,https://www.linkedin.com/company/grassroots-branding-agency,"Discover GrassRoots Branding, a full-service promotional marketing agency  specializing in custom branding solutions, webstore development, and  eco-friendly promotional products.",President at GrassRoots Branding Agency,
Melanie,Allen,Melanie Allen,melanie@greenloopmktg.com,VALID,CEO + Co-Founder,1 Owner/Founder/CEO,Green Loop Marketing,greenloopmktg.com,Other marketing agency,15,"Indianapolis, Indiana, United States","Indianapolis, Indiana, United States",https://www.linkedin.com/in/melaniearallen,https://www.linkedin.com/company/green-loop-marketing,"Green Loop Marketing is a marketing agency that provides content creation, paid ads, community relations, organic social media, and email marketing services. The agency offers marketing strategies, day-to-day implementation, development, measures, and creativity for the growth of clients from various industries.",CEO + Co-Founder at Green Loop Marketing | Board Chair for Pattern | 2024 IBJ’s Forty under 40,
Bob,Griffin,Bob Griffin,bob@griffin360.com,VALID,"Founder, CEO",1 Owner/Founder/CEO,griffin360,griffin360.com,Other marketing agency,18,"New York, New York, United States","New York, New York, United States",https://www.linkedin.com/in/robertegriffin,https://www.linkedin.com/company/griffin-integrated-communications,griffin360 is a marketing agency that delivers B2B and B2C solutions.,"Founder, Griffin360 | 50 Years Turning Innovation into Market Success | Now Focused on AI-Driven Brand Strategy",
Kaleb,Scharmahorn,Kaleb Scharmahorn,kaleb@gritandgravel.com,VALID,Chief Executive Officer,1 Owner/Founder/CEO,Grit & Gravel,gritandgravel.com,Other marketing agency,21,"Lebanon, Tennessee, United States","Lebanon, Tennessee, United States",https://www.linkedin.com/in/kalebscharmahorn,https://www.linkedin.com/company/gritandgravel,"Grit and Gravel is a marketing agency that offers branding, advertising, web design, and e-mail marketing services for businesses.","CEO @ Grit & Gravel // Attention Company & Fractional Marketing Department for Growing Senior Living Businesses // Helping turn logos into brands, offices into environments, and marketing expense into investment.",
Michael,Lapico,Michael Lapico,mlapico@group55.com,VALID,President/COO,1 Owner/Founder/CEO,Group 55 Marketing,group55.com,Other marketing agency,12,"Detroit, Michigan, United States","Detroit, Michigan, United States",https://www.linkedin.com/in/michael-lapico-61445b8,https://www.linkedin.com/company/group-55-marketing,"Group 55 Marketing is a full-service ad agency that provides advertising, marketing services.",Entrepreneur I Marketing Visionary New Business,
Katheryn,Hunt,Katheryn Hunt,khunt@growingsales.com,VALID,Founder and CEO,1 Owner/Founder/CEO,GROW Marketing Agency,growingsales.com,Other marketing agency,15,"Eureka, Missouri, United States","St. Louis County, Missouri, United States",https://www.linkedin.com/in/katherynhunt,https://www.linkedin.com/company/growingsales,"GROW Marketing Agency is St. Louis’ favorite digital marketing agency! We specialize in website design, digital marketing, branding, and business strategies designed to GROW your sales! Our marketing strategies save you time & money while increasing your revenue! See why local businesses love us!",Founder/CEO of GROW Marketing Agency,
Craig,Alexander,Craig Alexander,calexander@gumas.com,VALID,President,1 Owner/Founder/CEO,Gumas,gumas.com,Other marketing agency,25,"San Francisco, California, United States","San Francisco, California, United States",https://www.linkedin.com/in/craig-alexander-5542001a,https://www.linkedin.com/company/gumas-,"Gumas is an award-winning, full service San Francisco advertising agency and the country’s foremost authority on Challenger Brand Marketing®.",President at Gumas,
John,Daniel,John Daniel,john@h2ocreativegroup.com,VALID,President / Founding & Managing Partner,1 Owner/Founder/CEO,h2o creative group,h2ocreativegroup.com,Other marketing agency,18,"Brunswick, Georgia, United States","St. Simons, Georgia, United States",https://www.linkedin.com/in/jdh2o,https://www.linkedin.com/company/h2o-creative-group,H2o is a design and creative agency that offers services to its clients in the marketing and branding sector.,President/Founding Partner h2o Creative Group,
Cathy,Martin,Cathy Martin,cathy.martin@hamlynmarketing.com,VALID,President,1 Owner/Founder/CEO,Hamlyn Marketing,hamlynmarketing.com,Other marketing agency,10,"Medford, New Jersey, United States","Medford, New Jersey, United States",https://www.linkedin.com/in/cathy-martin-2555805,https://www.linkedin.com/company/hamlynmarketing,Hamlyn Senior Marketing is a full service marketing a sales agency with over 35 years of experience in the senior living industry.,President at Hamlyn Marketing,
Catherine,Martin,Catherine Martin,cmartin@hamlynmarketing.com,VALID,Chief Executive Officer,1 Owner/Founder/CEO,Hamlyn Marketing,hamlynmarketing.com,Other marketing agency,10,"Medford, New Jersey, United States","Haddonfield, New Jersey, United States",https://www.linkedin.com/in/catherine-martin-2b8494114,https://www.linkedin.com/company/hamlynmarketing,Hamlyn Senior Marketing is a full service marketing a sales agency with over 35 years of experience in the senior living industry.,President at Hamlyn Senior Marketing,
Brandon,Reed,Brandon Reed,brandon@happyhourmediagroup.com,VALID,Founder/Partner,1 Owner/Founder/CEO,Happy Hour Media Group,happyhourmediagroup.com,Other marketing agency,20,"Kirkland, Washington, United States","Kirkland, Washington, United States",https://www.linkedin.com/in/brandon-reed-81897b63,https://www.linkedin.com/company/happy-hour-media-group,"Happy Hour Media Group is a creative agency that deals with digital marketing, data reporting, branding, web and graphic design.",,
Rick,Arnemann,Rick Arnemann,rarnemann@harmongrp.com,VALID,CEO,1 Owner/Founder/CEO,Harmon Group,harmongrp.com,Other marketing agency,16,"Nashville, Tennessee, United States","Nashville, Tennessee, United States",https://www.linkedin.com/in/rick-arnemann-b529a96,https://www.linkedin.com/company/the-harmon-group,"The Creative Marketing Agency in Nashville, TN. Our team delivers forward-thinking strategies that work for our clients and their businesses. As a Creative advertising agencies and digital marketing firms we offer a wide range of services including creative design, branding & Social Media and more.",CEO at Harmon Group,
Arica,Rosenthal,Arica Rosenthal,arica@hartandhighland.com,VALID,Co-Founder & COO,1 Owner/Founder/CEO,Hart & Highland,hartandhighland.com,Other marketing agency,19,"Santa Monica, California, United States","Los Angeles, California, United States",https://www.linkedin.com/in/aricarosenthal,https://www.linkedin.com/company/hartandhighland,"A socially-focused marketing strategy and creative studio, here to help CPG  brands be heard, seen, and understood by their target consumer.  Photography, social media, paid social, and influencer campaigns.","Co-Founder & COO at Hart & Highland | Agency Operations, Leadership & Growth",
Scott,Mikolajczyk,Scott Mikolajczyk,scottm@havitad.com,VALID,CEO,1 Owner/Founder/CEO,Havit.,havitad.com,Other marketing agency,10,"Washington, District of Columbia, United States","Washington, District of Columbia, United States",https://www.linkedin.com/in/scott-mikolajczyk-b80a266,https://www.linkedin.com/company/havit-advertising,"Havit is an independent, award-winning, advertising and marketing agency located in Washington, DC and Philadelphia, PA.",BRAND MARKETING MEETS CREATIVE PERFORMANCE UNLOCKING NEW GROWTH FOR OUR CLIENTS.,
Shannon,Leaf,Shannon Leaf,sleaf@havitad.com,VALID,President & Chief Experience Officer,1 Owner/Founder/CEO,Havit.,havitad.com,Other marketing agency,10,"Washington, District of Columbia, United States","Philadelphia, Pennsylvania, United States",https://www.linkedin.com/in/shannonfoy,https://www.linkedin.com/company/havit-advertising,"Havit is an independent, award-winning, advertising and marketing agency located in Washington, DC and Philadelphia, PA.","President & Chief Experience Officer, Brand Response Marketing Agency",
Daniel,Black,Daniel Black,dblack@hencove.com,VALID,Founder & Managing Principal,1 Owner/Founder/CEO,Hencove,hencove.com,Other marketing agency,18,"Needham, Massachusetts, United States","Needham, Massachusetts, United States",https://www.linkedin.com/in/blackdaniel,https://www.linkedin.com/company/hencove-marketing-llc,"Your goals, our expertise. Engage a full-service B2B marketing agency laser-focused on growing your brand while fitting seamlessly into your team.",Founder of Hencove (B2B Marketing Agency),
Becka,Burger,Becka Burger,becka@henkinschultz.com,VALID,Partner / President,1 Owner/Founder/CEO,HenkinSchultz,henkinschultz.com,Other marketing agency,19,"Sioux Falls, South Dakota, United States","Sioux Falls, South Dakota, United States",https://www.linkedin.com/in/becka-burger-a4b19425,https://www.linkedin.com/company/henkinschultz,"We are a marketing agency in Sioux Falls, SD specializing in branding, digital marketing, graphic design, video, website design and development and corporate event planning!",Partner / President at HenkinSchultz Creative Services,
Richard,Bumgarner,Richard Bumgarner,rbumgarner@heromarketing.com,VALID,Founder & CEO,1 Owner/Founder/CEO,HERO Marketing,heromarketing.com,Other marketing agency,29,"San Francisco, California, United States","San Francisco, California, United States",https://www.linkedin.com/in/rbumgarner,https://www.linkedin.com/company/hero-marketing,"We're an integrated marketing and advertising agency, right in the heart of  downtown San Francisco. Whether we’re delivering cross-channel campaigns,  data-driven insights, or a much-needed high-five, we do it because watching  clients succeed is our passion.",Founder & CEO at HERO Marketing,
Lyn,Rundell,Lyn Rundell,lrundell@heromarketing.com,VALID,Co-Founder/Owner (2012 to present) - CEO (2012-2021),1 Owner/Founder/CEO,HERO Marketing,heromarketing.com,Other marketing agency,29,"San Francisco, California, United States","Seattle, Washington, United States",https://www.linkedin.com/in/lynrundell,https://www.linkedin.com/company/hero-marketing,"We're an integrated marketing and advertising agency, right in the heart of  downtown San Francisco. Whether we’re delivering cross-channel campaigns,  data-driven insights, or a much-needed high-five, we do it because watching  clients succeed is our passion.",Co-Founder & Retired CEO at HERO Marketing  l  Marketing Advisor  l  Investor,
Florian,Herrmann,Florian Herrmann,florian@herrmannglobal.com,VALID,Founder & CEO,1 Owner/Founder/CEO,Herrmann Global,herrmannglobal.com,Other marketing agency,12,"Lander, Wyoming, United States","Lander, Wyoming, United States",https://www.linkedin.com/in/florianherrmann,https://www.linkedin.com/company/herrmannglobal,"At Herrmann Global, we are passionate about experience-based travel. Through our Visit USA Parks and Untraveled brands, we are dedicated to promoting experience-based and sustainable travel to lesser-known destinations. Partnering with us means collaborating with experts who create strategic plans and tactics to enhance the visitor experience for conscientious travelers. We dig deep to uncover and share unique stories that capture the essence of travel, forging a deep connection with audiences. Utilizing cutting-edge technology in paid digital and social media, we ensure these compelling stories reach a targeted audience eager to explore your destination responsibly.  Our mission is to deliver digital solutions that enable and transform travelers worldwide, sharing their journeys and promoting purposeful travel. With over 50 years of combined experience in global sustainable tourism, travel publishing, and destination branding, we understand what motivates today's leisure and business travelers: unique destinations where they can contribute to the preservation of tourism authenticity and sustainable tourism.  In a world of global competition and instant access, travel brands succeed or fail based on their ability to deliver compelling stories to their audiences. At Herrmann Global, we embrace the digital age of superior experiences, where unique, relevant, authentic, and visually engaging connections foster absolute brand affinity.","Passionate Thought Leader In Tourism, Innovative Entrepreneur In Digital Marketing.",
Hunter,Young,Hunter Young,hunter@hifiagency.com,VALID,"Founder, President",1 Owner/Founder/CEO,HIFI Agency,hifiagency.com,Other marketing agency,22,"Raleigh, North Carolina, United States","Raleigh, North Carolina, United States",https://www.linkedin.com/in/hunteryoung,https://www.linkedin.com/company/hifiagency,"HIFI Agency partners with the boldest financial brands to help elevate and enliven their brand, media, content, and digital marketing efforts.",Founder @ HIFI Agency | Builder of an Inc. 5000 Marketing Company Serving the Financial Services and Fintech Industry | Blending Billion-Dollar Customer Acquisition and Brand Story | Closet DJ,
Patrick,Bosse,Patrick Bosse,patrick@holtbosse.com,VALID,President & Strategy,1 Owner/Founder/CEO,Holt Bosse,holtbosse.com,Other marketing agency,19,"Michigan, United States","St. Joseph County, Michigan, United States",https://www.linkedin.com/in/pbosse,https://www.linkedin.com/company/holt-bosse,"We provide a wide range of services including market research, strategic planning, creative design, digital marketing, and campaign management.",President & Strategy at Holt Bosse,
Ron,Morgan,Ron Morgan,ron@horizon-mc.com,VALID,President,1 Owner/Founder/CEO,Horizon Marketing,horizonmarketing.co,Other marketing agency,10,"Villa Park, California, United States","Villa Park, California, United States",https://www.linkedin.com/in/morganron,https://www.linkedin.com/company/horizon-marketing-corporation,Set your small business apart from the competition with the best digital marketing agency in Orange County. Contact us to generate more traffic & get more leads,SMB Internet Marketing Specialists - Helping business dominate in their online market!,CHECK: email domain differs from company domain
Don,Lee,Don Lee,donl@horizonscompanies.com,VALID,"President, CEO",1 Owner/Founder/CEO,Horizons Companies,horizonscompanies.com,Other marketing agency,14,"Columbus, Ohio, United States","Columbus, Ohio, United States",https://www.linkedin.com/in/donaldalee,https://www.linkedin.com/company/horizons-companies,"Digital Media Production, Studio Rentals, Video, Audio, Web Development, Social Media, Digital Communications, Video Production Columbus Ohio","Award Winning Producer/Director. President, CEO @ Horizons Companies | Marketing Communications | Photography | Film | TV and Social Content.",
Nicole,Howerton,Nicole Howerton,nhowerton@howertonwhite.com,VALID,Founder and President,1 Owner/Founder/CEO,Howerton+White,howertonwhite.com,Other marketing agency,17,"Wichita, Kansas, United States",United States,https://www.linkedin.com/in/nhowerton,https://www.linkedin.com/company/howerton-white,"Howerton+White is an integrated advertising & marketing agency, located in Wichita, KS, providing strategic marketing solutions for regional & national brands.","President and Executive Creative Director, Brand Strategy",
Nicolas,Will,Nicolas Will,nicolas@humdingerandsons.com,VALID,Founder // Chief Creative Officer,1 Owner/Founder/CEO,Humdinger,humdingerandsons.com,Other marketing agency,23,"Minneapolis, Minnesota, United States","Minneapolis, Minnesota, United States",https://www.linkedin.com/in/nicolaswill,https://www.linkedin.com/company/humdinger-&-sons,"Humdinger is a new breed of creative agency, built to help tech-minded brands fuel growth with beautiful design, intuitive experiences, and powerful storytelling.",Founder // Chief Creative Officer at Humdinger,
Emily,Nyaz,Emily Nyaz,enyaz@husldigital.com,VALID,Founder and CEO,1 Owner/Founder/CEO,HUSL Digital,husldigital.com,Other marketing agency,16,"Reston, Virginia, United States","Washington, United States",https://www.linkedin.com/in/emilynyaz,https://www.linkedin.com/company/husldigital,"Full service website design, development and digital marketing agency, with expertise to maximize online visibility, user engagement and overall business impact.","Founder & CEO, HUSL Digital | Helping B2B Brands Scale Smarter with AI, Systems, and Strategy",
Greg,Peters,Greg Peters,greg@hybridmarketingco.com,VALID,President,1 Owner/Founder/CEO,Hybrid Marketing Co. - Cannabis Marketing Agency,4bmarketing.com,Other marketing agency,20,"Denver, Colorado, United States","Denver, Colorado, United States",https://www.linkedin.com/in/greg-peters-3707953,https://www.linkedin.com/company/hybrid-marketing-co,We are an outcomes-based branding and marketing agency for the cannabis industry. Get in touch with us for less complexity and more results.,President at 4B and Hybrid Marketing Co.,CHECK: email domain differs from company domain
Brooke,Boyd,Brooke Boyd,brooke@hypegroup.net,VALID,President,1 Owner/Founder/CEO,Hype Group,hypegroup.net,Other marketing agency,17,"St. Petersburg, Florida, United States","St. Petersburg, Florida, United States",https://www.linkedin.com/in/brookeboyd,https://www.linkedin.com/company/hype-group,"Discover Hype Group: a full-service branding and marketing agency that helps businesses grow through strategic design, digital solutions, and impactful branding.","Owner, Hype Group",
Kriston,Sellier,Kriston Sellier,kriston@id8agency.com,VALID,President,1 Owner/Founder/CEO,id8: Branding for mid-market expansion and M&A,id8agency.com,Other marketing agency,11,"Marietta, Georgia, United States","Marietta, Georgia, United States",https://www.linkedin.com/in/kristonsellier,https://www.linkedin.com/company/id8-agency,"id8 is an award-winning creative agency in Marietta, GA serving Atlanta and beyond. We enable you to communicate your unique brand experience and position.",Brand Strategist | C-Suite Advisor on Brand Reputation | Fractional CMO,
Tom,Hanchette,Tom Hanchette,tom@idworks.com,VALID,President,1 Owner/Founder/CEO,"Identity Works, Inc.",idworks.com,Other marketing agency,21,"West Salem, Wisconsin, United States","West Salem, Wisconsin, United States",https://www.linkedin.com/in/tom-hanchette-b76240,https://www.linkedin.com/company/identity-works,Identity Works is an advertising agency that provides businesses with advertising and marketing supply chain management services.,"President of Brand-Driven Tech, LLC /
Founder and President of Identity Works, Inc.",
Kevin,Justice,Kevin Justice,justicek@ignite2x.com,VALID,Co-CEO - Founder,1 Owner/Founder/CEO,"Ignite2X, Inc.",ignite2x.com,Other marketing agency,14,"Allentown, Pennsylvania, United States","Allentown, Pennsylvania, United States",https://www.linkedin.com/in/kevin-justice-27013b,https://www.linkedin.com/company/ignite2x-inc-,"Ignite2X service brand marketing agency. and also they provide strategy, campaign development, content development, media, interactive, activation, consulting, digital strategies, creative services, marketing, shopper marketing, and sports marketing.","Co-CEO - Founder @ ignite2X, Inc. | Driving New Business Growth",
Paul,Pastrick,Paul Pastrick,pastrickp@ignite2x.com,VALID,Executive Vice President | Chief Operations Officer,1 Owner/Founder/CEO,"Ignite2X, Inc.",ignite2x.com,Other marketing agency,14,"Allentown, Pennsylvania, United States","Bethlehem, Pennsylvania, United States",https://www.linkedin.com/in/paul-pastrick-176b685,https://www.linkedin.com/company/ignite2x-inc-,"Ignite2X service brand marketing agency. and also they provide strategy, campaign development, content development, media, interactive, activation, consulting, digital strategies, creative services, marketing, shopper marketing, and sports marketing.",,
Connie,Parsons,Connie Parsons,connie@illuminage.com,VALID,Chief Executive Officer,1 Owner/Founder/CEO,IlluminAge Communication Partners,illuminage.com,Other marketing agency,11,"Seattle, Washington, United States","Seattle, Washington, United States",https://www.linkedin.com/in/connieparsons,https://www.linkedin.com/company/illuminage-communication-partners,"For over 25 years, our focus has been on marketing and communications for senior living, aging services, and senior health care. We can help you tell your story and engage your audience through your website, newsletters, blog, social media, and print publications.","CEO, IlluminAge Communication Partners",
Diane,Kenny,Diane Kenny,diane@illuminage.com,VALID,Owner,1 Owner/Founder/CEO,IlluminAge Communication Partners,illuminage.com,Other marketing agency,11,"Seattle, Washington, United States","Seattle, Washington, United States",https://www.linkedin.com/in/dianekenny,https://www.linkedin.com/company/illuminage-communication-partners,"For over 25 years, our focus has been on marketing and communications for senior living, aging services, and senior health care. We can help you tell your story and engage your audience through your website, newsletters, blog, social media, and print publications.","Owner, IlluminAge Communication Partners",
Becca,Bahrke,Becca Bahrke,becca@illuminatesocial.co,VALID,CEO and Founder,1 Owner/Founder/CEO,Illuminate Social,illuminatesocial.co,Other marketing agency,24,"Brandon, Mississippi, United States","Los Angeles, California, United States",https://www.linkedin.com/in/becca-bahrke-bb868376,https://www.linkedin.com/company/illuminate-social,"Illuminate Social is an advertising company that specializes in managing top-tier, diverse digital creators. It offers a comprehensive four-part approach to influencer marketing, including managing inbound influencer inquiries, pitching, and handling the business and careers of its clients. Illuminate Social focuses on building trust and providing excellent customer service to both brands and agencies looking for influencer marketing solutions. The team, led by CEO Becca Bahrke, is dedicated to going beyond negotiation to offer full support to its talent, ensuring their social media presence positively impacts their careers and brand partnerships.",CEO and Founder @ Illuminate Social | Managing Creators with Heart & Rooted in Transparency,
Roxana,Fernandez,Roxana Fernandez,roxana@imagentma.com,VALID,President,1 Owner/Founder/CEO,Imagen. The Marketing Agency,imagentma.com,Other marketing agency,20,"Miami, Florida, United States","Miami, Florida, United States",https://www.linkedin.com/in/roxana-fernandez-a283b16,https://www.linkedin.com/company/imagenthemarketingagency,"A passionate, dedicated band of artists, dreamers, entrepreneurs, calculated risk-takers and dogged nonconformists that propel the brands we partner with to new heights - that's Imagen.   We are a leading full-service agency with over 30 years of experience based in South Florida. Our core belief is that the image of our clients is as important as the stories we tell to connect with their audience. How do we do it? With our #CanDo methodology. More than an attitude, it's a road-tested approach for building, overhauling and propelling brands by creating relevant, original and insight-driven messaging that breaks through the mold.  We specialize in multilingual, multicultural, and multiplatform advertising from outdoor to TV and radio, from digital to on-site activations. We study the ins and outs of the brands we work with so that whatever they need, we #CanDo it.",Independent Marketing and Advertising Professional,
Scott,Margenau,Scott Margenau,scott@imageworkscreative.com,VALID,CEO / CXO,1 Owner/Founder/CEO,ImageWorks Creative,imageworkscreative.com,Other marketing agency,13,"Ashburn, Virginia, United States","Ashburn, Virginia, United States",https://www.linkedin.com/in/scottmargenau,https://www.linkedin.com/company/imageworks-creative,"ImageWorks provides full-service custom web design, branding, and marketing services for small and mid-size businesses. We build award-winning websites and plan strategic digital and traditional marketing campaigns designed to increase brand recognition and boost sales. Our firm is comprised of marketing experts, project managers, creative designers, and brand strategists, all of whom have extensive experience building great sites and winning brands!",Founder | Web Design & Branding Expert | Helping Businesses Grow Through Strategic Digital Experiences,
Justin,Beegel,Justin Beegel,justinb@infographicworld.com,VALID,Founder & President,1 Owner/Founder/CEO,Infographic World,infographicworld.com,Other marketing agency,10,"New York, New York, United States","West Palm Beach, Florida, United States",https://www.linkedin.com/in/justin-beegel-3839b2167,https://www.linkedin.com/company/infographic-world,"Infographic World provides data visualization, infographic design, animated infographics, interactive infographics, visual presentations, 3-D design, explainer videos, whiteboard animations, social media advertising, and video marketing.",,
Adam,Levin,Adam Levin,alevin@informationexperts.com,VALID,Chief Executive Officer,1 Owner/Founder/CEO,Information Experts,nexconational.com,Other marketing agency,25,"Tysons Corner, Virginia, United States","Tysons Corner, Virginia, United States",https://www.linkedin.com/in/adlevin,https://www.linkedin.com/company/information-experts,"Elevate your brand with Information Experts, a leading full-service marketing agency. Transform your digital presence today!","Founder & CEO | We help B2B companies clarify their message, strengthen positioning, and attract better clients",CHECK: email domain differs from company domain
Stacey,Divine,Stacey Divine,stacey@infuzemarketing.com,VALID,CEO/Chief Strategist,1 Owner/Founder/CEO,Infuze Marketing,infuzemarketing.com,Other marketing agency,20,"Roseville, California, United States","Roseville, California, United States",https://www.linkedin.com/in/stacey-divine-a651126,https://www.linkedin.com/company/infuze-marketing,"Experience full service marketing, collaborative solutions, unconventional thinking, and remarkable success with Infuze Marketing - your trusted team in Northern California.",CEO,
Katherine,Doble,Katherine Doble,katherine@ingage.biz,VALID,President,1 Owner/Founder/CEO,Ingage Biz,ingage.biz,Other marketing agency,15,"Miami, Florida, United States","Miami, Florida, United States",https://www.linkedin.com/in/katherinedoble,https://www.linkedin.com/company/ingagebiz,"Ingage Biz provides public relations, online advertising, social media, content creation, and analytics services.","Legal, Government, Non-Profit Marketing and Public Affairs Firm CEO",
Sung,Kim,Sung Kim,sungkim@innerestsolutions.com,VALID,CEO,1 Owner/Founder/CEO,Innerest Solutions / Yes Sales Inc,innerestsolutions.com,Other marketing agency,16,"Los Angeles, California, United States",United States,https://www.linkedin.com/in/sung-kim-a18014ba,https://www.linkedin.com/company/innerest-solutions-llc,"Innerest Solutions is an advertising company that provides marketing consulting, content creation, and digital marketing services.",CEO at Innerest Solutions LLC/ Yes sales Inc,
Kraig,Rasche,Kraig Rasche,krasche@intersectdigital.com,VALID,CEO,1 Owner/Founder/CEO,Intersect Digital,intersectdigital.com,Other marketing agency,15,"Ann Arbor, Michigan, United States","Ann Arbor, Michigan, United States",https://www.linkedin.com/in/kraig-rasche-9386a8a,https://www.linkedin.com/company/intersect,"Intersect specializes in web design and development, display ads, digital marketing, social campaign and integration services.",,
Patrice,Greene,Patrice Greene,patrice.greene@inverta.com,VALID,President and Co-founder,1 Owner/Founder/CEO,Inverta,inverta.com,Other marketing agency,25,"Newtown Square, Pennsylvania, United States","Newtown Square, Pennsylvania, United States",https://www.linkedin.com/in/patricegreene,https://www.linkedin.com/company/inverta-group,"Inverta, the #1 boutique B2B growth marketing agency, has built full-service revenue systems for hundreds of clients.",Cofounder & CEO Inverta | Growth Marketing Agency,
Robert,Campbell,Robert Campbell,robert.campbell@iqnection.com,VALID,Co-Founder & CFO,1 Owner/Founder/CEO,IQnection,iqnection.com,Other marketing agency,16,"Doylestown, Pennsylvania, United States","Doylestown, Pennsylvania, United States",https://www.linkedin.com/in/robert-campbell-5915a920,https://www.linkedin.com/company/iqnection-digital-marketing,"IQnection is a leading digital marketing and web design agency in Pennsylvania. We focus on customer-centric campaigns, data-driven decision-making, and relentless testing to stay ahead of the curve. Give us a call at 866-400-4678.","Co-Founder & CFO, IQnection - A Digital Marketing Agency",
Brian,Kelly,Brian Kelly,brian@ivorandrew.com,VALID,President,1 Owner/Founder/CEO,Ivor Andrew,ivorandrew.com,Other marketing agency,15,"Naperville, Illinois, United States","Chicago, Illinois, United States",https://www.linkedin.com/in/brianckelly,https://www.linkedin.com/company/ivor-andrew,"We are an integrated marketing agency for manufacturers and industrial  factory OEMs, successfully building brands, generating market demand, and  enabling sales channels.",President @ Ivor Andrew | Marketing Week Mini MBA | Building strategic marketing for B2B growth-focused brands,
Keith,Booton,Keith Booton,kbooton@ivorandrew.com,VALID,Founder & CEO,1 Owner/Founder/CEO,Ivor Andrew,ivorandrew.com,Other marketing agency,15,"Naperville, Illinois, United States","Wheaton, Illinois, United States",https://www.linkedin.com/in/keithbooton,https://www.linkedin.com/company/ivor-andrew,"We are an integrated marketing agency for manufacturers and industrial  factory OEMs, successfully building brands, generating market demand, and  enabling sales channels.","Founder & CEO, Ivor Andrew",
Joe,McFerrin,Joe McFerrin,joe@iwdagency.com,VALID,Owner,1 Owner/Founder/CEO,IWD Agency,iwdagency.com,Other marketing agency,20,"Austin, Texas, United States","Baton Rouge, Louisiana, United States",https://www.linkedin.com/in/joe-mcferrin-22b860151,https://www.linkedin.com/company/iwd-agency,IWD is an award-winning Full Service eCommerce Agency specializing in designs that delight and convert. We focus on helping our customers scale their stores online. With a concentration in Adobe Commerce (Magento).,,
Vivian,Hood,Vivian Hood,vhood@jaffepr.com,VALID,"Owner/CEO, Public Relations",1 Owner/Founder/CEO,Jaffe,jaffepr.com,Other marketing agency,28,"Washington, District of Columbia, United States","Jacksonville, Florida, United States",https://www.linkedin.com/in/vivianhood,https://www.linkedin.com/company/jaffe-pr,Jaffe is a full-service marketing and PR agency serving professional services firms in the United States.,"Agency owner, Legal PR Consultant, storyteller, writer, wife, mom, book and beach lover - my mood sets the order!",
Terry M,Isner,Terry M Isner,tisner@jaffepr.com,VALID,Owner/CEO of Marketing and Business Development,1 Owner/Founder/CEO,Jaffe,jaffepr.com,Other marketing agency,28,"Washington, District of Columbia, United States","Rehoboth Beach, Delaware, United States",https://www.linkedin.com/in/sharingtmi,https://www.linkedin.com/company/jaffe-pr,Jaffe is a full-service marketing and PR agency serving professional services firms in the United States.,"Owner/CEO, Marketing & Branding",
Jonathan,Jaffe,Jonathan Jaffe,jonathan@jaffecom.com,VALID,President & CEO,1 Owner/Founder/CEO,Jaffe Communications Inc.,jaffecom.com,Other marketing agency,17,"Cranford, New Jersey, United States","Cranford, New Jersey, United States",https://www.linkedin.com/in/jaffecom,https://www.linkedin.com/company/jaffe-communications-inc,"JAFFE Communications has the eye for what sells and the experience to know the way to present it. From a basic social media post to an annual report or journal, they develop the right branding for them always consistent, always on the mark. It represents the entire being. They develop the latest custom websites that incorporate vibrant colors, images, and text to show. All of their work is done in-house using the current web platforms and designs. The services are public relations, communications, social media, training, and web design.","President & CEO, Jaffe Communications, Inc.",
Jason,Tipner,Jason Tipner,jtipner@jetadv.net,VALID,President,1 Owner/Founder/CEO,JET Advertising,jetadv.net,Other marketing agency,11,"Bloomingdale, Illinois, United States","Villa Park, Illinois, United States",https://www.linkedin.com/in/jason-tipner-ab48b411,https://www.linkedin.com/company/jet-advertising,"JET Advertising is a marketing agency that expertise in website development, web design, logo design and social media marketing services.",President at JET Advertising,
Edwin,Choi,Edwin Choi,edwin@jetfuel.agency,VALID,Founder,1 Owner/Founder/CEO,jetfuel.agency,jetfuel.agency,Other marketing agency,19,"Covina, California, United States","Yorba Linda, California, United States",https://www.linkedin.com/in/choiedwin,https://www.linkedin.com/company/jetfuel-agency,"Elevate your digital strategy with jetfuel.agency's comprehensive services in PPC, social media advertising, and more to achieve your marketing goals.",Founder @ jetfuel.agency | Marketing/Growth for 7-9 Figure Brands,
Joel,Farr,Joel Farr,joel@jibemedia.com,VALID,Owner / Partner,1 Owner/Founder/CEO,Jibe Media,jibemedia.com,Other marketing agency,21,"Salt Lake City, Utah, United States","Salt Lake City, Utah, United States",https://www.linkedin.com/in/joel-farr,https://www.linkedin.com/company/jibe-media,"Jibe is a marketing and advertising agency based in Salt Lake City, Utah. We specialize in design, branding, advertising, social media and content marketing.",Owner / Partner at Jibe Media,
Don,Kalisz,Don Kalisz,don@kindredmarketingagency.com,VALID,Owner,1 Owner/Founder/CEO,Kindred Marketing,kindredmarketingagency.com,Other marketing agency,11,"Muskegon, Michigan, United States","Muskegon, Michigan, United States",https://www.linkedin.com/in/don-kalisz-4967668,https://www.linkedin.com/company/kindred-marketing,"Our marketing agency is different than the others. We focus on providing top customer service, unique fresh ideas, and we track our results.",Owner at Kindred Marketing - Full-service agency or on-site marketing directors,
Eric,Huhn,Eric Huhn,eric@kineticsequence.com,VALID,Founder and Digital Marketing Consultant,1 Owner/Founder/CEO,Kinetic Sequence Digital Marketing,kineticsequence.com,Other marketing agency,14,"Milwaukee, Wisconsin, United States","Milwaukee, Wisconsin, United States",https://www.linkedin.com/in/erichuhn,https://www.linkedin.com/company/kinetic-sequence,Welcome to Kinetic Sequence! We are a Milwaukee-based digital marketing agency with a client base that reaches nationwide. Let's chat!,Founder of Kinetic Sequence. Lead Generation Digital Expert.,
Katie,VanderPloeg,Katie VanderPloeg,katie@kmotiondesign.com,VALID,President & CEO,1 Owner/Founder/CEO,Kmotion Design Inc.,kmotiondesign.com,Other marketing agency,12,"Grand Rapids, Michigan, United States","Grand Rapids, Michigan, United States",https://www.linkedin.com/in/katievanderploeg,https://www.linkedin.com/company/kmotion-design,"We craft custom web design and digital marketing experiences that drive engagement and growth, supported by solid web development foundations.",CEO & Founder of Kmotion Design ~ Redefining possibilities through B2B Web Design/Development & Marketing driven by bold ideas and high standards to achieve more.,
Jarrett,White,Jarrett White,jarrett.white@kbpark.com,VALID,Chief Executive Officer,1 Owner/Founder/CEO,Knightsbridge Park,kbpark.com,Other marketing agency,21,"New York, New York, United States","Brooklyn, New York, United States",https://www.linkedin.com/in/jarrett-white-88196310,https://www.linkedin.com/company/knightsbridgepark,"As the largest luxury real estate marketing agency in the world, Knightsbridge Park is a full service partner with strategies driven by data and creativity.",Chief Executive Officer,
Jared,Seeger,Jared Seeger,jared.seeger@kbpark.com,VALID,Founder,1 Owner/Founder/CEO,Knightsbridge Park,kbpark.com,Other marketing agency,21,"New York, New York, United States","New York, New York, United States",https://www.linkedin.com/in/jared-seeger-7219409,https://www.linkedin.com/company/knightsbridgepark,"As the largest luxury real estate marketing agency in the world, Knightsbridge Park is a full service partner with strategies driven by data and creativity.",Founder at Knightsbridge Park,
Natalie,Curtis,Natalie Curtis,natalie@koroberi.com,VALID,CEO,1 Owner/Founder/CEO,"Koroberi, Inc.",koroberi.com,Other marketing agency,17,"Raleigh, North Carolina, United States","Raleigh, North Carolina, United States",https://www.linkedin.com/in/natalie-curtis-602b6319,https://www.linkedin.com/company/koroberi-inc-,"Koroberi is a Triangle-based B2B marketing agency that specializes in branding, PR, content creation, advertising and digital strategy.","CEO at Koroberi, Inc.",
Joe,King,Joe King,joe.king@kosedigital.com,VALID,President,1 Owner/Founder/CEO,KOSE,kosedigital.com,Other marketing agency,27,"Minneapolis, Minnesota, United States","Minneapolis, Minnesota, United States",https://www.linkedin.com/in/joe-king-82b8a33,https://www.linkedin.com/company/kosedigital,"Kose is a digital marketing agency that focuses on campaign planning, brand building, lead generation, CRM, and content marketing services.",President at KOSE,
Nicole,Newville,Nicole Newville,nicole@kosedigital.com,VALID,Founder & CEO,1 Owner/Founder/CEO,KOSE,kosedigital.com,Other marketing agency,27,"Minneapolis, Minnesota, United States","Minneapolis, Minnesota, United States",https://www.linkedin.com/in/nicolenewville,https://www.linkedin.com/company/kosedigital,"Kose is a digital marketing agency that focuses on campaign planning, brand building, lead generation, CRM, and content marketing services.",Founder & CEO at KOSE,
Rusty,Holzer,Rusty Holzer,rusty@gokrush.com,VALID,Co-Founder / Executive Director,1 Owner/Founder/CEO,Krush,gokrush.com,Other marketing agency,25,"Oklahoma City, Oklahoma, United States","Oklahoma City, Oklahoma, United States",https://www.linkedin.com/in/rusty-holzer-458a9537,https://www.linkedin.com/company/krush-digital,"Krush OKC: AI-first advertising agency driving results. Branding, digital marketing, and creative solutions in Oklahoma City. Contact us.","Digital Marketing, Advertising and Technology",
Kim,Holzer,Kim Holzer,kim@gokrush.com,VALID,CEO - Marketing Strategist,1 Owner/Founder/CEO,Krush,gokrush.com,Other marketing agency,25,"Oklahoma City, Oklahoma, United States","Oklahoma City, Oklahoma, United States",https://www.linkedin.com/in/kim-holzer-b557837,https://www.linkedin.com/company/krush-digital,"Krush OKC: AI-first advertising agency driving results. Branding, digital marketing, and creative solutions in Oklahoma City. Contact us.",KRUSH,
Katie,Wagner,Katie Wagner,katie@kwsmdigital.com,VALID,President/CEO,1 Owner/Founder/CEO,KWSM: a digital marketing agency,kwsmdigital.com,Other marketing agency,29,"Aliso Viejo, California, United States","Aliso Viejo, California, United States",https://www.linkedin.com/in/katiewagnerkwsm,https://www.linkedin.com/company/kwsmteam,KWSM is a full service digital marketing agency with locations nationwide. We help brands & nonprofits tell their story across digital channels.,Digital Marketing Strategy | Lead Generation | Trainer & Speaker | Agency CEO,
Dan,Martin,Dan Martin,dan@kzoom.com,VALID,Owner,1 Owner/Founder/CEO,Kzoom,kzoom.com,Other marketing agency,14,"Kalamazoo, Michigan, United States","Kalamazoo, Michigan, United States",https://www.linkedin.com/in/dan-martin-a6756117,https://www.linkedin.com/company/kzoomcreative,"Kzoom is a full-service digital marketing agency in Kalamazoo, MI. We help businesses just like yours outclass competitors and attract more customers.","Founder, Kzoom",
Renee,Lewis,Renee Lewis,renee@landpmarketing.com,VALID,CEO & Founder,1 Owner/Founder/CEO,L&P Marketing,landpmarketing.com,Other marketing agency,29,"Houston, Texas, United States","Houston, Texas, United States",https://www.linkedin.com/in/renee-lewis1,https://www.linkedin.com/company/landpmarketing,"L&P Marketing is a marketing agency serving many different industries such as real estate, mixed development & more. Browse our site to learn more!",CEO | Market Research | Branding | Strategy | Digital Media | Product Positioning,
Andrew,Ter Louw,Andrew Ter Louw,andrew@launchtitans.com,VALID,Co-Founder,1 Owner/Founder/CEO,Launch Titans,launchtitans.com,Other marketing agency,25,"Fort Myers, Florida, United States","Des Moines, Iowa, United States",https://www.linkedin.com/in/andrew-ter-louw-20a4a128,https://www.linkedin.com/company/launch-titans,"Launch Titans provides email marketing, social media management, software development, video editing, and digital marketing services.",Co-Founder at Launch Titans,
Lauren,Accetturo,Lauren Accetturo,lauren@launchtitans.com,VALID,Business Owner,1 Owner/Founder/CEO,Launch Titans,launchtitans.com,Other marketing agency,25,"Fort Myers, Florida, United States","San Diego County, California, United States",https://www.linkedin.com/in/laurenaccetturo,https://www.linkedin.com/company/launch-titans,"Launch Titans provides email marketing, social media management, software development, video editing, and digital marketing services.",Co-Owner at Launch Titans,
Jonathan,Carpenter,Jonathan Carpenter,jcarpenter@lazarusdesignteam.com,VALID,Co-Founder,1 Owner/Founder/CEO,Lazarus Design Team,lazarusdesignteam.com,Other marketing agency,13,"Charlotte, North Carolina, United States","Charleston County, South Carolina, United States",https://www.linkedin.com/in/jonathan-carpenter-bb8b4476,https://www.linkedin.com/company/lazarus-design-team,"We are a Boone web design and digital marketing agency for small & medium size businesses. We help grow established brands with websites, marketing, and design.",Co-Founder of Lazarus Design Team | Creative Entrepreneur | MBA,
David,Biles,David Biles,david@legalcommunications.com,VALID,CEO,1 Owner/Founder/CEO,Legal Communications,legalcommunications.com,Other marketing agency,11,"Blue Bell, Pennsylvania, United States","Philadelphia, Pennsylvania, United States",https://www.linkedin.com/in/davidbiles,https://www.linkedin.com/company/legal-communications-group,Legal Communications is an award winning law firm marketing agency with decades of experience perfecting tv commercials and digital marketing.,CEO at Legal Communications Group,
Mike,Killeen,Mike Killeen,mike@lenzmarketing.com,VALID,President and CEO,1 Owner/Founder/CEO,Lenz Marketing,lenzmarketing.com,Other marketing agency,25,"Georgia, United States","Decatur County, Georgia, United States",https://www.linkedin.com/in/mike-killeen-1a68375,https://www.linkedin.com/company/lenzmarketing,Grow your patient volume with cost-effective healthcare performance marketing strategies. Lenz has 30 years’ experience in generating growth for the largest medical practices and specialty clinics. Contact us today!,"President and CEO of Lenz, Inc.",
Richard,Lenz,Richard Lenz,richard@lenzmarketing.com,VALID,"President and Founder of Lenz, Inc.",1 Owner/Founder/CEO,Lenz Marketing,lenzmarketing.com,Other marketing agency,25,"Georgia, United States","Decatur County, Georgia, United States",https://www.linkedin.com/in/richard-lenz-0090675,https://www.linkedin.com/company/lenzmarketing,Grow your patient volume with cost-effective healthcare performance marketing strategies. Lenz has 30 years’ experience in generating growth for the largest medical practices and specialty clinics. Contact us today!,"President and Founder, Lenz",
Shivaya,Urcuyo,Shivaya Urcuyo,shivaya@lettherebe.com,VALID,Executive Assistant to Chief Executive Officer,1 Owner/Founder/CEO,Let There Be,lettherebe.com,Other marketing agency,29,"Boca Raton, Florida, United States","Boulder, Colorado, United States",https://www.linkedin.com/in/shivayaurcuyo,https://www.linkedin.com/company/let-there-be,We are a healthcare video marketing agency that creates engaging videos to  empower understanding and inspire action.,"Executive Assistant | Operations, Strategy & Revenue Support: Partnering with Leadership on Growth Initiatives",
Marc,Tappeiner,Marc Tappeiner,marc@lifestyledesign.com,VALID,President and Principal Designer,1 Owner/Founder/CEO,lifestyledesign,lifestyledesign.com,Other marketing agency,15,"Santa Barbara, California, United States","Santa Barbara, California, United States",https://www.linkedin.com/in/lifestyledesign,https://www.linkedin.com/company/lifestyledesign-lsd-,"Lifestyledesign is a creative design agency that offers branding, packaging, prototyping, industrial design, and digital marketing services.","We don’t design. We innovate, revolutionize and connect meaningfully with Humans.",
Sam,Slaughter,Sam Slaughter,sam@lhchq.com,VALID,Co-Founder,1 Owner/Founder/CEO,Lighthouse Creative,lhchq.com,Other marketing agency,29,"New York, New York, United States","New York, New York, United States",https://www.linkedin.com/in/samslaughter215,https://www.linkedin.com/company/lighthouse-creative-group,"Lighthouse Creative is a New York based digital creative agency that specializes in brand strategy, design, content, and performance marketing.",Founder at Lighthouse Creative Group,
Tom,Rouse,Tom Rouse,trouse@golimetree.com,VALID,Founder and President,1 Owner/Founder/CEO,Limetree,golimetree.com,Other marketing agency,29,"Dallas, Texas, United States","Plano, Texas, United States",https://www.linkedin.com/in/tom-rouse,https://www.linkedin.com/company/golimetree,"Limetree is a behavioral science-led performance marketing agency blending  data, psychology, technology, and creative to drive measurable growth and  smarter campaign performance.",Founder and President @ Limetree | Uniting Behavioral and Data Science,
Maggie,York,Maggie York,maggie@golinden.com,VALID,Co-Owner,1 Owner/Founder/CEO,Linden Marketing,golinden.com,Other marketing agency,13,"Fort Collins, Colorado, United States","Fort Collins, Colorado, United States",https://www.linkedin.com/in/maggiebuddyork,https://www.linkedin.com/company/linden-marketing,"We build marketing strategies, materials, and tools. From branding projects to digital and social media marketing; from website design to print publications; our work tells your story.","Owner, VP Account Services, Linden Marketing",
Joel,York,Joel York,joel@golinden.com,VALID,Co-Owner,1 Owner/Founder/CEO,Linden Marketing,golinden.com,Other marketing agency,13,"Fort Collins, Colorado, United States","Denver, Colorado, United States",https://www.linkedin.com/in/joelyork1,https://www.linkedin.com/company/linden-marketing,"We build marketing strategies, materials, and tools. From branding projects to digital and social media marketing; from website design to print publications; our work tells your story.","Co-Owner, New Client Relations at Linden Marketing
Owner at Flickfinity",
Hamilton,Brown,Hamilton Brown,hamilton@goliquidsoul.com,VALID,President & Managing Partner,1 Owner/Founder/CEO,LIQUID SOUL,goliquidsoul.com,Other marketing agency,16,"Atlanta, Georgia, United States","Los Angeles, California, United States",https://www.linkedin.com/in/hamiltonbrown,https://www.linkedin.com/company/goliquidsoul,"Liquid Soul is a market agency that deals with social media, publicity and marketing services for the sports and entertainment industry.","President, Entrepreneur, CEO, Storyteller, Branding Expert, Producer, Entertainment Executive",
Justin,Granade,Justin Granade,justin@livingproofcreative.com,VALID,Co-Founder,1 Owner/Founder/CEO,Living Proof Creative,livingproofcreative.com,Other marketing agency,11,"Austin, Texas, United States","Austin, Texas, United States",https://www.linkedin.com/in/justin-granade-84b140123,https://www.linkedin.com/company/living-proof-creative,Living Proof Creative Agency is dedicated to delivering the highest quality of handcrafted creative services in Austin Texas.,Handcrafted Brand Experiences,
Cayah,Howell,Cayah Howell,chowell@livingproofcreative.com,VALID,CEO and Creative Partner,1 Owner/Founder/CEO,Living Proof Creative,livingproofcreative.com,Other marketing agency,11,"Austin, Texas, United States","Austin, Texas, United States",https://www.linkedin.com/in/cayah-howell-64178b39,https://www.linkedin.com/company/living-proof-creative,Living Proof Creative Agency is dedicated to delivering the highest quality of handcrafted creative services in Austin Texas.,CEO and Co-Owner at Living Proof Creative,
Eric,Lay,Eric Lay,eric@lojomarketing.com,VALID,Founder & CEO,1 Owner/Founder/CEO,LOJO Marketing,lojomarketing.com,Other marketing agency,14,"Lebanon, Tennessee, United States","Watertown, Tennessee, United States",https://www.linkedin.com/in/ericlay,https://www.linkedin.com/company/lojo-group,"As a digital marketing agency, LOJO Marketing, grows its clients revenues through branding, websites, and digital marketing strategies.",Founder & CEO at LOJO Marketing,
Niki,Lay,Niki Lay,niki@lojomarketing.com,VALID,CFO/Co-Owner,1 Owner/Founder/CEO,LOJO Marketing,lojomarketing.com,Other marketing agency,14,"Lebanon, Tennessee, United States","Rocklin, California, United States",https://www.linkedin.com/in/niki-lay-b5a77716,https://www.linkedin.com/company/lojo-group,"As a digital marketing agency, LOJO Marketing, grows its clients revenues through branding, websites, and digital marketing strategies.",CFO/Co-Founder at LOJO Group,
Blake,Davis,Blake Davis,blake@longdriveagency.com,VALID,CEO,1 Owner/Founder/CEO,Long Drive Agency,longdriveagency.com,Other marketing agency,11,"McKinney, Texas, United States","McKinney, Texas, United States",https://www.linkedin.com/in/blakewdavis,https://www.linkedin.com/company/longdriveagency,Long Drive Agency is a country club & golf course marketing agency committed to helping properties grow their digital presence and increase membership leads.,CEO / Founder at Long Drive Agency & ClubChat,
Constanza,Peuriot,Constanza Peuriot,constanza@loversnothaters.com,VALID,Co-Founder,1 Owner/Founder/CEO,Lovers Not Haters,loversnothaters.com,Other marketing agency,10,"Florida, United States","San Diego, California, United States",https://www.linkedin.com/in/constanzapeuriot,https://www.linkedin.com/company/loversnothaters,"Lovers Not Haters is an advertising agency that provides Marketing, Business Strategy, Creative development, and Media strategy services.",Co-Founder/ Managing Director at Lovers Not Haters,
Roberto,Lastra,Roberto Lastra,roberto@loversnothaters.com,VALID,Co-Founder & Executive Creative Director,1 Owner/Founder/CEO,Lovers Not Haters,loversnothaters.com,Other marketing agency,10,"Florida, United States","Orlando, Florida, United States",https://www.linkedin.com/in/robertolastra,https://www.linkedin.com/company/loversnothaters,"Lovers Not Haters is an advertising agency that provides Marketing, Business Strategy, Creative development, and Media strategy services.","Executive Creative Director | Co-Founder, Lovers Not Haters | Available for Consulting, Pitches & Select Projects",
Andrew,Landis,Andrew Landis,andrew@luckydiem.com,VALID,Founder & CEO,1 Owner/Founder/CEO,LuckyDiem,luckydiem.com,Other marketing agency,11,"New York, New York, United States","Aspen, Colorado, United States",https://www.linkedin.com/in/andrewlandis,https://www.linkedin.com/company/luckydiem,"Developer of a loyalty rewards platform designed to change digital marketing for traditional brick-and-mortar businesses. The company's software is a local search app where users can earn upgradable cashback and win prizes from businesses and services, enabling clients to eliminate the time and money wasted on digital marketing.",Founder and CEO of LuckyDiem,
Mark,Hubbard,Mark Hubbard,mark@lungemarketing.com,VALID,Co-founder/CEO,1 Owner/Founder/CEO,Lunge Marketing,lungemarketing.com,Other marketing agency,13,"Redmond, Washington, United States","Kirkland, Washington, United States",https://www.linkedin.com/in/mark-hubbard-90aa9b50,https://www.linkedin.com/company/lunge-marketing,"Operator of an e-commerce marketing agency intended to help brands in the durables and lifestyle categories achieve their growth objectives. The company offersa data-driven approach to marketing including advertising, digital marketing, account management, creative services, brand control and protection, inventory and supply chain management and revenue recovery, helping clients to deliver measurable results.",Co-Founder/Investor,
Trisha,Hubbard,Trisha Hubbard,trisha@lungemarketing.com,VALID,Owner,1 Owner/Founder/CEO,Lunge Marketing,lungemarketing.com,Other marketing agency,13,"Redmond, Washington, United States","Kirkland, Washington, United States",https://www.linkedin.com/in/trisha-hubbard-a658288,https://www.linkedin.com/company/lunge-marketing,"Operator of an e-commerce marketing agency intended to help brands in the durables and lifestyle categories achieve their growth objectives. The company offersa data-driven approach to marketing including advertising, digital marketing, account management, creative services, brand control and protection, inventory and supply chain management and revenue recovery, helping clients to deliver measurable results.","Owner at Lunge Marketing, LLC",
Peter,Beckwith,Peter Beckwith,peterbeckwith@madrosemedia.com,VALID,President and Creative Director,1 Owner/Founder/CEO,"Mad Rose Media, Inc.",madrosemedia.com,Other marketing agency,22,"Agoura Hills, California, United States","Los Angeles, California, United States",https://www.linkedin.com/in/plbeckwith,https://www.linkedin.com/company/mad-rose-media,We are a full service digital marketing agency that helps dentists and orthodontists promote their thought leadership and grow their practices. Contact Us!,Co-founder & Chief Blogger,
Adam,Weiss,Adam Weiss,adam@madisonmilesmedia.com,VALID,President,1 Owner/Founder/CEO,madison/miles media,madisonmilesmedia.com,Other marketing agency,11,"Arlington, Texas, United States","Arlington, Texas, United States",https://www.linkedin.com/in/adam-weiss-b3238729,https://www.linkedin.com/company/madison-miles-media-group,"madison/miles media is an independent marketing agency that places a premium on delivering compelling media, fresh ideas & winning results.",President at Madison Miles Media Group,
Garrett,Deiter,Garrett Deiter,garrett@makersandallies.com,VALID,"Founder, CEO",1 Owner/Founder/CEO,Makers & Allies,makersandallies.com,Other marketing agency,21,"San Luis Obispo, California, United States","San Luis Obispo, California, United States",https://www.linkedin.com/in/garrettdeiter,https://www.linkedin.com/company/makers-allies,"Makers & Allies provides design, product packaging, branding & digital marketing services for the wine, craft & spirits industries.","Founder, CEO ➤ Makers & Allies ➤ Award-Winning Creative Agency for Beverage Brands",
Sarah,Deiter,Sarah Deiter,sarah@makersandallies.com,VALID,Founder,1 Owner/Founder/CEO,Makers & Allies,makersandallies.com,Other marketing agency,21,"San Luis Obispo, California, United States","San Luis Obispo, California, United States",https://www.linkedin.com/in/sarah-deiter-9823ab10,https://www.linkedin.com/company/makers-allies,"Makers & Allies provides design, product packaging, branding & digital marketing services for the wine, craft & spirits industries.",Founder at Makers & Allies,
Jim,Manzella,Jim Manzella,jimm@manzellamarketing.com,VALID,President and CEO,1 Owner/Founder/CEO,Manzella Financial Marketing,manzellamarketing.com,Other marketing agency,20,"Bowmansville, New York, United States","Buffalo, New York, United States",https://www.linkedin.com/in/jim-manzella-39793a4,https://www.linkedin.com/company/manzellafinancialmarketing,"Established in 1987 as MarketSource Direct, we began as a direct response marketing agency. Leaving life on the “client side” with a major international financial corporation, company president, Jim Manzella, channeled his 23 years of direct marketing experience into building a business that provided strategic marketing expertise and cost-effective direct response programs to an initial client base of financial services companies and health care organizations.  Over the years, the company has grown in size from just two employees to 15 full- and part-time marketing professionals. And we’ve broadened our expertise to encompass a full range of integrated media and marketing services for a growing roster of satisfied clients.  But we’ve remained true to those direct response roots and our focus on generating cost-effective results and increased revenue for every client – every time. After all, generating a response that provides revenue opportunities is the purpose of all marketing and advertising.",Manzella Marketing,
Cheyn,Crangle,Cheyn Crangle,ccrangle@marglemedia.com,VALID,Chief Executive Officer,1 Owner/Founder/CEO,Margle Media,marglemedia.com,Other marketing agency,14,"Milwaukee, Wisconsin, United States","Milwaukee, Wisconsin, United States",https://www.linkedin.com/in/cheyncrangle,https://www.linkedin.com/company/margle-media,"Margle Media is an agency that offers branding, graphic design content creation, social media management and web development services.",Marine Corps Veteran | CEO & Founder at Margle,
Megan,Flood,Megan Flood,megan@marinelane.com,VALID,Founder,1 Owner/Founder/CEO,Marine Lane,marinelane.com,Other marketing agency,13,"New York, New York, United States","New York, New York, United States",https://www.linkedin.com/in/megan-flood-4a809115,https://www.linkedin.com/company/marine-lane,"Marine Lane is a creative agency that offers branding, product design, animation, data visualization, and social media management services.",Founder of Marine Lane,
Ryan,Kimball,Ryan Kimball,ryan.kimball@mwb.com,VALID,President / Partner,1 Owner/Founder/CEO,"Maris, West & Baker",mwb.com,Other marketing agency,24,"Jackson, Mississippi, United States","Jackson County, Missouri, United States",https://www.linkedin.com/in/ryan-kimball-46057a12,https://www.linkedin.com/company/maris-west-&-baker,MWB is a creative agency focused on positive impact brands.,"President / Partner at Maris, West & Baker",
Ryan,Mason,Ryan Mason,ryan.mason@markacy.com,VALID,President & Chief Operating Officer,1 Owner/Founder/CEO,Markacy,markacy.com,Other marketing agency,28,"New York, New York, United States","New York, New York, United States",https://www.linkedin.com/in/ryan-d-mason,https://www.linkedin.com/company/markacy,"Markacy is an award-winning, financially-driven performance marketing agency. We are the market leader in delivering business-impact.",President & COO @ Markacy - now a 24 Seven Company,
Tucker,Matheson,Tucker Matheson,tucker.matheson@markacy.com,VALID,Co-Founder & Managing Partner,1 Owner/Founder/CEO,Markacy,markacy.com,Other marketing agency,28,"New York, New York, United States","Boston, Massachusetts, United States",https://www.linkedin.com/in/tuckermatheson,https://www.linkedin.com/company/markacy,"Markacy is an award-winning, financially-driven performance marketing agency. We are the market leader in delivering business-impact.",Co-Founder & Managing Partner at Markacy,
Rafi,Arbel,Rafi Arbel,rafi@marketjd.com,VALID,President,1 Owner/Founder/CEO,"Market JD, Inc.",marketjd.com,Other marketing agency,18,"Chicago, Illinois, United States","Chicago, Illinois, United States",https://www.linkedin.com/in/rafiarbel,https://www.linkedin.com/company/market-jd-inc-,Increase your online presence and turn visitors into clients with a customized digital marketing strategy for law firms. Call Market JD at 312-970-9353.,"Law Firm Growth Systems | Insight-Driven Marketing | Founder, Market JD",
Scott,Sloan,Scott Sloan,scott@marketvisionads.com,VALID,President,1 Owner/Founder/CEO,Market Vision Advertising,marketvisionads.com,Other marketing agency,12,"Spokane, Washington, United States","Spokane, Washington, United States",https://www.linkedin.com/in/scott-sloan-63533056,https://www.linkedin.com/company/market-vision-advertising,"Market Vision provides full-service marketing services on local and national levels for 30+ years. From TV Production to Digital social campaigns, we do it all!",President at Market Vision Inc.,
Nic,Moore,Nic Moore,nic@marketvisionads.com,VALID,Co-Owner,1 Owner/Founder/CEO,Market Vision Advertising,marketvisionads.com,Other marketing agency,12,"Spokane, Washington, United States","Spokane, Washington, United States",https://www.linkedin.com/in/thecasualwarehouse,https://www.linkedin.com/company/market-vision-advertising,"Market Vision provides full-service marketing services on local and national levels for 30+ years. From TV Production to Digital social campaigns, we do it all!","Co-Owner, Digital Creative Director & Website Developer/Designer",
Terri,Hoffman,Terri Hoffman,terri@marketingrefresh.com,VALID,Founder and CEO,1 Owner/Founder/CEO,Marketing Refresh,marketingrefresh.com,Other marketing agency,10,"Houston, Texas, United States","Fruita, Colorado, United States",https://www.linkedin.com/in/terrihartley,https://www.linkedin.com/company/marketing-refresh,"Unlock the full potential of your B2B business in Manufacturing, SaaS, Energy, and more with our targeted digital marketing strategies. See what we offer.",We help brands implement marketing systems,
Aaron,Gregerson,Aaron Gregerson,agregerson@marketmatch.com,VALID,"Executive Vice President, Chief Operating Officer",1 Owner/Founder/CEO,MarketMatch,marketmatch.com,Other marketing agency,14,"Waynesville, Ohio, United States","Minneapolis, Minnesota, United States",https://www.linkedin.com/in/aarongregerson,https://www.linkedin.com/company/marketmatch,"Focus. Momentum. Results.    We are a full-service, digitally focused marketing group that grows community banks and credit unions with breakthrough creative and strategic marketing backed by an ROI guarantee.   See Our ROI Guarantee       We are your digital marketing engine. As a full-service marketing group, we are",Chief Operating Officer at MarketMatch,
Matt,Earls,Matt Earls,matt@marketplacevelocity.com,VALID,Chief Executive Officer,1 Owner/Founder/CEO,Marketplace Velocity,marketplacevelocity.com,Other marketing agency,11,"Westlake, Ohio, United States","Westlake, Ohio, United States",https://www.linkedin.com/in/mattearls,https://www.linkedin.com/company/marketplace-velocity,"Marketplace Velocity is full-service digital marketing agency focused on ecommerce ads and management. We work with Amazon, Shopify, Walmart and more.","CEO Marketplace Velocity | E-commerce Consultant | Amazon, Wal-mart, Shopify",
Trish,Parkhill,Trish Parkhill,tparkhill@marketspaceagency.com,VALID,President & CEO,1 Owner/Founder/CEO,MarketSpace Agency,marketspaceagency.com,Other marketing agency,19,"Pittsburgh, Pennsylvania, United States","Cranberry Township, Pennsylvania, United States",https://www.linkedin.com/in/trishparkhill,https://www.linkedin.com/company/marketspace-agency,"MarketSpace Agency is a full-service marketing agency specializing in strategy, creative, digital, social media, & content development.",President & CEO at MarketSpace Agency,
Charles,Mason,Charles Mason,cmason@mason23.com,VALID,CEO,1 Owner/Founder/CEO,Mason,mason23.com,Other marketing agency,28,"Bethany, Connecticut, United States","Bethany, Connecticut, United States",https://www.linkedin.com/in/cmasonjr,https://www.linkedin.com/company/mason-inc,"Mason, Inc. is an award winning, full service advertising agency near New Haven, CT providing PR, interactive, and digital marketing services.",Committed to building your brand while driving immediate results.,
Steve,Hayes,Steve Hayes,shayes@mason23.com,VALID,President,1 Owner/Founder/CEO,Mason,mason23.com,Other marketing agency,28,"Bethany, Connecticut, United States","Bethany, Connecticut, United States",https://www.linkedin.com/in/steve-hayes-7722274,https://www.linkedin.com/company/mason-inc,"Mason, Inc. is an award winning, full service advertising agency near New Haven, CT providing PR, interactive, and digital marketing services.","President at Mason, Inc.",
Donny,Escolastico,Donny Escolastico,descolastico@maxburst.com,VALID,Founder & Partner,1 Owner/Founder/CEO,"MAXBURST, Inc.",maxburst.com,Other marketing agency,28,"Farmingdale, New York, United States","New York, New York, United States",https://www.linkedin.com/in/donny-escolastico,https://www.linkedin.com/company/maxburst-inc.,"Specialized digital agency for Manufacturing, Aerospace, Engineering & B2B. We build intuitive, AI-ready websites & marketing to elevate your industry presence.",Founder / Partner at MAXBURST Inc,
Logan,May,Logan May,logan@maymktg.com,VALID,Owner,1 Owner/Founder/CEO,May Marketing Group,maymktg.com,Other marketing agency,13,"Shreveport, Louisiana, United States","Shreveport, Louisiana, United States",https://www.linkedin.com/in/logan-may-b80767b,https://www.linkedin.com/company/maymarketinggroup,"May Marketing Group provides web and graphic design, social media, digital advertising, and video production solution for various brands.",Vice President,
Tom,Eisbrenner,Tom Eisbrenner,teisbrenner@mbe.group,VALID,President,1 Owner/Founder/CEO,MBE Group,mbe.group,Other marketing agency,29,"Bloomfield Hills, Michigan, United States","Bloomfield Hills, Michigan, United States",https://www.linkedin.com/in/tom-eisbrenner-2596185,https://www.linkedin.com/company/mbegroupllc,"Full-service marketing and communications for the automotive, aftermarket, trucking, tech, mobility and consumer goods industries. Experience. Expertise. Global reach.",President at MBE Group,
Seth,Hargrave,Seth Hargrave,seth@mediatwo.net,VALID,CEO,1 Owner/Founder/CEO,Media Two,mediatwo.net,Other marketing agency,18,"Raleigh, North Carolina, United States","Raleigh, North Carolina, United States",https://www.linkedin.com/in/sethhargrave,https://www.linkedin.com/company/mediatwointeractive,"Media Two Interactive is a media agency that specializes in media planning, SEM and social media services..",CEO at Media Two,
Patsy,Sumner,Patsy Sumner,psumner@themediaspark.com,VALID,"Founder & CEO of MediaSpark, Blockbuster Brand Builder, Digital Media Specialist",1 Owner/Founder/CEO,MediaSpark LLC,themediaspark.com,Other marketing agency,17,"Omaha, Nebraska, United States","Omaha, Nebraska, United States",https://www.linkedin.com/in/patsysumner,https://www.linkedin.com/company/mediasparkllc,"MediaSpark LLC specializes in digital marketing services, focusing on converting online interactions into loyal customers. The company offers performance media buying, expert media strategy, and campaign optimization. MediaSpark LLC aims to deliver the right message to the right audience, ensuring effective marketing outcomes.","Founder & CEO of MediaSpark, AMA’s 2026 Agency of the Year, Master Marketing Strategist, Blockbuster Brand Builder, Digital Media Specialist, Nexstar Strategic Marketing Partner",
Vince,Thompson,Vince Thompson,vince@meltatl.com,VALID,Founder/Chairman/CEO,1 Owner/Founder/CEO,MELT Sports/Culinary/Entertainment,meltatl.com,Other marketing agency,15,"Atlanta, Georgia, United States","Atlanta, Georgia, United States",https://www.linkedin.com/in/meltceo,https://www.linkedin.com/company/melt-atl,"Looking for the best marketing agency in Atlanta, GA? MELT ATL delivers data-driven digital strategies, branding, and creative solutions that get results. Let’s grow your brand—Request a consultation today!","Award-winning Founder of MELT, brand-builder, sports marketing pro, and Author of “Build Brand You” & the new “Build Brand, U, Too”",
Noreen,Cahalane,Noreen Cahalane,ncahalane@merzbranding.com,VALID,President/Partner,1 Owner/Founder/CEO,Merz Branding,merzbranding.com,Other marketing agency,12,"Media, Pennsylvania, United States","Media, Pennsylvania, United States",https://www.linkedin.com/in/noreen-cahalane-9215118,https://www.linkedin.com/company/merzbranding,"The Philadelphia area's top full-service branding agency offering award-winning marketing, digital and brand strategy services with deep industry expertise.",President/Partner at Merz Branding,
Alex,Rosman,Alex Rosman,alexrosman@metrostudio.com,VALID,Founder & CEO,1 Owner/Founder/CEO,Metrostudio,metrostudio.com,Other marketing agency,22,"Aventura, Florida, United States","Miami, Florida, United States",https://www.linkedin.com/in/alexrosman,https://www.linkedin.com/company/metrostudio,"Metrostudio is a real estate marketing agency specializing in branding, CGI, and strategy for luxury developments and hospitality projects.","Architect · Founder, Metrostudio · 25 years launching luxury real estate, from Miami to Rome · Strategy, brand, concept design & sales tools",
Lauren,Metter,Lauren Metter,lauren@mettermedia.com,VALID,Founder,1 Owner/Founder/CEO,Metter Media LLC,mettermedia.com,Other marketing agency,21,"Brookline, Massachusetts, United States","Boston, Massachusetts, United States",https://www.linkedin.com/in/laurenmetter,https://www.linkedin.com/company/metter-media,Metter Media LLC is a Cambridge-based social media management company dedicated to working hand-in-hand with you to get your business’ personality on phones and feeds.,Founder + CEO at Metter Media // Social Media Consultant // Proud co-owner of a women-owned agency,
Lyssa,Goldberg,Lyssa Goldberg,lyssa@mettermedia.com,VALID,"COO, Co-Owner",1 Owner/Founder/CEO,Metter Media LLC,mettermedia.com,Other marketing agency,21,"Brookline, Massachusetts, United States","Boston, Massachusetts, United States",https://www.linkedin.com/in/lyssa-goldberg,https://www.linkedin.com/company/metter-media,Metter Media LLC is a Cambridge-based social media management company dedicated to working hand-in-hand with you to get your business’ personality on phones and feeds.,COO at Metter Media LLC || Social Media Marketing Consultant || Proud co-owner of a women-owned agency,
Jim,Lake,Jim Lake,jim@mwachicago.com,VALID,President,1 Owner/Founder/CEO,Michael Walters Advertising,mwachicago.com,Other marketing agency,11,"Chicago, Illinois, United States","Chicago, Illinois, United States",https://www.linkedin.com/in/jimatmwa,https://www.linkedin.com/company/michael-walters-advertising,"We are a full-service advertising agency, located in the heart of River North in Chicago, with strengths in healthcare, franchise, higher education, and insurance advertising.",President Michael Walters Advertising,
Erik,Meade,Erik Meade,emeade@mindfirecomm.com,VALID,Owner,1 Owner/Founder/CEO,MindFire Communications,mindfirecomm.com,Other marketing agency,26,"Le Claire, Iowa, United States","Le Claire, Iowa, United States",https://www.linkedin.com/in/erikmeade,https://www.linkedin.com/company/mindfire-communications,"MindFire is a full-service marketing firm based in Le Claire, IA, that leads with research & strategy to deliver unmatched creative & ROI for clients big & small.","Owner, MindFire Communications Inc.",
Amy,Behning,Amy Behning,abehning@mindfirecomm.com,VALID,Brand Arsonist / Co-owner,1 Owner/Founder/CEO,MindFire Communications,mindfirecomm.com,Other marketing agency,26,"Le Claire, Iowa, United States","Bettendorf, Iowa, United States",https://www.linkedin.com/in/amy-behning-10725033,https://www.linkedin.com/company/mindfire-communications,"MindFire is a full-service marketing firm based in Le Claire, IA, that leads with research & strategy to deliver unmatched creative & ROI for clients big & small.","Co-owner @ MindFire Communications | Smart, Creative Communications Ideas",
Chana,Burton,Chana Burton,cburton@mithoffburton.com,VALID,President and CEO,1 Owner/Founder/CEO,Mithoff Burton Partners,mithoffburton.com,Other marketing agency,14,"El Paso, Texas, United States","El Paso, Texas, United States",https://www.linkedin.com/in/chana-burton-50042334,https://www.linkedin.com/company/mithoff-burton-partners,"Operator of an advertising agency in El Paso, Texas. The agency provides marketing communication services, such as brand development, advertising, public relations, and online/social media, to a diverse range of clients. Additionally, they offer collateral design and outdoor print services.",Executive Vice-President; Account Service  at Mithoff Burton Partners,
Mike,Piro,Mike Piro,mpiro@mittcom.com,VALID,"Executive Creative Director, Senior Vice President",1 Owner/Founder/CEO,Mittcom,mittcom.com,Other marketing agency,15,"Needham, Massachusetts, United States","Medford, Massachusetts, United States",https://www.linkedin.com/in/mike-piro-93858737,https://www.linkedin.com/company/mittcom,Mittcom is a provider of content marketing and advertising services.,"SVP, Executive Creative Director I Storyteller I Writer",
Mike,Pruett,Mike Pruett,mike@mltgroup.com,VALID,CEO,1 Owner/Founder/CEO,MLT Group,mltgroup.com,Other marketing agency,25,"Rochester, Minnesota, United States","Rochester, Minnesota, United States",https://www.linkedin.com/in/mike-pruett-16b33640,https://www.linkedin.com/company/mlt-group,"Digital Marketing experts providing custom websites, digital marketing, video production & more. MLT Group serves a variety of businesses in Minneapolis, Rochester & Beyond!",CEO at MLT Group Advertising & Marketing,
Jordon,Meyer,Jordon Meyer,jordon@granularmarketing.com,VALID,Partner & Co-Founder,1 Owner/Founder/CEO,Momentic,granularmarketing.com,Other marketing agency,11,"Milwaukee, Wisconsin, United States","Milwaukee, Wisconsin, United States",https://www.linkedin.com/in/jordonm,https://www.linkedin.com/company/momentic-seo,"Momentic is an agency for organic growth & ROI. Founded by ex-large agency employees, our focus is organic growth. Get results without paying for full-service overhead.",CEO & Founder at Granular | PPC Expert - Digital Marketing Consultant,
Daryl,Glein,Daryl Glein,dglein@monarchmarketing.com,VALID,Founder,1 Owner/Founder/CEO,Monarch Marketing,monarchmarketing.com,Other marketing agency,29,"Tampa, Florida, United States","Tampa, Florida, United States",https://www.linkedin.com/in/daryl-glein,https://www.linkedin.com/company/monarch-marketing,"Monarch Marketing is a full-service advertising and marketing agency with a fully-integrated contact center located in Tampa, Florida.","President at Monarch Marketing, Inc.",
Katie,Meyer,Katie Meyer,katie@moonlabproductions.com,VALID,Chief Executive Officer,1 Owner/Founder/CEO,MoonLab,moonlabproductions.com,Other marketing agency,20,"Los Angeles, California, United States","Los Angeles, California, United States",https://www.linkedin.com/in/katlainmeyer,https://www.linkedin.com/company/moonlab-productions,"We are an ethically driven creative agency on a mission to design, produce  and launch impactful brand experiences for clients around the world.  MoonLab Missions Women Empowerment Diversity + Inclusion Mental Health +  Wellness Sustainability Giving Back",CEO + Director of Events at MoonLab Productions,
Mark,Williams,Mark Williams,mark@mortaragency.com,VALID,Managing Partner/Founder & CEO,1 Owner/Founder/CEO,Mortar Advertising,mortaragency.com,Other marketing agency,29,"San Francisco, California, United States","San Francisco, California, United States",https://www.linkedin.com/in/mortarmark,https://www.linkedin.com/company/mortar,"We’re a San Francisco advertising agency that believes the best way to make a real customer connection is to gut-punch them in the A-ha. Let’s take a shot with your brand. Specializing in Destinations & Experiences, Education, Healthcare, and Tech verticals.",Mortar Advertising CEO | Managing Partner & Founder | Marketing Strategy Expert | Brand Development Innovator | Digital Marketing Thought Leader | Master Storyteller | Champion for A-ha Moments,
Kate,Wadia,Kate Wadia,kate@mrsandmr.com,VALID,Founder & Chief Creative Officer,1 Owner/Founder/CEO,Mrs & Mr,mrsandmr.com,Other marketing agency,10,"New York, New York, United States","New York, New York, United States",https://www.linkedin.com/in/kate-wadia-13b6517b,https://www.linkedin.com/company/mrs-&-mr,"Mrs&Mr is a creative agency that builds brands with insight, imagination and impact. We craft design, advertising and branded experiences.",,
Daniel,Wadia,Daniel Wadia,danielwadia@mrsandmr.com,VALID,Co-Founder,1 Owner/Founder/CEO,Mrs & Mr,mrsandmr.com,Other marketing agency,10,"New York, New York, United States","New York, New York, United States",https://www.linkedin.com/in/danielwadia,https://www.linkedin.com/company/mrs-&-mr,"Mrs&Mr is a creative agency that builds brands with insight, imagination and impact. We craft design, advertising and branded experiences.",Co-Founder at Mrs & Mr,
Kevin,Latchford,Kevin Latchford,klatchford@aztekweb.com,VALID,Chief Executive Officer,1 Owner/Founder/CEO,MUDDY GROUP,aztekweb.com,Other marketing agency,14,"Cleveland, Ohio, United States","Cleveland, Ohio, United States",https://www.linkedin.com/in/kevinlatchford,https://www.linkedin.com/company/muddy-group,"A full-service marketing agency, production house, and brand incubator. Offices in Austin, Bozeman, Cleveland, and DC. MSM serves diverse commercial industries ranging from sports & entertainment to alcoholic spirits.",CEO at Muddy Group: Studio+Agency+Incubator,
Kevin,Danaj,Kevin Danaj,kevin.danaj@mvpcollaborative.com,VALID,President and CEO,1 Owner/Founder/CEO,MVP Collaborative,mvpcollaborative.com,Other marketing agency,26,"Troy, Michigan, United States","Detroit, Michigan, United States",https://www.linkedin.com/in/kevin-danaj-03b49a14,https://www.linkedin.com/company/mvp-collaborative,"MVP Collaborative has evolved into a full-service marketing and communications agency with a broad set of services, resources and expertise.","President & CEO of MVP Collaborative, A Marketing Agency Specializing in Live Events, Meetings, Video, & Digital",
Mark,Rosenthal,Mark Rosenthal,mark@mvrdigital.co,VALID,Founder,1 Owner/Founder/CEO,MVR Digital,mvrdigital.co,Other marketing agency,18,"New York, United States","New York, New York, United States",https://www.linkedin.com/in/markrsnthl,https://www.linkedin.com/company/mvrdigital,We’re a full-service growth marketing agency focused on digital solutions for forward-thinking companies. Helping emerging brands thrive in the digital world.,"Founder @ MVR Digital, An Adweek Fastest Growing Agency | Performance Marketing & Digital Strategy, Fractional CMO",
Jackie,Ulasewich Cullen,Jackie Ulasewich Cullen,jackie@mydentalagency.com,VALID,Business Owner,1 Owner/Founder/CEO,"My Dental Agency, Inc.",mydentalagency.com,Other marketing agency,11,"New Port Richey, Florida, United States","Spring Hill, Florida, United States",https://www.linkedin.com/in/jackieulasewich,https://www.linkedin.com/company/my-dental-agency-inc-,My Dental Agency specializes in digital marketing services for dental sector.,Digital Marketing for Dental Practices  | Founder of My Dental Agency,
Shawn,Berg,Shawn Berg,shawn@mydentalagency.com,VALID,Co-Founder,1 Owner/Founder/CEO,"My Dental Agency, Inc.",mydentalagency.com,Other marketing agency,11,"New Port Richey, Florida, United States","New Port Richey, Florida, United States",https://www.linkedin.com/in/shawncberg,https://www.linkedin.com/company/my-dental-agency-inc-,My Dental Agency specializes in digital marketing services for dental sector.,Entrepreneur ● Digital Strategist ● Software Developer,
Steve,Piorro,Steve Piorro,steve@naked.media,VALID,CEO,1 Owner/Founder/CEO,Naked.Media,naked.media,Other marketing agency,19,"Ormond Beach, Florida, United States","West Palm Beach, Florida, United States",https://www.linkedin.com/in/steve-piorro-1507579b,https://www.linkedin.com/company/nakeddotmedia,We are Digital Marketing Agency that specialize in Exclusive Lead Generation & also develop a Marketing Strategies Customized for your Business needs.,CEO & Founder of Naked Media LLC,
Liel,Levy,Liel Levy,liell@nanatomedia.com,VALID,CEO,1 Owner/Founder/CEO,Nanato Media,nanatomedia.com,Other marketing agency,15,"Austin, Texas, United States","Austin, Texas, United States",https://www.linkedin.com/in/liellevy,https://www.linkedin.com/company/nanatomedia,"Hispanic Marketing Agency for Law Firms: Culturally connect and engage the U.S. Latino community to grow your firm. ¡Hablas español or not, we got you!","Helping Law Firms Become the Go-To Firm for Latinos in the U.S. • Co-Founder, Nanato Media • Author, Beyond Se Habla Español • Creator, By Accidente",
Josh,Oreck,Josh Oreck,josh@nr8r.com,VALID,President,1 Owner/Founder/CEO,Narrator Inc.,nr8r.com,Other marketing agency,27,"Los Angeles, California, United States","Los Angeles, California, United States",https://www.linkedin.com/in/josh-oreck-narrator,https://www.linkedin.com/company/narrator-inc.,A Full-Service Creative Agency Specializing in EPK Content Production,"President + Founder - Narrator, Inc.",
Chris,Jennings,Chris Jennings,chrisjennings@natlmail.com,VALID,President,1 Owner/Founder/CEO,National Mail & Digital Marketing - NMDM,natlmail.com,Other marketing agency,23,"Broomall, Pennsylvania, United States","Broomall, Pennsylvania, United States",https://www.linkedin.com/in/chris-jennings-681a224,https://www.linkedin.com/company/national-mail-marketing-corporation,"NMMC specializes in direct mail, email, and digital marketing. Partner with us to create powerful campaigns that drive success.",President at National Mail/Marketing Corp,
Sasson,Sarooei,Sasson Sarooei,sasson@navazon.com,VALID,"President, Strategist",1 Owner/Founder/CEO,Navazon,navazon.com,Other marketing agency,11,"Los Angeles, California, United States","Los Angeles, California, United States",https://www.linkedin.com/in/sassons,https://www.linkedin.com/company/navazon,Navazon specializes in digital marketing and software development.,"President, Strategist at Navazon",
Chad,Olson,Chad Olson,colson@nemerfieger.com,VALID,President,1 Owner/Founder/CEO,Nemer Fieger,nemerfieger.com,Other marketing agency,26,"Minneapolis, Minnesota, United States","Greater Minneapolis-St. Paul Area, United States",https://www.linkedin.com/in/chad-olson-235ba97,https://www.linkedin.com/company/nemer-fieger,"Nemer Fieger is a full-service advertising agency in Minneapolis, MN that  provides marketing strategy, public relations and media relations, media  buying and creative. We turn market-specific insight into consumer  engagement. Our approach has transformed consumers into brand believers &  clients into fans.",President at Nemer Fieger and Associates,
Brooke,Partelow,Brooke Partelow,brooke@neonpixel.co,VALID,Founder and CEO,1 Owner/Founder/CEO,NeonPixel,neonpixel.co,Other marketing agency,13,"Henderson, Nevada, United States","Henderson, Nevada, United States",https://www.linkedin.com/in/brookepartelow,https://www.linkedin.com/company/neonpixel,"Transform your performance marketing with precision CTV targeting, premium network access, and advanced attribution. Trusted by leading e-commerce brands.",Helping digital marketers make CTV a performance marketing channel,
Nathan,Harris,Nathan Harris,nharris@npws.net,VALID,Founder & CEO,1 Owner/Founder/CEO,New Perspective Marketing,npws.net,Other marketing agency,26,"Worcester, Massachusetts, United States","Westborough, Massachusetts, United States",https://www.linkedin.com/in/nathan-e-harris,https://www.linkedin.com/company/new-perspective-marketing,"We fuel growth for cleantech, SaaS, and next-gen manufacturers through expert marketing, web design, inbound marketing and content. Worcester, MA.","I work with B2B companies whose products are hard to explain and whose marketing hasn’t caught up yet | Founder & CEO, New Perspective",
Ric,Boccio,Ric Boccio,ricb@newroadadvertising.com,VALID,President,1 Owner/Founder/CEO,New Road Advertising,newroadadvertising.com,Other marketing agency,10,"Kinnelon, New Jersey, United States","New York, New York, United States",https://www.linkedin.com/in/ric-boccio-21364a1a3,https://www.linkedin.com/company/new-road-advertising,"New Road Advertising transforms innovative, cutting-edge digital marketing strategies into competitive advertising solutions that boost your customer engagement with transparent and trackable results.","President at New Road Advertising- Advertising Specialist, Sales Leader, and Trainer.  Dedicated to helping small to medium size businesses excel in their crowded marketplaces.  Hiring Business Development Managers!",
David,Poteet,David Poteet,dpoteet@insidenewcity.com,VALID,President,1 Owner/Founder/CEO,NewCity - An Interactive Design Agency,insidenewcity.com,Other marketing agency,20,"Blacksburg, Virginia, United States","Blacksburg, Virginia, United States",https://www.linkedin.com/in/davidpoteet,https://www.linkedin.com/company/newcity---an-interactive-design-agency,"NewCity is a marketing firm that offers web design, communications, advertising, eCommerce and digital marketing services.","President of NewCity, a digital agency partnering with higher ed, non-profit and commercial clients. Open to connections if we've actually met.",
Lauren,O'Brien,Lauren O'Brien,lauren.mcgaha@newfangled.com,VALID,President,1 Owner/Founder/CEO,Newfangled,newfangled.com,Other marketing agency,25,"Chapel Hill, North Carolina, United States","Chapel Hill, North Carolina, United States",https://www.linkedin.com/in/lauren-o-brien-3b858b31,https://www.linkedin.com/company/newfangled-web-factory,We generate ideal new business opportunities by creating and nurturing digital marketing systems and habits.,President of Newfangled & Newfangled Frontier,
Rich,Evenhouse,Rich Evenhouse,rich@welcometonext.com,VALID,Partner/President,1 Owner/Founder/CEO,NEXT Creative Co.,welcometonext.com,Other marketing agency,15,"Holland, Michigan, United States","Holland, Michigan, United States",https://www.linkedin.com/in/richevenhouse,https://www.linkedin.com/company/nextcreativeco,We’re a full service creative agency partnering with market leaders to claim share through brand marketing that stands apart. Let’s chat.,Co-Founder @ Next Creative Co.,
Mike,Cottrill,Mike Cottrill,mike@ngagecontent.com,VALID,CEO/Strategy,1 Owner/Founder/CEO,NgageContent,ngagecontent.com,Other marketing agency,19,"Lakewood, Ohio, United States","Lakewood, Ohio, United States",https://www.linkedin.com/in/mikecottrill,https://www.linkedin.com/company/ngagecontent,"NgageContent is a full service marketing agency helping B2B companies scale up. From HubSpot CRM implementation to lead generation, let's grow your business.",CEO at NgageContent,
JD,Eaton,JD Eaton,jd@ngagecontent.com,VALID,Co-Founder/Creative,1 Owner/Founder/CEO,NgageContent,ngagecontent.com,Other marketing agency,19,"Lakewood, Ohio, United States","Cleveland, Ohio, United States",https://www.linkedin.com/in/jdeaton,https://www.linkedin.com/company/ngagecontent,"NgageContent is a full service marketing agency helping B2B companies scale up. From HubSpot CRM implementation to lead generation, let's grow your business.",Creative Thinker/Inbound Marketing Specialist,
Mike,Long,Mike Long,mike@nightculture.com,VALID,OWNER,1 Owner/Founder/CEO,Nightculture Inc,nightculture.com,Other marketing agency,12,"Houston, Texas, United States","Houston, Texas, United States",https://www.linkedin.com/in/mike-long-44b90540,https://www.linkedin.com/company/nightculture-inc,"NightCulture Inc was originally incorporated in 1998, as Texxon, Inc., under the laws of the State of Oklahoma. In 2006, it reincorporated in the State of Nevada, amended the articles of incorporation to change its name to Continan Communications, Inc., effected a 1-for-20 reverse stock split. In 2009, the Company amended its articles of incorporation to change its name to XXX Acquisition Corp and effected a 1-for-100 reverse stock split. On July 31, 2011, it completed a share exchange agreement with Night Culture, Inc., a Texas corporation and in August 2011, the Company amended its articles of incorporation to change its name to NightCulture, Inc. and effected an 8-for-1 stock split. The Company principal line of business is promoting and producing, and selling merchandise at, live concerts, primarily in the Electronic Dance Music genre. The Company has a track-record of successful live concert production and the ability to scale across cities and states to orchestrate tours. Its grass roots promotional network allows the Company to uniquely create markets for its events. Its target market is the 18-44 year old age group. The Company's operations are presently focused on the promotion and production of live music events, primarily in the EDM genre, and include merchandising. Top shows that the Company produced in recent years include: Tiesto, David Guetta, Deadmau5, Benny Benassi, Above & Beyond, Paul van Dyk, Ferry Corsten, Gareth Emery, Markus Schulz, ATB, Rusko, Sasha, John Digweed, Cosmic Gate, Pretty Lights, Will.i.am from the Black Eyed Peas, Paul Oakenfold, Calvin Harris, Bob Sinclar, Boys Noize, Hernan Cattaneo, and Bonobo, Kaskade. The Company presently operates in the Houston, Austin, San Antonio and Oklahoma City markets. Its target market is the 18-44 year old age group. The Company uses many mediums to get the word out to its customers, including email, text messaging, social media, Facebook, Myspace, flier distribution, poster placement, word-of-mouth, video, YouTube, telephone and direct mail. Its main competitors in the live music industry include Live Nation, AEG, Warehouse Live, Insomnia, Kaos Entertainment, C3 Concerts, Real Music Events, Slow Motion Music, SDC, Gritsy and Reverse. The Company and its venues are subject to extensive environmental laws and regulations relating to the use, storage, disposal, emission and release of hazardous and non-hazardous substances, as well as zoning and noise level restrictions which may affect, among other things, the hours of operations of its venues.",,
Ben,Donahower,Ben Donahower,ben@noboundsdigital.com,VALID,Owner,1 Owner/Founder/CEO,No Bounds Digital | HubSpot Agency Partner,noboundsdigital.com,Other marketing agency,11,"Ephrata, Pennsylvania, United States","Ephrata, Pennsylvania, United States",https://www.linkedin.com/in/bendonahower,https://www.linkedin.com/company/no-bounds-digital,"No Bounds Digital is an inbound marketing agency focused on generating more and better leads with HubSpot, inbound, and journey based advertising.  Click, and start the journey to find out whether we are a good fit to become your trusted marketing partner.",We enable business growth with HubSpot.,
Nicole,DeLeon,Nicole DeLeon,nicole@northstarinbound.com,VALID,Owner,1 Owner/Founder/CEO,North Star Inbound,northstarinbound.com,Other marketing agency,18,"Austin, Texas, United States","Austin, Texas, United States",https://www.linkedin.com/in/nicoleldeleon,https://www.linkedin.com/company/north-star-inbound,An award winning content marketing agency delivering search driven content that gets you noticed by the people who matter.,Founder at North Star Inbound | Organic Growth through Content and Links,
Jay,Beckman,Jay Beckman,jay@northernground.com,VALID,"Co-Founder, Design",1 Owner/Founder/CEO,Northern Ground,northernground.com,Other marketing agency,13,"Milwaukee, Wisconsin, United States","Milwaukee, Wisconsin, United States",https://www.linkedin.com/in/jaybeckman,https://www.linkedin.com/company/northern-ground,"We are a dedicated digital agency in Milwaukee, WI, with a tight-knit team driven by passion and expertise. Our size doesn't matter; our results do.","Co-Founder, Design @ Northern Ground",
Mary,Rowley,Mary Rowley,mrowley@nupointmarketing.com,VALID,CEO/Managing Partner,1 Owner/Founder/CEO,NüPOINT Marketing,nupointmarketing.com,Other marketing agency,15,"Tucson, Arizona, United States","Tucson, Arizona, United States",https://www.linkedin.com/in/mary-rowley-apr-560b174,https://www.linkedin.com/company/nupointmarketing,Grow your brand with a full-service digital marketing agency in Tucson and Wilmington. We help businesses thrive with tailored strategies.,CEO/Managing Partner at NüPOINT Marketing and Market Research,
Kevin,O'Brien,Kevin O'Brien,kevin@obrienetal.com,VALID,President,1 Owner/Founder/CEO,O'Brien et al. Advertising,obrienetal.com,Other marketing agency,24,"Virginia Beach, Virginia, United States","Virginia Beach, Virginia, United States",https://www.linkedin.com/in/kevin-o-brien-985b707,https://www.linkedin.com/company/o-brien-et-al-advertising,"O'Brien Et Al. Advertising is a Virginia Beach, VA based private company whose line of business is Advertising agency",President at O'Brien et al. Advertising,
Aaron,Melhorn,Aaron Melhorn,aaron@o2dca.com,VALID,President,1 Owner/Founder/CEO,O2 Digital Creative Agency,o2dca.com,Other marketing agency,10,"Aliquippa, Pennsylvania, United States","Pittsburgh, Pennsylvania, United States",https://www.linkedin.com/in/aaron-melhorn-12346b47,https://www.linkedin.com/company/o2-digital-creative-agency,"O2 Digital Creative Agency is your trusted marketing and technology partner. We help our clients solve creative challenges and achieve their goals with innovative solutons; including design, development, digital strategy, and more.",,
Scott,Conditt,Scott Conditt,scott@offensivegroup.com,VALID,Founder / Chief Creative Officer,1 Owner/Founder/CEO,Offensive Marketing Group,offensivegroup.com,Other marketing agency,14,"Phoenix, Arizona, United States","Surprise, Arizona, United States",https://www.linkedin.com/in/scottconditt,https://www.linkedin.com/company/offensive-marketing-group,"Offensive Marketing Group is a digital marketing company offering photography, consulting, and social media management services.","Author, Director, Co-Founder / Creative Director at Offensive Marketing Group",
Matt,Stover,Matt Stover,matt.stover@omnitail.net,VALID,Founder,1 Owner/Founder/CEO,Omnitail,omnitail.net,Other marketing agency,13,"Reston, Virginia, United States","Washington, United States",https://www.linkedin.com/in/matt-stover-21ba7b19,https://www.linkedin.com/company/omnitail,"Omnitail is an online marketing agency committed to driving profit for businesses, while providing transparent, honest reporting. Learn more.","Founder at Omnitail, LLC",
Brian,Prezgay,Brian Prezgay,brian@ontargetmediainc.com,VALID,Owner,1 Owner/Founder/CEO,"On Target Media, Inc.",ontargetmediainc.com,Other marketing agency,18,"Las Vegas, Nevada, United States","Boulder City, Nevada, United States",https://www.linkedin.com/in/brian-prezgay-9a89685,https://www.linkedin.com/company/on-target-media-inc-,"On Target Media is a Las Vegas advertising agency. We produce quality ads, negotiate competitive media rates and offer optimal online services.","Owner of On Target Media, Inc.",
Mark,Arnold,Mark Arnold,mark@markarnold.com,VALID,President,1 Owner/Founder/CEO,On The Mark Strategies,onthemarkstrategies.com,Other marketing agency,16,"Dallas, Texas, United States","Carrollton, Texas, United States",https://www.linkedin.com/in/jmarkarnold,https://www.linkedin.com/company/on-the-mark-strategies,"On The Mark Strategies is a full-service credit union marketing agency specializing in strategic branding, advertising, marketing & training.","President, On the Mark Strategies",CHECK: email domain differs from company domain
Jennifer,James,Jennifer James,jjames@opticmarketinggroup.com,VALID,CEO,1 Owner/Founder/CEO,Optic Marketing Group,opticmarketinggroup.com,Other marketing agency,27,"Tampa, Florida, United States","Tampa, Florida, United States",https://www.linkedin.com/in/jenniferjames813,https://www.linkedin.com/company/optic-marketing-group,At Optic Marketing Group we offer digital marketing services to Plumbing & HVAC companies. We also work with a variety of other industries.,"We’re Rebuilding Marketing for Home Services in the AI Era | CEO & Co-Founder, Optic Marketing Group | Driving Scalable Growth for Contractors & Distributors",
Paul,Lerner,Paul Lerner,plerner@optimistconsulting.com,VALID,Co-Founder,1 Owner/Founder/CEO,Optimist,optimistconsulting.com,Other marketing agency,29,"New York, New York, United States","New York, New York, United States",https://www.linkedin.com/in/palerner,https://www.linkedin.com/company/optimistconsulting,"Optimist Consulting creates compelling stories and making meaningful connections for their clients. Their team has decades of combined experience launching signature properties and premier global brands, but their work doesn’t stop there; they continue to make their clients stand out over time. Their staff of twenty-five is made up of teams dedicated to specific areas of expertise real estate and design, luxury goods and lifestyle, special events and partnerships, social media strategy, and content creation all collaborating on their behalf.",Co-Founder Optimist Consulting,
Stephen,Sorg,Stephen Sorg,stephen@optyo.net,VALID,Co-Founder & CEO,1 Owner/Founder/CEO,OPTYO,optyo.net,Other marketing agency,13,"San Diego, California, United States","San Diego, California, United States",https://www.linkedin.com/in/stephensorg,https://www.linkedin.com/company/optyo,"OPTYO is a performance marketing agency meets brand accelerator. Across our team we've managed multiple businesses, raised millions in capital, and achieved exits through acquisitions & licensing deals. Now, we are leveraging that experience to accelerate the growth of entrepreneurs and start-ups.",Co-Founder & CEO at OPTYO | Building Hyper-Growth Fitness & Sports Performance Companies,
Scott,Overstreet,Scott Overstreet,scott@overstreet1.com,VALID,CEO,1 Owner/Founder/CEO,Overstreet Associates,overstreet1.com,Other marketing agency,16,"Hayward, California, United States","Hayward, California, United States",https://www.linkedin.com/in/scott-overstreet-ab6b5520,https://www.linkedin.com/company/overstreet-associates,"We’re an advertising agency located in the San Francisco Bay Area, dedicated to providing clients with the best tools to successfully market their companies. With 30 years of experience, we know what we’re doing and we do it well. Let us answer your questions, and solve your problems, on time and on budget.",CEO at Overstreet Associates,
Shellie,Thomson,Shellie Thomson,shellie@overstreet1.com,VALID,"President, CFO",1 Owner/Founder/CEO,Overstreet Associates,overstreet1.com,Other marketing agency,16,"Hayward, California, United States","Castro Valley, California, United States",https://www.linkedin.com/in/shellie-thomson-bb1a3011,https://www.linkedin.com/company/overstreet-associates,"We’re an advertising agency located in the San Francisco Bay Area, dedicated to providing clients with the best tools to successfully market their companies. With 30 years of experience, we know what we’re doing and we do it well. Let us answer your questions, and solve your problems, on time and on budget.","President, CFO at Overstreet Associates",
Allisha,Watkins,Allisha Watkins,allisha@paradoxretail.com,VALID,Chief Executive Officer,1 Owner/Founder/CEO,Paradox,paradoxretail.com,Other marketing agency,15,"Rogers, Arkansas, United States","Rogers, Arkansas, United States",https://www.linkedin.com/in/allishawatkins,https://www.linkedin.com/company/paradoxretail,Paradox Retail is a retail marketing agency specialized for emerging & challenger brands. We help our clients make better decisions so their brands can grow.,Founder & CEO @ Paradox l Retail Marketing Agency,
Cindy,White,Cindy White,cindy@parkerwhite.com,VALID,"CEO, Creative Director",1 Owner/Founder/CEO,"ParkerWhite, A Healthcare Agency",parkerwhite.com,Other marketing agency,11,"Cardiff-by-the-Sea, California, United States","Cardiff-by-the-Sea, California, United States",https://www.linkedin.com/in/wegivebrandslife,https://www.linkedin.com/company/parkerwhite-brand-interactive,We are a full-service San Diego marketing and branding agency with 24+ years experience within the health & medtech industry. Get a consultation today!,"Creative Director at ParkerWhite, A Healthcare Agency",
Eric,Ng,Eric Ng,eric@parkerwhite.com,VALID,"Chief Operating Officer / Executive Vice President, Digital",1 Owner/Founder/CEO,"ParkerWhite, A Healthcare Agency",parkerwhite.com,Other marketing agency,11,"Cardiff-by-the-Sea, California, United States","Cardiff-by-the-Sea, California, United States",https://www.linkedin.com/in/eric-ng-830b638,https://www.linkedin.com/company/parkerwhite-brand-interactive,We are a full-service San Diego marketing and branding agency with 24+ years experience within the health & medtech industry. Get a consultation today!,,
Josh,Golsen,Josh Golsen,Josh@part4.com,VALID,President | Partner,1 Owner/Founder/CEO,Part 4,part4.com,Other marketing agency,24,"Los Angeles, California, United States","Los Angeles, California, United States",https://www.linkedin.com/in/joshgolsen,https://www.linkedin.com/company/part-4,"Founded in 2014, Part 4 is an award-winning creative agency that specializes in crafting strategic solutions for social, digital and beyond.",President | Partner at PART IV,
Thomas,Littlejohn,Thomas Littlejohn,thomas.littlejohn@partnerweekly.com,VALID,Chief Executive Officer,1 Owner/Founder/CEO,"PartnerWeekly, LLC",partnerweekly.com,Other marketing agency,18,"Las Vegas, Nevada, United States","Las Vegas, Nevada, United States",https://www.linkedin.com/in/thomas-littlejohn-58a891158,https://www.linkedin.com/company/partnerweekly,"An efficient solution for consumers seeking specialty finance products – all while optimizing and monitoring ongoing performance metrics. As one of the largest digital marketing companies in the United States, we manage a robust, powerful network and deliver cutting-edge technology.",President & CEO at Partner Weekly,
ADAM,TILLMAN-YOUNG,ADAM TILLMAN-YOUNG,adam@passerine.us,VALID,Chief Creative Officer / Founder,1 Owner/Founder/CEO,PASSERINE,passerine.us,Other marketing agency,13,"Los Angeles, California, United States","Los Angeles, California, United States",https://www.linkedin.com/in/adamtillmanyoung,https://www.linkedin.com/company/passerine,"Operator of a creative agency designed to develop and produce narrative content and visual media for brand communication and storytelling. The company offers creative direction, production of film and video content, audience research and strategy, and access to a network of directors and creators, enabling businesses, organizations, and content partners to communicate their stories effectively and engage with their audiences across platforms.","Co-Founder & Chief Creative Officer @ PASSERINE | Commercial Directing, Strategy, Storytelling",
Amy,Golden,Amy Golden,amy@paxsonfay.com,VALID,Owner,1 Owner/Founder/CEO,Paxson Fay,paxsonfay.com,Other marketing agency,10,"Seattle, Washington, United States","Seattle, Washington, United States",https://www.linkedin.com/in/amyleedom,https://www.linkedin.com/company/paxson-fay,"Paxson Fay is a full-service marketing and public relations firm specializing in the architecture, design, and arts industries.",Owner at Paxson Fay,
Tessa,Franchini,Tessa Franchini,tessa.andrews@paxsonfay.com,VALID,Owner,1 Owner/Founder/CEO,Paxson Fay,paxsonfay.com,Other marketing agency,10,"Seattle, Washington, United States","Seattle, Washington, United States",https://www.linkedin.com/in/tessaandrews,https://www.linkedin.com/company/paxson-fay,"Paxson Fay is a full-service marketing and public relations firm specializing in the architecture, design, and arts industries.","Co-Owner of Paxson Fay, a boutique agency sharing exceptional design with the world through PR, marketing, and communications for the built environment and creative industries",
Darren,Wong,Darren Wong,darren.wong@plancagency.com,VALID,President,1 Owner/Founder/CEO,PCA | Multicultural Marketing & Communications,plancagency.com,Other marketing agency,24,"Los Angeles, California, United States","Los Angeles, California, United States",https://www.linkedin.com/in/darrenwongpca,https://www.linkedin.com/company/plan-c-agency,"PLAN C Agency (PCA) is a full-service Asian American marketing and advertising agency serving the U.S., experts in culturally customized campaigns.",President at PLAN C Agency,
Jason Alan,Miller,Jason Alan Miller,jam@peacefulmedia.com,VALID,"Founder, CEO",1 Owner/Founder/CEO,Peaceful Media,peacefulmedia.com,Other marketing agency,10,"Portland, Oregon, United States","Portland, Oregon, United States",https://www.linkedin.com/in/jasonalanmiller9,https://www.linkedin.com/company/peaceful-media,"Peaceful Media is a full-service Brand & Digital Marketing Agency. Clients: Brendon Burchard, UC Davis, Children's Cancer Center, and more.",Founder of Peaceful Media | Host of Marketing for What Matters,
Diane,Drew,Diane Drew,ddrew@pepperdines.com,VALID,Owner,1 Owner/Founder/CEO,Pepperdines Marking Products,pepperdines.com,Other marketing agency,24,"Denver, Colorado, United States","Denver, Colorado, United States",https://www.linkedin.com/in/diane-drew-1a974537,https://www.linkedin.com/company/pepperdines,"Pepperdines is a full service Printing, Graphics, Vehicle Wrap, Sign and  Stamp company located in Denver, Colorado.","Owner, Pepperdines",
Dean,Fallander,Dean Fallander,dfallander@pepperdines.com,VALID,President,1 Owner/Founder/CEO,Pepperdines Marking Products,pepperdines.com,Other marketing agency,24,"Denver, Colorado, United States","Denver, Colorado, United States",https://www.linkedin.com/in/dean-fallander,https://www.linkedin.com/company/pepperdines,"Pepperdines is a full service Printing, Graphics, Vehicle Wrap, Sign and  Stamp company located in Denver, Colorado.",President at Pepperdines,
Ernie,Perich,Ernie Perich,periche@perich.com,VALID,President/Creative Director,1 Owner/Founder/CEO,Perich Advertising + Design,perich.com,Other marketing agency,19,"Ann Arbor, Michigan, United States","Ann Arbor, Michigan, United States",https://www.linkedin.com/in/ernieperich,https://www.linkedin.com/company/perich-advertising---design,"Perich is an advertising agency based in Ann Arbor, Michigan. Striking nerves. It's what we live for.",President/CD - Perich Advertising + Design. Author - 0-60 Branding blog.,
Nate,Tower,Nate Tower,ntower@perrill.com,VALID,President,1 Owner/Founder/CEO,Perrill,perrill.com,Other marketing agency,28,"Minnetonka, Minnesota, United States","Minneapolis, Minnesota, United States",https://www.linkedin.com/in/nate-tower,https://www.linkedin.com/company/perrill,Perrill is a full-service agency delivering digital solutions that drive results. Find out how we can grow your business today.,President at Perrill | Powering businesses to win online,
Leslie,Wilkins,Leslie Wilkins,leslie@pipelinesocialmedia.com,VALID,Chief Operating Officer/Co-founder,1 Owner/Founder/CEO,Pipeline Social Media,pipelinesocialmedia.com,Other marketing agency,12,"Stockbridge, Georgia, United States","Locust Grove, Georgia, United States",https://www.linkedin.com/in/leslie-wilkins-112aa867,https://www.linkedin.com/company/pipeline-social-media,"Atlanta digital marketing agency helping businesses across the US with websites, social media marketing and training, Facebook and Instagram ads & more.",Chief Operating Officer at Pipeline Social Media,
Ashley,Smith,Ashley Smith,ashley@polamarketing.com,VALID,"Founder, COO",1 Owner/Founder/CEO,POLA Marketing,polamarketing.com,Other marketing agency,13,"Covington, Louisiana, United States","Covington, Louisiana, United States",https://www.linkedin.com/in/aerkel,https://www.linkedin.com/company/pola-marketing,"POLA Marketing is a Louisiana-based full-service marketing & advertising agency specializing in branding, social media, photography, and custom web development.","Founder, COO at POLA Marketing",
Hudson,Davis-Ross,Hudson Davis-Ross,hudson@plantpeople.co,VALID,Advisor to CEO,1 Owner/Founder/CEO,Ponte Firm,pontefirm.com,Other marketing agency,27,"Austin, Texas, United States","Austin, Texas, United States",https://www.linkedin.com/in/hudsongr,https://www.linkedin.com/company/ponte-firm,"#1 ranked best influencer talent management, influencer strategy and  communications firm. Social media, TikTok, Instagram, YouTube and more.","Co-Founder & CEO at Plant People | CPG veteran ideating, launching & scaling businesses with innovation and purpose",CHECK: email domain differs from company domain
Seth,Byers,Seth Byers,seth@poolpartycreative.com,VALID,Founder,1 Owner/Founder/CEO,POOL PARTY CREATIVE,poolpartycreative.com,Other marketing agency,15,"Burbank, California, United States","Burbank, California, United States",https://www.linkedin.com/in/seth-byers-73149b163,https://www.linkedin.com/company/poolpartycreative,Pool Party Creative | Advertising agency focused on global entertainment & lifestyle brands | United States,Founder @ POOL PARTY CREATIVE | Entertainment Strategy Consulting,
Tommy,Gargotta,Tommy Gargotta,tommy@poolpartycreative.com,VALID,Founder,1 Owner/Founder/CEO,POOL PARTY CREATIVE,poolpartycreative.com,Other marketing agency,15,"Burbank, California, United States","Burbank, California, United States",https://www.linkedin.com/in/tommygargotta,https://www.linkedin.com/company/poolpartycreative,Pool Party Creative | Advertising agency focused on global entertainment & lifestyle brands | United States,"Founder at POOL PARTY CREATIVE, LLC",
Eitan,Magid,Eitan Magid,eitan@popshap.com,VALID,Chief Executive Officer,1 Owner/Founder/CEO,Popshap,popshap.com,Other marketing agency,23,"South Hackensack, New Jersey, United States","New York, New York, United States",https://www.linkedin.com/in/emagid,https://www.linkedin.com/company/popshap,"Popshap is an information technology and marketing service provider, that provides interactive and digital marketing software and hardware solutions to customers, that committed to developing innovative solutions, including provides custom software, custom hardware, custom design, and admin control services to customers.",Chief Executive Officer at Popshap,
Shelly,Rangsiyakul,Shelly Rangsiyakul,shelly@popsocial.life,VALID,"Founder, CEO & CREATIVE DIRECTOR",1 Owner/Founder/CEO,"POPsocial, Inc.",popsocial.life,Other marketing agency,14,"Los Angeles, California, United States","Marina del Rey, California, United States",https://www.linkedin.com/in/michellerangsiyakul,https://www.linkedin.com/company/popsocial-llc-,"POPsocial is a creative agency that provides videography, events, web, app, and graphic design services.",Founder & CEO at POPsocial | Creative Visionary | Advocate for Female Empowerment,
Tyler,Porter,Tyler Porter,tyler@porterpromedia.com,VALID,"Founder, CEO",1 Owner/Founder/CEO,Porter Pro Media,porterpromedia.com,Other marketing agency,21,"Ammon, Idaho, United States","Idaho Falls, Idaho, United States",https://www.linkedin.com/in/tylerporter,https://www.linkedin.com/company/porter-pro-media,We pride ourselves on being a content-first marketing agency based in Idaho Falls. Our strategies enable you to acquire more customers and increase your ROI.,Founder & CEO @ Porter Pro Media | The Content-First Agency | MBA,
Thomas,Post,Thomas Post,thomas@postmediagroup.com,VALID,Owner,1 Owner/Founder/CEO,Post Media Group,postmediagroup.com,Other marketing agency,12,"Orlando, Florida, United States","Dallas, Texas, United States",https://www.linkedin.com/in/thomasapost,https://www.linkedin.com/company/post-media-group,"Post Media Group is a media production company that provides web development, hosting, live event streaming, and content marketing services.",President at Post Media Group,
Chris,McGovern,Chris McGovern,chris.mcgovern@preshmarketingsolutions.com,VALID,Chief Executive Officer,1 Owner/Founder/CEO,PRESHai,preshmarketingsolutions.com,Other marketing agency,13,"Tampa, Florida, United States","Tampa, Florida, United States",https://www.linkedin.com/in/chris-mcgovern,https://www.linkedin.com/company/preshai,"Digital marketing for IT MSPs & Solution Providers. We offer marketing-as-a-service, managed Hubspot, branding, and web design for IT companies.",President & CEO at PRESHai,
Phil,Parrish,Phil Parrish,phil@programetrix.com,VALID,Co-Founder & President,1 Owner/Founder/CEO,PrograMetrix,programetrix.com,Other marketing agency,16,"Seattle, Washington, United States","Seattle, Washington, United States",https://www.linkedin.com/in/philparrish1,https://www.linkedin.com/company/programetrix,Learn why PrograMetrix is the premier programmatic advertising agency for brands that want to improve omnichannel advertising strategy and performance.,"Co-Founder & President, PrograMetrix | Programmatic Advertising & Ad Tech Innovation Leader | B2B Marketing Strategist | Driving Measurable Revenue Growth for B2B, DTC & Agency Clients Through Paid Media",
Michael H.,Curtis,Michael H. Curtis,mike@proudmanagement.net,VALID,CEO & Founder,1 Owner/Founder/CEO,Proud Management,proudmanagement.net,Other marketing agency,10,"Los Angeles, California, United States","Los Angeles, California, United States",https://www.linkedin.com/in/michaelhcurtis1,https://www.linkedin.com/company/proudmgmt,"Proud Management is a talent management agency specializing in influencer marketing, live events, and social media consulting services.","CEO & Founder at Proud Management | 
Building Careers with Good Humans | Creator Economy Veteran Since 2012",
Peter,Georgatos,Peter Georgatos,peter@pureadsdigital.com,VALID,CEO & Founder,1 Owner/Founder/CEO,PureAds Digital,pureadsdigital.com,Other marketing agency,11,"California, United States","San Clemente, California, United States",https://www.linkedin.com/in/petergeorgatos,https://www.linkedin.com/company/pureads-digital,"PureAds is a digital advertising agency that provides market research, branding solutions, email marketing, and data validation services.",CEO & Founder | PureAds,
Chad,Sanders,Chad Sanders,chad@pureadsdigital.com,VALID,Co-Founder,1 Owner/Founder/CEO,PureAds Digital,pureadsdigital.com,Other marketing agency,11,"California, United States","San Clemente, California, United States",https://www.linkedin.com/in/chad-sanders-a853b963,https://www.linkedin.com/company/pureads-digital,"PureAds is a digital advertising agency that provides market research, branding solutions, email marketing, and data validation services.",Founder at Frakture Interactive,
James,Dodson,James Dodson,jamesd@qdsolutions.com,VALID,President,1 Owner/Founder/CEO,"QD Solutions, Inc.",qdsolutions.com,Other marketing agency,20,"Austin, Texas, United States","Austin, Texas, United States",https://www.linkedin.com/in/james-dodson-8708138,https://www.linkedin.com/company/qd-solutions-inc-,We’re an advertising agency specializing in patient recruitment and retention for clinical research studies around the world.,"Founder + President of QD Solutions, Inc.",
Clayton,Daniells,Clayton Daniells,clayton@itsqooqoo.com,VALID,President/CEO,1 Owner/Founder/CEO,QooQoo - Healthcare Marketing,itsqooqoo.com,Other marketing agency,21,"Irvine, California, United States","Irvine, California, United States",https://www.linkedin.com/in/clayton-daniells-9854b47,https://www.linkedin.com/company/qoo-qoo,QooQoo is a creative agency that offers healthcare marketing services.,President/CEO QooQoo,
Kevin,Doran,Kevin Doran,kevin@ramarketing.com,VALID,President,1 Owner/Founder/CEO,R&A Marketing,ramarketing.com,Other marketing agency,26,"Lewis Center, Ohio, United States","Columbus, Ohio, United States",https://www.linkedin.com/in/kevindoran1,https://www.linkedin.com/company/r&a-marketing,"R&A Marketing offers print, digital, ads, e-commerce, social media marketing, and graphic designs services.","President at R&A Marketing 

🛋️ THE Agency for Furniture Retailers",
Kyle,Doran,Kyle Doran,kyle@ramarketing.com,VALID,Owner & Chief Strategy Officer,1 Owner/Founder/CEO,R&A Marketing,ramarketing.com,Other marketing agency,26,"Lewis Center, Ohio, United States","Columbus, Ohio, United States",https://www.linkedin.com/in/kyledoranra,https://www.linkedin.com/company/r&a-marketing,"R&A Marketing offers print, digital, ads, e-commerce, social media marketing, and graphic designs services.",Owner & Chief Strategy Officer at R&A Marketing,
Lourdes,Madsen,Lourdes Madsen,lourdes@rapidpress.com,VALID,President,1 Owner/Founder/CEO,Rapid Press,rapidpress.com,Other marketing agency,18,"Tallahassee, Florida, United States","Tallahassee, Florida, United States",https://www.linkedin.com/in/lourdes-madsen-3537384,https://www.linkedin.com/company/rapid-press-tallahassee,"North Florida's leading commercial printer. Large format printing, digital marketing solutions and beyond.","Printing, Commercial and Digital for 35 years",
Roger,Christian,Roger Christian,roger@rc-co.com,VALID,Owner,1 Owner/Founder/CEO,RCCO,rc-co.com,Other marketing agency,21,"San Antonio, Texas, United States",United States,https://www.linkedin.com/in/roger-christian-062b6ab,https://www.linkedin.com/company/rcco-ad,Fully integrated advertising agency partnering with compatible brands to propel their next big move through the power of big ideas.,"Owner, Creative Director",
Lloyd,Caballero,Lloyd Caballero,lcaballero@rdtadv.com,VALID,President,1 Owner/Founder/CEO,RD Thomas Advertising,rdtadv.com,Other marketing agency,21,"Lubbock, Texas, United States","Lubbock, Texas, United States",https://www.linkedin.com/in/lloyd-caballero-9bb3706,https://www.linkedin.com/company/rd-thomas-advertising,"RD Thomas Advertising is a Texas-based marketing agency. If you’re ready to get your brand off the ground, hire us & consider it done.",President at RD Thomas Advertising,
Kirk,Skodis,Kirk Skodis,kirk@realpie.com,VALID,"Founder, Executive Creative Director",1 Owner/Founder/CEO,Real Pie,realpie.com,Other marketing agency,23,"Norwalk, Connecticut, United States","New York, New York, United States",https://www.linkedin.com/in/kirkskodis,https://www.linkedin.com/company/real-pie-media,"Real Pie is an award-winning digital creative agency that specializes in stunning website design, robust development and bold social media campaigns. For twenty-three years, we've digitally powered movie and TV marketing, video game launches, Emmy and Oscar campaigns, and hotel/casino promotions.","Founder, Executive Creative Director at Real Pie",
Holly,Skodis,Holly Skodis,holly.skodis@realpie.com,VALID,Co-Founder,1 Owner/Founder/CEO,Real Pie,realpie.com,Other marketing agency,23,"Norwalk, Connecticut, United States","Weston, Connecticut, United States",https://www.linkedin.com/in/hollyskodis,https://www.linkedin.com/company/real-pie-media,"Real Pie is an award-winning digital creative agency that specializes in stunning website design, robust development and bold social media campaigns. For twenty-three years, we've digitally powered movie and TV marketing, video game launches, Emmy and Oscar campaigns, and hotel/casino promotions.","Co-Founder at Real Pie Media, Inc",
Jonathan,Male,Jonathan Male,jmale@realityrx.com,VALID,"CEO, Principal",1 Owner/Founder/CEO,REALITYRx Communication,realityrx.com,Other marketing agency,13,"Somerset, New Jersey, United States","Somerset, New Jersey, United States",https://www.linkedin.com/in/jonathan-male-b552838,https://www.linkedin.com/company/reality-rx,"REALITYRx communication is a healthcare advertising agency focused on providing highly individualized service and day-to-day care and involvement in cultivating and maintaining their client's brands and image.  REALITYRx has expertise with a wide range of technology platforms that create show-stopping websites, traffic-generating banner ads, and interactive apps. Working with their affiliate offices in Philadelphia and Rome, they give you the right dose of just what your brand needs to reach new customers and achieve your marketing goals.  Their collective goal is to communicate as effectively as possible with all of these people, whether they’re in their target audience or in their office. At REALITYRx, they are in the business of creating active conversations that result in positive outcomes.","Strategic, Creative Solutions for Healthcare Markets | CEO, Principal, Creative Director at REALITYRx | The Right Dose",
David,Reagan,David Reagan,david@redrocketstudios.com,VALID,Founder,1 Owner/Founder/CEO,Red Rocket Studios,redrocketstudios.com,Other marketing agency,28,"Orlando, Florida, United States","Orlando, Florida, United States",https://www.linkedin.com/in/david-reagan-4aa35b4,https://www.linkedin.com/company/redrocketstudios,"A full-service, award-winning marketing & events agency... and beyond. From branding to digital marketing to event production, we handle it all.",Founding Partner at Red Rocket Studios,
Dan,Barbercheck,Dan Barbercheck,danb@red7e.com,VALID,President / ECD,1 Owner/Founder/CEO,Red7e,red7e.com,Other marketing agency,22,"Louisville, Kentucky, United States","Louisville, Kentucky, United States",https://www.linkedin.com/in/dan-barbercheck-027415b,https://www.linkedin.com/company/red7e,"Red7e is an alternative to the typical, traditional advertising agency. For those brave marketers who seek to own the moment.",President / ECD at Red7e,
Amaan,Khan,Amaan Khan,amaan@reflexiondigital.com,VALID,Chief Executive Officer,1 Owner/Founder/CEO,Reflexion Digital,reflexiondigital.com,Other marketing agency,16,"Fresno, California, United States","San Diego, California, United States",https://www.linkedin.com/in/amaan-khan-212b45192,https://www.linkedin.com/company/reflexiondigital,We’re a full-service Ophthalmology marketing agency with a singular focus on generating new business for vision correction practices,"Building Patient Acquisition Engines for Ophthalmology Practices | Refractive, Cataract & Corneal Surgery Growth",
Dan,Dawes,Dan Dawes,ddawes@responselabs.com,VALID,"Founding Partner, CEO",1 Owner/Founder/CEO,Response Labs,responselabs.com,Other marketing agency,21,"Maryland, United States","Baltimore County, Maryland, United States",https://www.linkedin.com/in/dandawes,https://www.linkedin.com/company/responselabs,Discover how Response Labs can improve your CRM & loyalty programs through digital marketing. We help marketers and brands get more value from their customer data.,Co-Founder & CEO @ResponseLabs | CRM & Loyalty Marketing Expert | Salesforce & The Trade Desk Partner | Human + AI Operator,
David,Green,David Green,davidgreen@resultsinc.com,VALID,President,1 Owner/Founder/CEO,Results Advertising,resultsinc.com,Other marketing agency,24,"Saddle Brook, New Jersey, United States","Saddle Brook, New Jersey, United States",https://www.linkedin.com/in/david-green-b7bab04,https://www.linkedin.com/company/results-advertising,"Welcome to Results Advertising, a full-service New Jersey advertising agency. We consistently attract brands and companies that want to benefit from our innovative and effective tactics to reach their target audience.","President/CEO, Results Advertising",
Taft,Zitoun,Taft Zitoun,taft.zitoun@revenuefrontier.com,VALID,CEO,1 Owner/Founder/CEO,Revenue Frontier,revenuefrontier.com,Other marketing agency,22,"Los Angeles, California, United States","Carlsbad, California, United States",https://www.linkedin.com/in/taftzitoun,https://www.linkedin.com/company/revenue-frontier,Revenue Frontier is a full-service performance marketing agency specializing in Guaranteed Results Media.,CEO at Revenue Frontier,
Jed,Weinstein,Jed Weinstein,jed@riseandsetagency.com,VALID,Founder,1 Owner/Founder/CEO,RISE & SET: Experiential Marketing,riseandsetagency.com,Other marketing agency,15,"New York, United States","New York, New York, United States",https://www.linkedin.com/in/jed-weinstein-3a3752,https://www.linkedin.com/company/riseandsetagency,"Rise & Set Agency is an insights-driven, ideas-led event and experiential marketing agency. We build meaningful connections for our clients.",Founder at RISE & SET,
Ben,Lund,Ben Lund,ben@risemkg.com,VALID,Founder,1 Owner/Founder/CEO,Rise Marketing Group,risemkg.com,Other marketing agency,16,"Dedham, Massachusetts, United States","Dedham, Massachusetts, United States",https://www.linkedin.com/in/ben-lund-06ba584,https://www.linkedin.com/company/risemkg,"Led by a former Googler, a marketing agency that produces. No long term contracts, just solid work and results.",Founder at Rise Marketing Group,
Debbie,McLain,Debbie McLain,dmclain@rmidirect.com,VALID,President/Partner,1 Owner/Founder/CEO,RMI Direct Marketing,rmidirect.com,Other marketing agency,20,"Danbury, Connecticut, United States","Danbury, Connecticut, United States",https://www.linkedin.com/in/debbie-mclain-b7824a85,https://www.linkedin.com/company/rmi-direct-marketing-inc.,"Leading direct, data and digital media marketing agency. RMI Direct Marketing is your total direct marketing resource, offering Brokerage, Management, Direct Mail, Integrated and Creative services.",President/Partner at RMI Direct Marketing,
Dave,Rosenberg,Dave Rosenberg,dave@rosenbergadv.com,VALID,Founder,1 Owner/Founder/CEO,Rosenberg Advertising,rosenbergadv.com,Other marketing agency,19,"Lakewood, Ohio, United States","Lakewood, Ohio, United States",https://www.linkedin.com/in/dave-rosenberg-a674a26,https://www.linkedin.com/company/rosenberg-advertising,"We do great work , but it's how we work with you that makes us different. We are a full service advertising agency providing custom solutions since 1981.","Founder of Rosenberg Advertising, Author",
Tye,DeGrange,Tye DeGrange,tye@roundbarnlabs.com,VALID,CEO,1 Owner/Founder/CEO,Round Barn Labs,roundbarnlabs.com,Other marketing agency,13,"Austin, Texas, United States","Austin, Texas, United States",https://www.linkedin.com/in/tyedegrange,https://www.linkedin.com/company/round-barn-labs,Round Barn Labs is a team of growth marketing agency experts here to help you take your efforts to the next level.,"SaaS Growth & Partner Marketing Leader | Founder & CEO at Round Barn Labs | Driving Scalable Revenue Through Partnerships, Affiliate, & Performance Strategies",
John,Bajorek,John Bajorek,john@rowecu.com,VALID,"Partner, CEO",1 Owner/Founder/CEO,ROWE,rowecu.com,Other marketing agency,22,"Columbus, Ohio, United States","Columbus, Ohio, United States",https://www.linkedin.com/in/johnbajorek,https://www.linkedin.com/company/rowewithus,"ROWE Creative Union provides identity system design, graphic communications, creative direction, video concept and direction, and packaging design services. They provide environmental design, design intent documentation, technology design, and social media template services.","Partner, CEO at ROWE Creative Union",
Shane,OToole,Shane OToole,shane@rumoradvertising.com,VALID,Founder / CEO,1 Owner/Founder/CEO,RUMOR Advertising,rumoradvertising.com,Other marketing agency,19,"North Salt Lake, Utah, United States","Salt Lake City, Utah, United States",https://www.linkedin.com/in/shane-otoole,https://www.linkedin.com/company/rumor-advertising-design-web,"Delivering strategy, creative design, and targeted marketing to move your brand forward. We are RUMOR, a full-service creative agency with 25+ years specializing in design, development, and strategic marketing. Our services include branding, web development, digital & traditional marketing, video production, retail design, and much more.We are a team of handpicked designers, developers, and strategists focused",Founder / CEO,
Mihai,Botarel,Mihai Botarel,mihai@rxmcreative.com,VALID,"Executive Creative Director, Co-Founder",1 Owner/Founder/CEO,RXM Creative,rxmcreative.com,Other marketing agency,26,"New York, New York, United States","New York, New York, United States",https://www.linkedin.com/in/mihaibotarel,https://www.linkedin.com/company/rxm-creative,"RXM is a creative agency based in New York. We specialize in digital marketing, social good and high-impact campaigns.","Executive Creative Director, Co-Founder at RXM Creative",
Raul,Mandru,Raul Mandru,raul@rxmcreative.com,VALID,"Co-Founder, Executive Creative Director",1 Owner/Founder/CEO,RXM Creative,rxmcreative.com,Other marketing agency,26,"New York, New York, United States","New York, New York, United States",https://www.linkedin.com/in/raulmandru,https://www.linkedin.com/company/rxm-creative,"RXM is a creative agency based in New York. We specialize in digital marketing, social good and high-impact campaigns.","Co-Founder, Executive Creative Director at RXM Creative",
Steven L.,Kantor,Steven L. Kantor,skantor@s2kco.com,VALID,CEO,1 Owner/Founder/CEO,S2K,s2kco.com,Other marketing agency,20,"Orlando, Florida, United States","New York, New York, United States",https://www.linkedin.com/in/steven-l-kantor-334932151,https://www.linkedin.com/company/s2k-financial,"S2K Partners provides operations, marketing, events, public relations, real estate, digital marketing and project management services.",CEO at S2K,
Leann,Lundstedt,Leann Lundstedt,leann@salesdriver.io,VALID,Co-Founder and COO,1 Owner/Founder/CEO,SalesDriver,salesdriver.io,Other marketing agency,28,"Pasadena, California, United States","Lincoln, Nebraska, United States",https://www.linkedin.com/in/leannlundstedt,https://www.linkedin.com/company/salesdriver-io,"SalesDriver is an advertising company that offers lead generation, campaigns, content marketing, PPC management, and CRM implementation.",Communications Guru with a Technical Flare,
Heidi,Otway,Heidi Otway,heidi@smprflorida.com,VALID,President + Partner,1 Owner/Founder/CEO,SalterMitchell PR,smprflorida.com,Other marketing agency,15,"Tallahassee, Florida, United States","Tallahassee, Florida, United States",https://www.linkedin.com/in/heidiotway,https://www.linkedin.com/company/saltermitchell-pr,SalterMitchell PR is a full service communications consultancy providing strategic insight and guidance to organizations seeking to make an impact in Florida.,President and Partner at SalterMitchell PR,
Chris,Auman,Chris Auman,chris@sanctuarymg.com,VALID,Founder/Managing Partner,1 Owner/Founder/CEO,Sanctuary - A Digital Marketing Group,sanctuarymg.com,Other marketing agency,19,"North Canton, Ohio, United States","North Canton, Ohio, United States",https://www.linkedin.com/in/chrisauman,https://www.linkedin.com/company/sanctuary-marketing-group,"Partner with Sanctuary to grow your business through strategic digital marketing accountable to measurable results. Based in North Canton, Ohio.","Founder/Managing Partner @ Sanctuary - A Digital Marketing Group. Partners In Marketing, Leaders In Growth. Celebrating 20 Years (1996-2026)",
Jim,Kohlhardt,Jim Kohlhardt,jim.kohlhardt@saturnlounge.com,VALID,President,1 Owner/Founder/CEO,Saturn Lounge,saturnlounge.com,Other marketing agency,16,"Waukesha, Wisconsin, United States","Waukesha, Wisconsin, United States",https://www.linkedin.com/in/jimkohlhardt,https://www.linkedin.com/company/saturn-lounge,"Saturn Lounge is a full-service marketing agency helping businesses grow with strategic branding, storytelling, and web solutions. Let's tell the world your story!",Founder & President of Saturn Lounge | Creative Storyteller | Keynote Speaker | Christian Business Leadership | Excellence Enthusiast,
Devin,Chanda,Devin Chanda,devin@schemeengine.com,VALID,"Co-Founder, Chief Creative Officer",1 Owner/Founder/CEO,Scheme Engine,schemeengine.com,Other marketing agency,20,"New York, New York, United States","New York, New York, United States",https://www.linkedin.com/in/devin-chanda-a829aa10,https://www.linkedin.com/company/scheme-engine,"Scheme Engine is a creative agency that provides branding, content, live events, video production, and post production services.","Co-Founder, Chief Creative Officer at Scheme Engine",
Rich,Carango,Rich Carango,rcarango@schubertb2b.com,VALID,President,1 Owner/Founder/CEO,Schubert b2b,schubertb2b.com,Other marketing agency,19,"Downingtown, Pennsylvania, United States","Downingtown, Pennsylvania, United States",https://www.linkedin.com/in/rich-carango-5891048,https://www.linkedin.com/company/schubert-communications,"Results-driven digital marketing agency specializing in website development, content marketing, and inbound strategies to help businesses grow.","President, Schubert b2b",
Cameron,Hess,Cameron Hess,cameronhess@schwebdesign.com,VALID,"Owner, Manager",1 Owner/Founder/CEO,"Schweb Design, LLC",schwebdesign.com,Other marketing agency,11,"Leola, Pennsylvania, United States","Leola, Pennsylvania, United States",https://www.linkedin.com/in/cameronhess,https://www.linkedin.com/company/schweb-design-llc,Hire a local professional website design & marketing agency. Schweb specializes in building & marketing websites that will grow your business.,"Owner and President at Schweb Design, LLC",
Katie,Seacat,Katie Seacat,katie@seacatcreative.com,VALID,Co-Founder,1 Owner/Founder/CEO,Seacat,seacatcreative.com,Other marketing agency,15,"Bozeman, Montana, United States","Bozeman, Montana, United States",https://www.linkedin.com/in/katiepstevenson,https://www.linkedin.com/company/seacat-creative,"Seacat is a digital marketing company that provides branded content creation, ambassador management, and film production services.","Partner at Seacat Creative, LLC",
Bruce,Rowe,Bruce Rowe,bruce.rowe@sebomarketing.com,VALID,President,1 Owner/Founder/CEO,Sebo Marketing,sebomarketing.com,Other marketing agency,26,"Provo, Utah, United States","Provo, Utah, United States",https://www.linkedin.com/in/sebomarketing,https://www.linkedin.com/company/sebo-marketing,"Sebo Marketing is an expert-driven, full-service digital marketing agency that grows your revenue by increasing traffic, leads, and sales.",,
Harry,Segal,Harry Segal,harry@segalsavad.com,VALID,Owner,1 Owner/Founder/CEO,Segal Savad,segalsavad.com,Other marketing agency,13,United States,"New York, New York, United States",https://www.linkedin.com/in/harry-segal-3993283,https://www.linkedin.com/company/segal-savad,"Founded in New York City in 2000, Segal Savad is an independent, full-service creative communications studio specializing in financial services.     Experts in complex storytelling, we help clients clarify and convey their value through a powerful mix of research-driven strategy, award-winning creat","Co-Founder & CEO, SEGAL SAVAD. We provide strategy, creative communication, branding and digital design for the world’s leading financial companies.",
Mark,Ingram,Mark Ingram,mingram@umsresults.com,VALID,CEO,1 Owner/Founder/CEO,SENIOROI,senioroi.com,Other marketing agency,13,"Charlotte, North Carolina, United States","Charlotte, North Carolina, United States",https://www.linkedin.com/in/mark-ingram-1a631a9,https://www.linkedin.com/company/senioroi,SenioROI is a senior living marketing agency that provides pinpoint prospecting & proactive marketing services to senior living communities.,CEO at SenioROI,CHECK: email domain differs from company domain
Kasie,Smith,Kasie Smith,kasie@serendipity-media.com,VALID,President,1 Owner/Founder/CEO,"Serendipity Media, LLC",serendipity-media.com,Other marketing agency,25,"Ada, Michigan, United States","Grand Rapids, Michigan, United States",https://www.linkedin.com/in/kasie-smith-182a0041,https://www.linkedin.com/company/serendipity-media-llc,"A Grand Rapids marketing agency with solutions surrounding branding, custom publishing, website design, email marketing, social media management and lead generation.","President at Serendipity Media, LLC",
Pat,Seroka,Pat Seroka,pat@seroka.com,VALID,"Founder, Chairman & CEO",1 Owner/Founder/CEO,Seroka Marketing & PR,seroka.com,Other marketing agency,13,"Brookfield, Wisconsin, United States","Milwaukee, Wisconsin, United States",https://www.linkedin.com/in/patseroka,https://www.linkedin.com/company/seroka,Our digital marketing agency helps companies in the mortgage and real estate industries grow businesses and profits. Our digital marketing content and strategies will expand your sales and customer base.,Chairman & CEO at Seroka Marketing & PR,
John,Seroka,John Seroka,john@seroka.com,VALID,"President (Mortgage and Real Estate Industry Marketing, PR, Social Media, Digital Marketing)",1 Owner/Founder/CEO,Seroka Marketing & PR,seroka.com,Other marketing agency,13,"Brookfield, Wisconsin, United States","Tampa, Florida, United States",https://www.linkedin.com/in/johnseroka,https://www.linkedin.com/company/seroka,Our digital marketing agency helps companies in the mortgage and real estate industries grow businesses and profits. Our digital marketing content and strategies will expand your sales and customer base.,"Growing Mortgage & Real Estate Brands w/ Expert Marketing, PR, Social Media, and Branding Strategies",
Doug,Jackson,Doug Jackson,djackson@shared-vision.net,VALID,Co-Founder & Principal,1 Owner/Founder/CEO,Shared Vision Marketing,svmktg.co,Other marketing agency,11,"Atlanta, Georgia, United States","Atlanta, Georgia, United States",https://www.linkedin.com/in/dougjackson2,https://www.linkedin.com/company/shared-vision-marketing,"Shared Vision specializes in marketing, advertising, consultation, brand strategy, brand identity, web and social media.","Marketing Executive | Brand Strategy | Demand Generation | Former CMO | Co-Founder & President, Shared Vision Marketing | Fortune 100, IPO & Startup Experience | Board Advisor",CHECK: email domain differs from company domain
Brittnye,Schroeder,Brittnye Schroeder,brittnye@shatterproof.co,VALID,Co-Founder,1 Owner/Founder/CEO,Shatterproof Agency,shatterproof.co,Other marketing agency,11,"Dallas, Texas, United States","Plano, Texas, United States",https://www.linkedin.com/in/brittnyeschroeder,https://www.linkedin.com/company/shatterproof-agency,Looking to upgrade your marketing? Shatterproof is a full-Service web agency that uses a unique growth-driven methodology.,Co-Founder at Shatterproof Agency,
Jeremy,Bleech,Jeremy Bleech,jeremy@shophermedia.com,VALID,Co-Founder,1 Owner/Founder/CEO,ShopHer Media,shophermedia.com,Other marketing agency,14,"Fort Lauderdale, Florida, United States","Fort Lauderdale, Florida, United States",https://www.linkedin.com/in/jeremy-bleech-6a25396,https://www.linkedin.com/company/shophermedia,"ShopHer Media is a performance driven, digital shopper marketing platform that connects brands with millions of targeted shoppers through a trusted environment of direct brand-safe influencers. They use consumer data and technology analytics to help generate not just impressions but real engagement, social media growth and increased sales for retailers and brands across multi-channel media outlets.",Co-founder of ShopHer Media,
Christina,S.,Christina S.,christina@showmyproperty.tv,VALID,Co-Founder,1 Owner/Founder/CEO,Show My Property,showmyproperty.tv,Other marketing agency,26,"Los Angeles, California, United States","Los Angeles, California, United States",https://www.linkedin.com/in/christina-s-27522b30,https://www.linkedin.com/company/www-showmyproperty-tv,"Multifamily marketing solutions for apartments, student living, and senior communities. Photos, Videos, Social Media, Virtual Tours, and more",Co-founder - Show My Property.,
Roger,Sievers,Roger Sievers,roger@sieverscreative.com,VALID,Owner,1 Owner/Founder/CEO,Sievers Creative,sieverscreative.com,Other marketing agency,18,"Red Wing, Minnesota, United States","Red Wing, Minnesota, United States",https://www.linkedin.com/in/rogersievers,https://www.linkedin.com/company/sievers-creative,"Sievers Creative is a full-service marketing agency in Red Wing, Minnesota that helps local businesses increase leads and revenue. Book an appointment today.","We’re your partner, not just your agency",
Joshua,S.,Joshua S.,joshua@simonworld.com,VALID,Owner,1 Owner/Founder/CEO,Simon & Associates Advertising,simonworld.com,Other marketing agency,14,"Los Angeles, California, United States","Los Angeles, California, United States",https://www.linkedin.com/in/joshua-s-57402510,https://www.linkedin.com/company/simonassociates,"Simon & Associates creates strategic multi-platform campaigns, branding, websites, social media, and video production. We are also an experienced leader in the credit union marketing industry.","Executive Vice President, Simon + Associates Advertising",
Jeremy,Skiver,Jeremy Skiver,jeremy@skiver.com,VALID,CEO,1 Owner/Founder/CEO,Skiver Advertising,skiver.com,Other marketing agency,17,"Costa Mesa, California, United States","Newport Beach, California, United States",https://www.linkedin.com/in/jeremyskiver,https://www.linkedin.com/company/skiver-advertising,"If you want to get technical, we’d call ourselves an Integrated Creative Agency. If you want less buzzwords, we’ll tell you we’re here to solve problems.",CEO at Skiver Advertising | Full Service Agency | In-House Production Studio,
Reagan,Dean,Reagan Dean,reagan@slammedpromotions.com,VALID,CFO / Managing Partner,1 Owner/Founder/CEO,Slammed Promotions,slammedpromotions.com,Other marketing agency,12,"Ocala, Florida, United States","Ocala, Florida, United States",https://www.linkedin.com/in/reagan-dean-a2a7901bb,https://www.linkedin.com/company/slammed-promotions,We are a digital marketing technology firm with an advanced full-service marketing platform designed for today’s real-time programmatic advertising and tracking needs,Manage Partner | Marketing Director | Automotive | All Things Digital Advertising,
Andrew,Sleight,Andrew Sleight,andrew@sleightadvertising.com,VALID,CEO/CBO,1 Owner/Founder/CEO,Sleight Advertising,sleightadvertising.com,Other marketing agency,24,"Omaha, Nebraska, United States","Omaha, Nebraska, United States",https://www.linkedin.com/in/andrewsleight,https://www.linkedin.com/company/sleight-advertising,Sleight Advertising can make this a breakout year for you. Learn our advertising agency’s formula for digital marketing success!,CEO/CBO at Sleight Advertising,
★Pam,Vinje★,★Pam Vinje★,pvinje@smallscreenproducer.com,VALID,President/CEO,1 Owner/Founder/CEO,Small Screen Producer,smallscreenproducer.com,Other marketing agency,11,"Houston, Texas, United States","Houston, Texas, United States",https://www.linkedin.com/in/pamvinje,https://www.linkedin.com/company/small-screen-producer,"Small Screen Producer is a digital marketing agency specializing in pool & spa marketing, home improvement marketing, lead generation, & much more",Digital Media Marketing Strategies| Web Presence Optimization | Reputation Mgt| Web Development| Free consult & report,
Katie,Ittenbach,Katie Ittenbach,kittenbach@smari.com,VALID,Chief Executive Officer,1 Owner/Founder/CEO,SMARI,smari.com,Other marketing agency,18,"Fishers, Indiana, United States",United States,https://www.linkedin.com/in/katieittenbach,https://www.linkedin.com/company/strategic-marketing-&-research-inc-,"SMARI is a leading full-service market research company, harnessing four decades of expertise to deliver thoroughly researched insights.",CEO of SMARI | WBE | Where insights become strategy.,
Trisha,Holman,Trisha Holman,trisha@smithgifford.com,VALID,President,1 Owner/Founder/CEO,SmithGifford,smithgifford.com,Other marketing agency,12,"Falls Church, Virginia, United States","Washington, District of Columbia, United States",https://www.linkedin.com/in/trishaholman,https://www.linkedin.com/company/smithgifford,"Smith Gifford is a marketing agency that offers advertising, website design, interactive media, direct marketing and branding services.","President, SmithGifford",
Matt,Smith,Matt Smith,msmith@smithgifford.com,VALID,Chief Executive Officer,1 Owner/Founder/CEO,SmithGifford,smithgifford.com,Other marketing agency,12,"Falls Church, Virginia, United States","Falls Church, Virginia, United States",https://www.linkedin.com/in/matt-smith-a0b54b3,https://www.linkedin.com/company/smithgifford,"Smith Gifford is a marketing agency that offers advertising, website design, interactive media, direct marketing and branding services.",CEO @ SmithGifford,
Scott,Brown,Scott Brown,s.brown@smpcom.com,VALID,President,1 Owner/Founder/CEO,SMP Communications,smpcom.com,Other marketing agency,10,United States,"Scottsdale, Arizona, United States",https://www.linkedin.com/in/scott-brown-b0790a6,https://www.linkedin.com/company/smp-communications,SMP Communications is a marketing and advertising agency located in Scottsdale.,,
Raz,Biton,Raz Biton,rbiton@socialinfluence.com,VALID,Chief Executive Officer,1 Owner/Founder/CEO,Social Influence,socialinfluence.com,Other marketing agency,12,"Los Angeles, California, United States","Cleveland, Ohio, United States",https://www.linkedin.com/in/raz-biton,https://www.linkedin.com/company/social-influence-inc,Social Influence is a full-service digital marketing and eCommerce agency based in Los Angeles specializing in DTC beauty and health/wellness brands.,CEO,
Calli,Cholodenko,Calli Cholodenko,calli@somethingsocial-la.com,VALID,Founder & CEO,1 Owner/Founder/CEO,Something Social,somethingsocial-la.com,Other marketing agency,17,"West Hollywood, California, United States","Santa Monica, California, United States",https://www.linkedin.com/in/calli-cholodenko,https://www.linkedin.com/company/something-social-la,"Something Social is a boutique digital marketing and social media firm, specializing in lifestyle brands. We exist to help brands discover their voice and vision in order to implement their social media plan to increase business successes. Through innovative strategies tailored to each specific business’ needs, we are able to leverage their social media presence to its fullest potential.",Founder & CEO at Something Social,
Chris,O'Neill,Chris O'Neill,coneill@sourcepathdigital.com,VALID,CEO,1 Owner/Founder/CEO,Source Path Digital,sourcepathdigital.com,Other marketing agency,10,"Edwardsville, Illinois, United States","Greater St. Louis, United States",https://www.linkedin.com/in/chrisoneill,https://www.linkedin.com/company/sourcepathdigital,"Source Path Digital is a digital marketing company that provides custom data models, omnichannel marketing, and email advertising services.",,
Brad,Murrill,Brad Murrill,brad@southernviewmedia.com,VALID,Co Owner,1 Owner/Founder/CEO,Southern View Media,southernviewmedia.com,Other marketing agency,20,"Mobile, Alabama, United States","Daphne, Alabama, United States",https://www.linkedin.com/in/brad-murrill-417093121,https://www.linkedin.com/company/southern-view-media,"Southern View Media is a web agency that provides Social media marketing, web design and development & Content marketing services.",Co Owner at Southern View Media,
Michelle,Murrill,Michelle Murrill,michelle@southernviewmedia.com,VALID,CEO,1 Owner/Founder/CEO,Southern View Media,southernviewmedia.com,Other marketing agency,20,"Mobile, Alabama, United States","Daphne, Alabama, United States",https://www.linkedin.com/in/michelle-murrill-114b5121,https://www.linkedin.com/company/southern-view-media,"Southern View Media is a web agency that provides Social media marketing, web design and development & Content marketing services.",I assist business owners in creating an online presence to help them increase revenue and growth.,
Ranti Dev,Sharma,Ranti Dev Sharma,ranti@speedybrand.io,VALID,Co-Founder,1 Owner/Founder/CEO,"Speedy Brand, Inc.",speedylabs.ai,Other marketing agency,10,"San Francisco, California, United States","San Francisco, California, United States",https://www.linkedin.com/in/rantidevsharma,https://www.linkedin.com/company/speedy-labs-inc,"Developer of a marketing platform designed to offer small business owners affordable and effective digital marketing alternatives. The company's platform assists brands to boost their online presence with affordable content services drastically reducing the time taken to spin up content and getting it going in a matter of hours instead of days, enabling businesses to create marketing content that gets them business leads.","Co-Founder@Speedy(YC W23), Google Ventures, AI, RL",CHECK: email domain differs from company domain
Ayush,Jasuja,Ayush Jasuja,ayush@speedybrand.io,VALID,Co-Founder,1 Owner/Founder/CEO,"Speedy Brand, Inc.",speedylabs.ai,Other marketing agency,10,"San Francisco, California, United States","San Francisco, California, United States",https://www.linkedin.com/in/jasujaayush,https://www.linkedin.com/company/speedy-labs-inc,"Developer of a marketing platform designed to offer small business owners affordable and effective digital marketing alternatives. The company's platform assists brands to boost their online presence with affordable content services drastically reducing the time taken to spin up content and getting it going in a matter of hours instead of days, enabling businesses to create marketing content that gets them business leads.","Cofounder @ Speedy (YC W23), AI, RL",CHECK: email domain differs from company domain
Ali (Alasdair),Murdoch,Ali (Alasdair) Murdoch,amurdoch@spillover.com,VALID,Chief Executive Officer,1 Owner/Founder/CEO,Spillover,spillover.com,Other marketing agency,26,"Austin, Texas, United States","Austin, Texas, United States",https://www.linkedin.com/in/ali-alasdair-murdoch-9933728,https://www.linkedin.com/company/spillover,"Spillover provides digital marketing solutions for restaurants. Websites, Reputation Management, Email Marketing, Social Media, Online Ordering, eCommerce.",Chief Executive Officer at Spillover,
Marian,Cuello,Marian Cuello,mariancuello@spocc.co,VALID,Founder & CEO,1 Owner/Founder/CEO,SPOCC Creative Agency,spocc.co,Other marketing agency,16,"Miami, Florida, United States","Miami, Florida, United States",https://www.linkedin.com/in/marian-cuello-14065859,https://www.linkedin.com/company/spocc,"SPOCC is a creative agency with 12 years of experience in the prestige beauty business across domestic, travel retail, and e-commerce channels.",SPOCC Creative Agency,
Brent,McCutchen,Brent McCutchen,bmccutchen@staplegun.us,VALID,Owner,1 Owner/Founder/CEO,STAPLEGUN,staplegun.us,Other marketing agency,12,"Oklahoma City, Oklahoma, United States","Oklahoma City, Oklahoma, United States",https://www.linkedin.com/in/brent-mccutchen-64646a5,https://www.linkedin.com/company/staplegun,Operator of a full-service advertising agency in Oklahoma City. The agency specializes in creating interactive and broadcast campaigns for a variety of clients. They offer internship opportunities and can be contacted for business development inquiries.,,
Ken,Stark,Ken Stark,kstark@starkmedia.com,VALID,President,1 Owner/Founder/CEO,Starkmedia Inc.,starkmedia.com,Other marketing agency,27,"Milwaukee, Wisconsin, United States","Milwaukee, Wisconsin, United States",https://www.linkedin.com/in/kennethwstark,https://www.linkedin.com/company/starkmedia,"Starkmedia is a Milwaukee digital agency that leverages data and insights to drive innovative web design, development and digital marketing.",President | Lead Digital Strategist | Leveraging Data and Technology to Foster Innovative Solutions,
Tom,Dougherty,Tom Dougherty,tomd@stealingshare.com,VALID,Founder/CEO,1 Owner/Founder/CEO,"Stealing Share,Inc",stealingshare.com,Other marketing agency,10,"Greensboro, North Carolina, United States","New York, New York, United States",https://www.linkedin.com/in/tom-dougherty-ba135b2,https://www.linkedin.com/company/stealing-share-inc,"Stealing Share is an elite rebranding agency. The brand anthropology of Stealing Share revolutionized the concept of a marketing agency as a cognitive science of magnetic identity. The company has worked with brands all over the world and in every culture. In addition to rebranding corporate entities and products, they also create marketing strategies, competitive analyses, brand positioning, training, and conduct research with only one objective in mind.","Founder and CEO of Stealing Share, Inc — Brand Development, Marketing, Research — to Grow Market Share",
Jonathan,Musgrave,Jonathan Musgrave,jonathan@steepdigital.com,VALID,Founder & CEO,1 Owner/Founder/CEO,Steep Marketing,steepdigital.com,Other marketing agency,15,"Englewood, Colorado, United States","Englewood, Colorado, United States",https://www.linkedin.com/in/jonathanmusgrave,https://www.linkedin.com/company/steep-marketing,We help advisors fill their pipeline with quality prospects through effective digital marketing.,Building the financial advisor’s marketing platform of the future,
Diane,Konopka,Diane Konopka,diane@stokescg.com,VALID,President,1 Owner/Founder/CEO,"Stokes Creative Group, Inc.",stokescg.com,Other marketing agency,18,"Mount Laurel, New Jersey, United States","Vincentown, New Jersey, United States",https://www.linkedin.com/in/diane-konopka-a9227570,https://www.linkedin.com/company/stokes-creative-group-inc.,"New Jersey based Full Service Marketing Agency, that specializes In Website Development, Photography, Marketing and Advertising, Video Production, and Construction Documentation Services? Contact Us Today!",President,
Jason,Wilson,Jason Wilson,jason.wilson@strategynewmedia.com,VALID,Chief Executive Officer,1 Owner/Founder/CEO,Strategy Marketing Agency,strategynewmedia.com,Other marketing agency,20,"Olathe, Kansas, United States","Olathe, Kansas, United States",https://www.linkedin.com/in/jasonwilson77,https://www.linkedin.com/company/strategyllc,"Strategy Marketing Agency provides web development, web hosting, analytics, and digital marketing services.",CEO / Passionate Business Developer / Solution Architect / Marketing and Technology Strategist / Husker Fan,
Jay,Longwell,Jay Longwell,jay.longwell@stratusmarketing.com,VALID,President/CEO,1 Owner/Founder/CEO,Stratus Launch Marketing,stratusmarketing.com,Other marketing agency,12,"Boise, Idaho, United States","Boise, Idaho, United States",https://www.linkedin.com/in/jaylongwell,https://www.linkedin.com/company/stratus-launch-marketing,"Stratus, a marketing agency and product launch firm, specializes in helping technology companies launch into new markets, new geographies, new channels, or fix market misalignments. After launching hundreds of products globally, we’ve honed a unique formula that includes laser-focused strategies, targeted marketing programs, and high level talent to execute your plans and meet objectives. Not only do we develop successful strategies, we also help you execute with world class programs and professional talent.  During a product launch, success or failure is often dependent on anticipating the unknown. Successful strategies are able to accurately see beyond the horizon and identify obstacles and opportunities before they arise. They are able to minimize the mystery.","Owner, Stratus Launch Marketing",
Shari,Okin,Shari Okin,shari@strikemg.com,VALID,Owner,1 Owner/Founder/CEO,Strike Marketing,strikemg.com,Other marketing agency,21,"Houston, Texas, United States","Houston, Texas, United States",https://www.linkedin.com/in/shari-okin-45044415,https://www.linkedin.com/company/strikemghou,"Strike Marketing is a Full service marketing agency. Specialists in media placement, digital marketing, social media, public relations and strategic marketing campaigns.","Owner, Strike Marketing",
Matt,Taylor,Matt Taylor,matt@strikemg.com,VALID,President,1 Owner/Founder/CEO,Strike Marketing,strikemg.com,Other marketing agency,21,"Houston, Texas, United States","Houston, Texas, United States",https://www.linkedin.com/in/matt-taylor-82620755,https://www.linkedin.com/company/strikemghou,"Strike Marketing is a Full service marketing agency. Specialists in media placement, digital marketing, social media, public relations and strategic marketing campaigns.",President at Strike Marketing,
Bruce,Dell,Bruce Dell,bdell@structurem.com,VALID,Chief Executive Officer,1 Owner/Founder/CEO,StructureM Marketing,structurem.com,Other marketing agency,24,"Broken Arrow, Oklahoma, United States","Plainfield, Illinois, United States",https://www.linkedin.com/in/brucedell,https://www.linkedin.com/company/structurem,StructureM is a digital marketing agency providing effective marketing solutions for small businesses.,Chief Executive Officer at StructureM,
Austin,Albany,Austin Albany,austin@sublimemediagroup.com,VALID,Chief Executive Officer,1 Owner/Founder/CEO,Sublime Media Group,sublimemediagroup.com,Other marketing agency,13,"Bowling Green, Kentucky, United States","Bowling Green, Kentucky, United States",https://www.linkedin.com/in/aalbany,https://www.linkedin.com/company/sublime-media-group,"We are a marketing agency in Bowling Green, KY. Services include video production, social media marketing, graphic design and website design.",Marketing Strategist | Content Creator | Chief Executive Officer at Sublime Media Group,
Mike,Sukle,Mike Sukle,mike@sukle.com,VALID,Owner,1 Owner/Founder/CEO,Sukle,sukle.com,Other marketing agency,16,"Denver, Colorado, United States","Denver, Colorado, United States",https://www.linkedin.com/in/mike-sukle-3970985,https://www.linkedin.com/company/sukle-advertising-&-design,Denver's top creative agency specializing in innovative branding and advertising. We craft impactful campaigns that elevate your brand and connect with your audience.,"Owner, Sukle Advertising & Design",
Lauren,Franklin,Lauren Franklin,lauren.franklin@summerjax.com,VALID,"Founder, CEO",1 Owner/Founder/CEO,SUMMERJAX STUDIOS,summerjax.com,Other marketing agency,12,"Los Angeles, California, United States","Manhattan Beach, California, United States",https://www.linkedin.com/in/laurenfranklinsummerjax,https://www.linkedin.com/company/summerjax,"Summerjax is a full-service creative & production studio built to support  in-house teams directly. With 15+ years supporting marketing, creative and  studio operations teams, we create content that is impactful across  ecommerce, social, digital, editorial and campaigns.","Founder CEO, Summerjax Studios // AdWeek Creative 100 // AdAge 40 under 40 // AdAge THE LIST, 2020-2021, AdAge & Meta “Generation Next” Leader, Mentor 2022-Current // Top 30 E-Commerce Photo Studio Professionals, 2024",
Sajjad,Husain,Sajjad Husain,sajjad.husain@sunandesigns.com,VALID,Founder & CEO,1 Owner/Founder/CEO,Sunan Designs,sunandesigns.com,Other marketing agency,15,"Maryland, United States","Catonsville, Maryland, United States",https://www.linkedin.com/in/sajjad-husain-a0297016,https://www.linkedin.com/company/sunan-designs,"Sunan Designs is a premium Muslim marketing agency specializing in Islamic marketing and digital services including design, video, email, and more to help Muslim brands grow worldwide.",,
Tom,Conti,Tom Conti,tconti@gosweetscience.com,VALID,Founder & CEO,1 Owner/Founder/CEO,SweetScience Marketing,gosweetscience.com,Other marketing agency,14,"Chesterbrook, Pennsylvania, United States","Philadelphia, Pennsylvania, United States",https://www.linkedin.com/in/tom-conti-b946701,https://www.linkedin.com/company/sweetsciencemarketing,"SweetScience Marketing is a full-service, tech-forward marketing agency that creates business for challenger brands.","Founder & CEO, SweetScience Marketing | Left Brain Analysis + Right Brain Creativity | Creating Clarity from the Complex",
Matt,McGee,Matt McGee,mmcgee@swishtheory.com,VALID,Founder + CEO,1 Owner/Founder/CEO,Swish,swishtheory.com,Other marketing agency,13,"Orlando, Florida, United States","Orlando, Florida, United States",https://www.linkedin.com/in/matt-mcgee,https://www.linkedin.com/company/swish-performance-media,"Swish provides objective, data-driven digital marketing & analytics services to a multitude of industries.",Founder & CEO @ Swish,
Alan,Beard,Alan Beard,abeard@synonymous.co,VALID,CEO,1 Owner/Founder/CEO,Synonymous,synonymous.co,Other marketing agency,24,"Los Angeles, California, United States","Los Angeles, California, United States",https://www.linkedin.com/in/alanbeard,https://www.linkedin.com/company/synonymousco,"Synonymous Technologies is a creative agency that specializes in developing content strategies that foster deeper connections between brands and their audiences. Synonymous employs a proprietary process to extract strategic insights from unstructured data, enabling brands to understand their audiences' narratives and create content that resonates authentically. Their approach challenges traditional demographic and psychographic targeting methods, advocating for a more nuanced understanding of audience engagement. Synonymous operates with a team of 20–49 employees and offers services in strategy, marketing, communication, and linguistics.",CEO at Synonymous,
Keaton,Wright,Keaton Wright,kwright@targetcontinuum.com,VALID,Founder,1 Owner/Founder/CEO,Target Continuum,targetcontinuum.com,Other marketing agency,17,"Greenwood, Indiana, United States","Indianapolis, Indiana, United States",https://www.linkedin.com/in/keatonwright,https://www.linkedin.com/company/targetcontinuum,"Increase patient engagement and retention through strategic proprietary digital marketing strategies, cutting-edge geotargeting tools, display and search ads from our HIPPA compliant team of healthcare marketing experts.",Unifying Patient Acquisition for Healthcare Brands - Founder @ Target Continuum | Healthcare Marketing | Ultramarathons | Priorities: Faith & Family.,
Christian,Jones,Christian Jones,christian@taxpromarketer.com,VALID,Chief Executive Officer,1 Owner/Founder/CEO,TaxProMarketer,taxpromarketer.com,Other marketing agency,22,"Lee's Summit, Missouri, United States","Kansas City, Missouri, United States",https://www.linkedin.com/in/christian-jones-44b18346,https://www.linkedin.com/company/taxpromarketer,"Since 2007, TaxProMarketer is the leading agency providing full-service marketing for accountants, tax and advisory practitioners",,
Tatum,Hindman,Tatum Hindman,tatum@tbhcreative.com,VALID,President & Marketing Strategist,1 Owner/Founder/CEO,TBH Creative,tbhcreative.com,Other marketing agency,13,"Carmel, Indiana, United States","Carmel, Indiana, United States",https://www.linkedin.com/in/tatumhindman,https://www.linkedin.com/company/tbhcreative,"TBH Creative creates digital marketing strategies and designs websites that grow businesses. With 20 years in business, our reputation and experience set us apart. Learn more",Marketing leader @ TBHCreative.com—I build complex websites and marketing campaigns that grow businesses 🚀,
Jim,Harker,Jim Harker,jim@tcaginc.com,VALID,President & CEO,1 Owner/Founder/CEO,TCAG,tcaginc.com,Other marketing agency,21,"Littleton, Colorado, United States","Littleton, Colorado, United States",https://www.linkedin.com/in/tcaginc,https://www.linkedin.com/company/tcag,"Tcag is an advertising company that specializes in digital marketing, brand development, campaign, and customized marketing tools services.",CEO at TCAG,
Haley,Hebert,Haley Hebert,haley@team201.io,VALID,Co-Founder,1 Owner/Founder/CEO,Team 201,team201.io,Other marketing agency,15,"Chicago, Illinois, United States","Chicago, Illinois, United States",https://www.linkedin.com/in/haleyhebert,https://www.linkedin.com/company/team-201,Team 201 – Digital Agency for B2B Tech Companies,Co-Founder @ Team 201 - Digital & Integrated Marketing Strategist,
Aaron,Mizell,Aaron Mizell,aaron@tegan.io,VALID,Principal & Founder,1 Owner/Founder/CEO,Tegan,tegan.io,Other marketing agency,20,"Addison, Texas, United States","Plano, Texas, United States",https://www.linkedin.com/in/amizell,https://www.linkedin.com/company/tegan-digital,"Award-winning digital marketing agency focused on strategy, branding, and design to grow your business. A digital-first, full-service agency based in Dallas, Texas.",Principal & Founder at tegan,
Leah,Halverson,Leah Halverson,leah@tenacremarketing.com,VALID,"Founder, CEO",1 Owner/Founder/CEO,Ten Acre Marketing,tenacremarketing.com,Other marketing agency,13,"Grand Forks, North Dakota, United States","Grand Forks, North Dakota, United States",https://www.linkedin.com/in/leah-halverson-6607798,https://www.linkedin.com/company/ten-acre-marketing,"Ten Acre Marketing is an advertising agency that focuses on branding, supply chain, and marketing of agricultural products.","Founder, CEO of Ten Acre Marketing, 4th Generation Potato Farmer at Black Gold Farms and an advocate for all things Agriculture and North Dakota State University.",
Kevin,Heimlich,Kevin Heimlich,kevin@theadfirm.net,VALID,CEO,1 Owner/Founder/CEO,The Ad Firm,theadfirm.net,Other marketing agency,28,"Carlsbad, California, United States","Orange County, California, United States",https://www.linkedin.com/in/kheimlich,https://www.linkedin.com/company/the-ad-firm,The Ad Firm was founded in 2009 with one mission in mind: Help websites STAND OUT FROM THE CROWD. We made a promise to ourselves and to our future clients to always be transparent with our work and communication.  Founder Kevin Heimlich prides himself on always making sure the clients are successful when engaging The Ad Firm for Web Design and Digital Marketing services,CEO at The Ad Firm -- A Total Transparency Digital Marketing Agency,
John,Taylor,John Taylor,john@nashvilleprinting.com,VALID,Co-Founder,1 Owner/Founder/CEO,The Artist Evolution,nashvilleprinting.com,Other marketing agency,16,"Fayetteville, Arkansas, United States","Nashville, Tennessee, United States",https://www.linkedin.com/in/johntaylormmp,https://www.linkedin.com/company/the-artist-evolution,Discover The Artist Evolution: Your partner in digital marketing excellence. Elevate your brand with our creative strategies.,"President, Minuteman Press & NashvillePrinting.com (print) -- Co-founder, TAE Nashville (digital)",
Jayme,LeGros,Jayme LeGros,jayme@theatkinsgroup.com,VALID,Chief Executive Officer,1 Owner/Founder/CEO,The Atkins Group ,theatkinsgroup.com,Other marketing agency,17,United States,United States,https://www.linkedin.com/in/jaymelegros,https://www.linkedin.com/company/the-atkins-group---strategic-brand-communications,"Operator of a marketing and advertising agency in San Antonio, Texas. The agency's focus is on crafting brand stories and implementing marketing and advertising strategies to drive results. Services offered include brand strategy, account service, media planning and buying, creative services, digital strategy and execution, and production and traffic management. The agency collaborates with clients to align campaigns with overall marketing strategies.",CEO and Partner of The Atkins Group,
Steve,Atkins,Steve Atkins,steve@theatkinsgroup.com,VALID,President/ CEO,1 Owner/Founder/CEO,The Atkins Group ,theatkinsgroup.com,Other marketing agency,17,United States,United States,https://www.linkedin.com/in/steve-atkins-1789a69,https://www.linkedin.com/company/the-atkins-group---strategic-brand-communications,"Operator of a marketing and advertising agency in San Antonio, Texas. The agency's focus is on crafting brand stories and implementing marketing and advertising strategies to drive results. Services offered include brand strategy, account service, media planning and buying, creative services, digital strategy and execution, and production and traffic management. The agency collaborates with clients to align campaigns with overall marketing strategies.",The Atkins Group-Strategic Brand Communications,
Katie,Mihalakis,Katie Mihalakis,katie@buzzcreativegroup.com,VALID,"President, Buzz Creative Group",1 Owner/Founder/CEO,The Buzz Creative Group,buzzcreativegroup.com,Other marketing agency,20,"La Motte, Iowa, United States","Dubuque, Iowa, United States",https://www.linkedin.com/in/katie-mihalakis,https://www.linkedin.com/company/the-buzz-creative-group,"As a full service advertising agency, we have a track record of providing  high quality creative with proven results. Home of great work.",President at The Buzz Creative Group,
Kerry,Stratford,Kerry Stratford,kstratford@calibergroup.com,VALID,President & Chief Creative Officer,1 Owner/Founder/CEO,The Caliber Group,calibergroup.com,Other marketing agency,21,"Tucson, Arizona, United States","Tucson, Arizona, United States",https://www.linkedin.com/in/kerrystratford,https://www.linkedin.com/company/the-caliber-group,"Caliber Group is an award-winning brand marketing, public relations, social media and digital firm based in Arizona","President – Caliber Group. Building Brands, Relationships and Reputations and helping companies build value and navigate change.",
Justin,Lawler,Justin Lawler,justin@thecreativebar.com,VALID,Owner,1 Owner/Founder/CEO,The Creative Bar,thecreativebar.com,Other marketing agency,15,"Murrieta, California, United States","Murrieta, California, United States",https://www.linkedin.com/in/justinlawler1,https://www.linkedin.com/company/the-creative-bar,"The Creative Bar is a top-shelf creative agency that delivers award winning branding, marketing, & design services: Graphic, Web, Video, & 3D.",Owner at The Creative Bar,
Anthony,Munoz,Anthony Munoz,anthony@creativespacegroup.com,VALID,Founder,1 Owner/Founder/CEO,"The Creative Space Group, Inc",creativespacegroup.com,Other marketing agency,10,"Whittier, California, United States",United States,https://www.linkedin.com/in/anthony-munoz-82276850,https://www.linkedin.com/company/the-creative-space-group-inc,"The Creative Space Group designs, builds, manages, and inspires campaigns for companies. Their services include digital marketing, digital, SEM, social media, ad banner production, advertising, application design, web design, web creation, and digital production.","Founder at The Creative Space Group, Inc",
Dave,Cyphers,Dave Cyphers,dave@thecyphersagency.com,VALID,Owner,1 Owner/Founder/CEO,The Cyphers Agency,thecyphersagency.com,Other marketing agency,18,"Crofton, Maryland, United States","Annapolis, Maryland, United States",https://www.linkedin.com/in/davidcyphers,https://www.linkedin.com/company/the-cyphers-agency,"The Cyphers Agency is a full-service advertising agency offering marketing, PR, digital, & social media in Maryland & Mid-Atlantic region.",CEO of The Cyphers Agency | Marketing Strategist,
Allison,Buchanan,Allison Buchanan,abuchanan@focusgroupms.com,VALID,CEO,1 Owner/Founder/CEO,The Focus Group,focusgroupms.com,Other marketing agency,25,"Biloxi, Mississippi, United States","Biloxi, Mississippi, United States",https://www.linkedin.com/in/allison-buchanan-5777ba13,https://www.linkedin.com/company/the-focus-group-ms,The Focus Group is an award-winning full-service advertising agency. Creatively Led & Digitally Driven. View our full online portfolio to learn more.,"Skilled Leader, Marketer, Strategist, Creative, Communicator",
Frank,DiGioia,Frank DiGioia,frank@fortgroupinc.com,VALID,President,1 Owner/Founder/CEO,The FORT Group,fortgroupinc.com,Other marketing agency,15,"Ridgefield Park, New Jersey, United States",United States,https://www.linkedin.com/in/frank-digioia-5b158547,https://www.linkedin.com/company/the-fort-group,"FORT Group is a full-service marketing communications company. FORT has been at the forefront of marketing technology, offering clients an array of creative marketing services including research, strategy, creative, traditional and digital audio and video production, digital design and development, strategic media planning and buying for digital and print.",--,
Nick,Francis,Nick Francis,nick@thefranchisegroup.com,VALID,"Visionary Officer, Founder",1 Owner/Founder/CEO,The Franchise Group,thefranchisegroup.com,Other marketing agency,14,"Acushnet, Massachusetts, United States","South Dartmouth, Massachusetts, United States",https://www.linkedin.com/in/nickpfrancis,https://www.linkedin.com/company/the-franchise-group,"As a creative marketing agency, we offer event & corporate video production, marketing consulting, creative design, & wordpress development services.",Visionary Officer,
Tom,Marks,Tom Marks,tomm@leverage-marketing.com,VALID,CEO/General Manager,1 Owner/Founder/CEO,The Leverage Marketing Group,leverage-marketing.com,Other marketing agency,13,"Newtown, Connecticut, United States","Connecticut, United States",https://www.linkedin.com/in/tom-marks-ab77773,https://www.linkedin.com/company/the-leverage-marketing-group,"Leverage Marketing Group offers services in marketing, branding, promotional items, social media and advertising.","CEO/General Manager at The Leverage Marketing Group and Owner, The Leverage Marketing Group",
Kara,Williams,Kara Williams,kara@marketing-collective.com,VALID,Owner + Chief Client Strategist,1 Owner/Founder/CEO,The Marketing Collective,marketing-collective.com,Other marketing agency,16,"Cincinnati, Ohio, United States","Cincinnati, Ohio, United States",https://www.linkedin.com/in/kara-williams-nky,https://www.linkedin.com/company/the-marketing-collective-tmc,Cincinnati traditional and digital marketing firm focused on smart strategy combined with targeted creative and flawless execution.,Owner & Chief Client Strategist | The Marketing Collective | Fractional CMO | Strategic Partner for Growth-Oriented Brands,
Carol,Bross-McMahon,Carol Bross-McMahon,carol@mktgpack.com,VALID,Founder/Marketing Strategist,1 Owner/Founder/CEO,The Marketing Pack,mktgpack.com,Other marketing agency,11,"Cincinnati, Ohio, United States","Hamilton County, Ohio, United States",https://www.linkedin.com/in/brossmcmahon,https://www.linkedin.com/company/the-marketing-pack,"We're a full-service marketing agency based in Cincinnati, specializing in healthcare marketing.",Marketing Strategist/Account Relationship Leader,
Abbey,Bradley,Abbey Bradley,abbey@mktgpack.com,VALID,Co-Founder | Marketing Executive,1 Owner/Founder/CEO,The Marketing Pack,mktgpack.com,Other marketing agency,11,"Cincinnati, Ohio, United States","Hamilton County, Ohio, United States",https://www.linkedin.com/in/abbeymcmahon,https://www.linkedin.com/company/the-marketing-pack,"We're a full-service marketing agency based in Cincinnati, specializing in healthcare marketing.",Co-Founder & Marketing Executive at The Marketing Pack,
Josh,Greene,Josh Greene,josh@themathergroupllc.com,VALID,CEO,1 Owner/Founder/CEO,The Mather Group,themathergroupllc.com,Other marketing agency,21,"Vienna, Virginia, United States","Washington, United States",https://www.linkedin.com/in/joshgreene1,https://www.linkedin.com/company/the-mather-group,The Mather Group is a boutique digital marketing agency. We specialize in ensuring corporations have brand consistency & presence online.,"Founder & CEO at The Mather Group - Helping Brands Shape How They Are Represented in Wikipedia, Search, and AI Generated Results",
Robin,Stefanovich,Robin Stefanovich,robin@themitchellsagency.com,VALID,President and CEO,1 Owner/Founder/CEO,The Mitchells Agency,themitchellsagency.com,Other marketing agency,15,"Tallahassee, Florida, United States","Tallahassee, Florida, United States",https://www.linkedin.com/in/robinstefanovich,https://www.linkedin.com/company/themitchellsagency,"We are a team of thought leaders that inspires people to buy into brands. Connecting ownable messaging that connects with your audience. Established in 1971, The Mitchells Agency is an advertising, digital, and marketing agency based in Tallahassee, Florida.",President and CEO at The Mitchells Agency,
Anna,Zervos,Anna Zervos,anna@thepaoapp.com,VALID,Co-Founder and CEO,1 Owner/Founder/CEO,The Pao Creative,thepaocreative.com,Other marketing agency,12,"Boulder, Colorado, United States","Brooklyn, New York, United States",https://www.linkedin.com/in/anna-zervos-809040102,https://www.linkedin.com/company/the-pao-creative,"The Pao Creative is a boutique creative agency that specializes in producing captivating short-form video content for platforms like TikTok and Instagram. The agency conceptualizes, films, creates, and posts engaging videos designed to attract views and customers. The Pao Creative is women-owned and led, and it serves over 10 clients by transforming their brands through the art of video storytelling.",Co-Founder and CEO at The Pao App & The Pao Creative,CHECK: email domain differs from company domain
Adam,Robinson,Adam Robinson,adam@the-robinson-agency.com,VALID,CEO & Founder,1 Owner/Founder/CEO,The Robinson Agency,the-robinson-agency.com,Other marketing agency,14,"Dallas, Texas, United States","Frisco, Texas, United States",https://www.linkedin.com/in/markadamrobinson,https://www.linkedin.com/company/the-robinson-agency-marketing,"The Robinson Agency is a digital marketing company For logistics companies specializing in freight marketing, supply chain advertising, and 3PL marketing. We provide expert strategy and execution to drive growth for freight businesses.","CEO at The Robinson Agency: A B2B Marketing Agency for Supply Chain, Logistics, & Transportation",
Lee,Z.,Lee Z.,lzoldan@thesimonsgroup.com,VALID,CEO,1 Owner/Founder/CEO,The Simons Group,thesimonsgroup.com,Other marketing agency,13,"Chicago, Illinois, United States","Chicago, Illinois, United States",https://www.linkedin.com/in/leezoldan,https://www.linkedin.com/company/the-simons-group,Our marketing consultancy has been creating high-quality content marketing for 40+ years. Contact us if you are ready to elevate your brand.,Helping people and institutions profit from change.,
Sandy,Asanovic,Sandy Asanovic,sasanovic@thesimonsgroup.com,VALID,President,1 Owner/Founder/CEO,The Simons Group,thesimonsgroup.com,Other marketing agency,13,"Chicago, Illinois, United States","Chicago, Illinois, United States",https://www.linkedin.com/in/sandy-asanovic,https://www.linkedin.com/company/the-simons-group,Our marketing consultancy has been creating high-quality content marketing for 40+ years. Contact us if you are ready to elevate your brand.,President at The Simons Group | B2B Marketing Strategy → Execution without Extra Headcount | Scaling On-Demand B2B Marketing Teams,
Giovani,Gonzalez,Giovani Gonzalez,giovanig@thesocialrook.com,VALID,Founder,1 Owner/Founder/CEO,The Social Rook,thesocialrook.com,Other marketing agency,12,"Charlotte, North Carolina, United States","Charlotte Metro, United States",https://www.linkedin.com/in/giovani-gonzalez-81154117b,https://www.linkedin.com/company/the-social-rook,"The Social Rook is a digital marketing agency in Charlotte, NC, dedicated to helping businesses scale through paid advertising & creative brand solutions.",,
Eliezer,Moskowitz,Eliezer Moskowitz,eliezer@thesparkgroup.com,VALID,Owner,1 Owner/Founder/CEO,The Spark Group,thesparkgroup.com,Other marketing agency,16,"New York, New York, United States","Brooklyn, New York, United States",https://www.linkedin.com/in/eliezer-moskowitz-881b0360,https://www.linkedin.com/company/the-spark-group,"the Spark Group (tSG) is a boutique digital marketing agency located in the heart of NYC. We’re marketers by title, but storytellers at heart. With every project, our goal is to find new and compelling ways to bring brand stories to life in a way that engages the right audiences and drives action -- and do so in a way that makes them care, desire, trust, and connect. Then, we make sure that our clients, both online and offline, live up to every facet of that story.  We work with companies spanning a diverse set of industries: Financial Services, Real Estate, Technology, Lifestyle, Health & Fitness, Retail, Government, Advocacy, Non Profit, B2B, Legal, Creative… If there’s a story to tell, we’re there to tell it.",Chief Executive Officer,
Marc,Becker,Marc Becker,marc@thetangentagency.com,VALID,CEO,1 Owner/Founder/CEO,The Tangent Agency,thetangentagency.com,Other marketing agency,15,"Los Angeles, California, United States","Los Angeles, California, United States",https://www.linkedin.com/in/marcbecker123,https://www.linkedin.com/company/the-tangent-agency,"The Tangent Agency is an award-winning creative agency using insight-driven strategy to build brands, run digital campaigns, and create innovative content.","CEO, The Tangent Agency",
Jay,Rutherford,Jay Rutherford,jay@thevirtualwild.com,VALID,Chief Executive Officer,1 Owner/Founder/CEO,The Virtual Wild,thevirtualwild.com,Other marketing agency,13,"Dallas, Texas, United States","Dallas, Texas, United States",https://www.linkedin.com/in/jayruth,https://www.linkedin.com/company/the-virtual-wild,"The Virtual Wild is an award-winning XR and creative agency based in Dallas, Texas specializing in XR, real-time software, and innovative storytelling for marketing organizations.",CEO @ The Virtual Wild,
Dan,Weinbach,Dan Weinbach,dweinbach@weinbachgroup.com,VALID,President & CEO,1 Owner/Founder/CEO,The Weinbach Group,weinbachgroup.com,Other marketing agency,19,"Miami, Florida, United States","Miami, Florida, United States",https://www.linkedin.com/in/dan-weinbach-4821184,https://www.linkedin.com/company/the-weinbach-group,"The Weinbach Group consistently ranks as a top Miami ad agency, top public relations firm, and earns national recognition for its healthcare marketing and digital marketing expertise.",President & CEO,
Steven,Wyer,Steven Wyer,swyer@3ci.agency,VALID,Chief Executive Officer,1 Owner/Founder/CEO,"Third Coast Interactive, Inc",3ci.agency,Other marketing agency,10,"Franklin, Tennessee, United States","Franklin, Tennessee, United States",https://www.linkedin.com/in/steven-wyer-b5aa4a1a3,https://www.linkedin.com/company/third-coast-interactive-inc,"We are a digital marketing agency. We focus on online customer reviews, directory development services and online reputation management. We deliver solutions to companies all over the world. Just like our team, our clients have diverse backgrounds and specialties, a dynamic that has fine-tuned our skills to address nearly any need. Our goal has always been to explain why things happen online and then offer solutions that can be understood. No mysterious black box, no hype sales pitch. Just consistent, steady effort, good communication and results – that’s our commitment to each client.","Chief Executive Officer at Third Coast Interactive, Inc",
Zach,Goodwin,Zach Goodwin,zach@thisjanuary.com,VALID,"Co-Founder, Chief Creative Officer",1 Owner/Founder/CEO,THIS JANUARY,thisjanuary.com,Other marketing agency,17,"Washington, District of Columbia, United States","Washington, District of Columbia, United States",https://www.linkedin.com/in/zachgoodwin,https://www.linkedin.com/company/thisjanuary,"Searching for a creative agency to rebrand, buy media, and launch integrated campaigns? This January blends strategy, design & media to grow bold brands.","Co-founder and Chief Creative Officer at THIS JANUARY, an independent advertising agency. Formerly Executive Creative Director at ISL, a WPP agency. || AdAge Small Agency Gold, Cannes Lion winner, still trying.",
Dean,Bender,Dean Bender,dean@thompson-bender.com,VALID,President,1 Owner/Founder/CEO,Thompson & Bender,thompson-bender.com,Other marketing agency,18,"Briarcliff Manor, New York, United States","Briarcliff Manor, New York, United States",https://www.linkedin.com/in/dean-bender-968b0412,https://www.linkedin.com/company/thompsonbender,"Thompson & Bender is an agency that offers public relations, advertising, social media marketing, event planning and promotion services.",President at Thompson & Bender,
Doug,Broad,Doug Broad,dbroad@threeringsinc.com,VALID,Co-Founder and Principal,1 Owner/Founder/CEO,Three Rings Inc.,threeringsinc.com,Other marketing agency,22,"Boston, Massachusetts, United States","Burlington, Massachusetts, United States",https://www.linkedin.com/in/dougbroad,https://www.linkedin.com/company/threeringsinc,Three Rings is an integrated PR and digital marketing agency dedicated to serving clients in the technology sector.,"Co-Founder and Principal, Three Rings Inc.",
Kevin,Howe,Kevin Howe,khowe@three29.com,VALID,President & Founder,1 Owner/Founder/CEO,Three29,three29.com,Other marketing agency,15,"Sacramento, California, United States","Sacramento, California, United States",https://www.linkedin.com/in/kevin-howe,https://www.linkedin.com/company/three29,"Three29 is a web design, mobile app development and digital marketing agency located in Sacramento.",Founder @ Three29. Been riding the agency roller coaster so long that I no longer wear the lap belt.,
Brittanie,Bengston,Brittanie Bengston,brittanie@thrivepop.com,VALID,Co-Founder,1 Owner/Founder/CEO,ThrivePOP | Digital Marketing Agency,thrivepop.com,Other marketing agency,13,"Muskegon, Michigan, United States","Muskegon, Michigan, United States",https://www.linkedin.com/in/brittanie-bengston-7a36a176,https://www.linkedin.com/company/thrivepop,"Finally, A Digital Marketing Agency That Gets Results. Specializing in cannabis, delivering growth for every industry!",Fractional CMO | Marketing Consultant | Co-Founder at ThrivePOP | Growth Focused Creative Marketing Agency,
Patrick,Thompson,Patrick Thompson,pthompson@tidalmgmt.com,VALID,President,1 Owner/Founder/CEO,Tidal Management,tidalmgmt.com,Other marketing agency,28,"Plantation, Florida, United States","Mays Landing, New Jersey, United States",https://www.linkedin.com/in/patrick-thompson-013b861ab,https://www.linkedin.com/company/tidal-management,Tidal Management is a Sales and Marketing Agency in California. Our ultimate goal is to increase the revenue and marketing ROI for our clients.,President at Tidal Management,
Dorn,Martell,Dorn Martell,dorn@tinsley.com,VALID,Chief Creative Officer/co-owner,1 Owner/Founder/CEO,Tinsley Advertising,tinsley.com,Other marketing agency,19,"Miami, Florida, United States","Miami Beach, Florida, United States",https://www.linkedin.com/in/dorn-martell-72aa906,https://www.linkedin.com/company/tinsley-advertising,"Tinsley Advertising is one of the nation's leading independent, full-service agencies. We specialize in travel, tourism, sports, entertainment and luxury brands.",Chief Creative Officer Tinsley Advertising,
John,Underwood,John Underwood,john@tinsley.com,VALID,Chief Executive Officer/Owner,1 Owner/Founder/CEO,Tinsley Advertising,tinsley.com,Other marketing agency,19,"Miami, Florida, United States","Miami, Florida, United States",https://www.linkedin.com/in/john-underwood-jr-42078420,https://www.linkedin.com/company/tinsley-advertising,"Tinsley Advertising is one of the nation's leading independent, full-service agencies. We specialize in travel, tourism, sports, entertainment and luxury brands.",Chief Executive Officer/Owner at Tinsley Advertising,
TJ,Jorgensen,TJ Jorgensen,tj@tj21.com,VALID,Founder,1 Owner/Founder/CEO,TJ21 Media Group,tj21.com,Other marketing agency,14,"South Bend, Indiana, United States","South Bend, Indiana, United States",https://www.linkedin.com/in/tjjorgensen21,https://www.linkedin.com/company/tj21-media-group,"TJ21 Media Group is an award-winning, innovative marketing agency that stands out as a leader in cinematic video, web design, marketing, social media and more!",Founder and CEO of TJ21 Media Group in South Bend,
Andrew,Hong,Andrew Hong,andrew@tobeagency.co,VALID,Co-Founder | CEO,1 Owner/Founder/CEO,Tobe,tobeagency.co,Other marketing agency,10,"El Segundo, California, United States","Salt Lake City, Utah, United States",https://www.linkedin.com/in/andrewnhong,https://www.linkedin.com/company/tobemarketingmedia,We're a Utah digital marketing and advertising agency based in Salt Lake City. Our marketing and media solutions help brands waste less and grow smarter.,I help small businesses waste less and grow smarter with our marketing and media solutions.,
Jeremy,H.,Jeremy H.,jeremy@tobeagency.co,VALID,Co-Founder,1 Owner/Founder/CEO,Tobe,tobeagency.co,Other marketing agency,10,"El Segundo, California, United States","Culver City, California, United States",https://www.linkedin.com/in/jeremy-hong,https://www.linkedin.com/company/tobemarketingmedia,We're a Utah digital marketing and advertising agency based in Salt Lake City. Our marketing and media solutions help brands waste less and grow smarter.,Co-Founder & Lead Technology Strategist at Tobe,
Melanie,Varin,Melanie Varin,melanie.varin@toplineresults.com,VALID,Chief Executive Officer,1 Owner/Founder/CEO,TopLine Results Corporation,toplineresults.com,Other marketing agency,14,"Pewaukee, Wisconsin, United States","Pewaukee, Wisconsin, United States",https://www.linkedin.com/in/mrvarin,https://www.linkedin.com/company/topline-results-corporation,"TopLine Results specializes in CRM & Digital Marketing technology, providing software and consulting for small/medium sized businesses.","CEO at TopLine Results Corporation and Amazon #1 Best Selling Author of ""Ignite Topline Growth: How RevOps and Go-To-Market Alignment Spark Success""",
Mike,Toth,Mike Toth,mctoth@toth.com,VALID,Founder & Chief Creative Officer,1 Owner/Founder/CEO,Toth+Co,toth.com,Other marketing agency,18,"Concord, Massachusetts, United States","Cambridge, Massachusetts, United States",https://www.linkedin.com/in/mike-toth-84629421,https://www.linkedin.com/company/toth-co,"Toth + Co is an integrated marketing agency that offers creative, strategic, research, and digital services for lifestyle brands.",,
Jim,Mcewen,Jim Mcewen,jim@touchpointmedia.com,VALID,president,1 Owner/Founder/CEO,"Touchpoint Media, Inc.",touchpointmedia.com,Other marketing agency,14,"St. Louis Park, Minnesota, United States","Wilton Center, Connecticut, United States",https://www.linkedin.com/in/jim-mcewen-30737374,https://www.linkedin.com/company/touchpoint-media-llc,"Touchpoint Media specializes in brand strategy and design, creative  content, marketing intelligence, global communications, media planning &  buying, video, web, and social media, the creation of memorable digital  experiences and data and analytics.","president at Touchpoint Media, Inc.",
Wendy,Longley,Wendy Longley,wlongley@trafficadv.com,VALID,President,1 Owner/Founder/CEO,Traffic Advertising,trafficadv.com,Other marketing agency,22,"Palm Harbor, Florida, United States","Tampa, Florida, United States",https://www.linkedin.com/in/wendylongley,https://www.linkedin.com/company/trafficadvertising,We are a leading nationwide automotive focused advertising agency offering traditional and digital advertising services.,Advertising & Marketing,
Jill,Schroeder,Jill Schroeder,jschroeder@trefoilgroup.com,VALID,President,1 Owner/Founder/CEO,Trefoil Group,trefoilgroup.com,Other marketing agency,25,"Milwaukee, Wisconsin, United States","Milwaukee, Wisconsin, United States",https://www.linkedin.com/in/jill-schroeder-5380762b,https://www.linkedin.com/company/trefoil-group,"Trefoil is a B2B marketing agency driving business growth for midmarket and PE-backed firms through brand value, digital marketing & strategic communications.",President,
Roger,Lex,Roger Lex,rlex@triadcreativegroup.com,VALID,President,1 Owner/Founder/CEO,Triad Creative Group,triadcreativegroup.com,Other marketing agency,22,"Brookfield, Wisconsin, United States","Waukesha, Wisconsin, United States",https://www.linkedin.com/in/roger-lex-7b06bb5,https://www.linkedin.com/company/triad-creative-group,"Triad Creative Group. Full service trade show exhibits. Award winning marketing, advertising, trade show exhibits, signage and graphics. Full service marketing and advertising. Located in Milwaukee, Wisconsin and serving the greater southeastern Wisconsin and upper Midwest markets, including Chicago and northern Illinois.","Owner, triadcreativegroup",
Dave,Keller,Dave Keller,dkeller@triad-inc.com,VALID,President,1 Owner/Founder/CEO,TriAd Marketing & Media,triad-inc.com,Other marketing agency,18,"Westerville, Ohio, United States","Westerville, Ohio, United States",https://www.linkedin.com/in/davekellertriad,https://www.linkedin.com/company/triad_2,"Triad provides strategy, branding, web development, PR, graphic design, promotional gifts, digital marketing, and other related services.",,
Sung,Kim,Sung Kim,sung@triadms.com,VALID,Co-Founder,1 Owner/Founder/CEO,"TriAd Media Solutions, Inc.",triadms.com,Other marketing agency,19,"Hoboken, New Jersey, United States","Brooklyn, New York, United States",https://www.linkedin.com/in/sung-kim-2a8109,https://www.linkedin.com/company/triad-media-solutions-inc-,"Provider of digital marketing solutions for higher education institutions. TriAd Media Solutions partners with colleges and universities to match students with the right program. Their data-driven approach includes A/B testing, audience segmentation, and customer journey analysis. They offer omni-channel marketing strategies to boost performance across all channels. The company has been in business since 2007 and is located in Nutley, NJ.",Co-Founder,
Tom,Jennus,Tom Jennus,tom@trickeyjennus.com,VALID,President + CCO,1 Owner/Founder/CEO,Trickey Jennus,trickeyjennus.com,Other marketing agency,13,"Tampa, Florida, United States","Tampa, Florida, United States",https://www.linkedin.com/in/tom-jennus-a29393119,https://www.linkedin.com/company/trickey-jennus-inc-,"Trickey Jennus is a full-service advertising and creative agency located in Tampa, FL and Denver, CO specializing in strategizing and executing marketing solutions.","President & CCO, Trickey Jennus Branding + Advertising  TAMPA + DENVER",
Richard,Pettis,Richard Pettis,richard@glasshive.com,VALID,Co-Founder at TRIdigital,1 Owner/Founder/CEO,TRIdigital,glasshive.com,Other marketing agency,11,"Allen, Texas, United States","Plano, Texas, United States",https://www.linkedin.com/in/richard-pettis-0b57b664,https://www.linkedin.com/company/tri-digital,"TRIdigital Marketing, MSP marketing agency in Dallas, TX, offers tailored solutions to grow your IT business. Boost your success with expert strategies.",Co-Founder at TRIdigital,
Tama,L. Williamson,Tama L. Williamson,twilliamson@triggerpointmedia.com,VALID,CEO,1 Owner/Founder/CEO,"TriggerPoint Media, Inc.",triggerpointmedia.com,Other marketing agency,16,"Austin, Texas, United States","Austin, Texas, United States",https://www.linkedin.com/in/tamawilliamson,https://www.linkedin.com/company/triggerpointmedia,"Operator of digital signage solutions for businesses in South Austin, Texas. The company offers services that include digital signage creation, installation, and management, as well as text marketing, social media, and scent marketing.",Founder & CEO @ TriggerPoint Media | Digital Signage Media Agency,
Greg,Norton,Greg Norton,greg.norton@twisted-rope.com,VALID,President,1 Owner/Founder/CEO,Twisted Rope,twisted-rope.com,Other marketing agency,15,"Buffalo, New York, United States","Buffalo, New York, United States",https://www.linkedin.com/in/gnortontmi,https://www.linkedin.com/company/twistedrope,Full service digital technology agency for multinational and multi-regional companies with innovative products and services.,President @ Twisted Rope | Digital Prospecting | B2B Sales funnels,
Kyle,Johnson,Kyle Johnson,kyle@weareunrivaled.com,VALID,President,1 Owner/Founder/CEO,Unrivaled,weareunrivaled.com,Other marketing agency,20,"Ogden, Utah, United States","Ogden, Utah, United States",https://www.linkedin.com/in/jdhgenmgr,https://www.linkedin.com/company/weareunrivaled,"Unrivaled is a digital + dimensional agency driven to create inspiring experiences, offers strategic planning, digital marketing, etc.",President | Driving Operational Excellence and Creative Execution at Unrivaled,
McKenzie,Telthorst,McKenzie Telthorst,mtelthorst@upbrand.com,VALID,President,1 Owner/Founder/CEO,UPBrand,upbrand.com,Other marketing agency,17,"Missouri, United States","St. Louis County, Missouri, United States",https://www.linkedin.com/in/mckenzieboyd,https://www.linkedin.com/company/upbrandcreates,"UPBrand is a branding, advertising and digital agency. We specialize in helping brands define their authentic position.","President at UPBrand | Strategic Brand Solutions, Outstanding Results, People Development",
Tina,Reynolds,Tina Reynolds,tina@uptownstudios.net,VALID,President/Founder,1 Owner/Founder/CEO,"Uptown Studios, Inc.",uptownstudios.net,Other marketing agency,25,"Sacramento, California, United States","Sacramento, California, United States",https://www.linkedin.com/in/uptownstudios,https://www.linkedin.com/company/uptown-studios,"Uptown Studios is a Sacramento-based full service creative agency offering marketing, graphic design, web design, video production, animation and more.",President at Uptown Studios,
David,Brecount,David Brecount,dbrecount@usdigitalpartners.com,VALID,CEO & Co-Founder,1 Owner/Founder/CEO,US Digital Partners,usdigitalpartners.com,Other marketing agency,23,"Cincinnati, Ohio, United States","Cincinnati, Ohio, United States",https://www.linkedin.com/in/brecount,https://www.linkedin.com/company/us-digital-partners,"Collaborate, Create, Execute, Refine & Grow - Your digital marketing journey starts here with US Digital Partners, your trusted digital execution agency.",Husband / Dad / CEO / Co-Founder at US Digital Partners / Investor,
Jesi,Hook,Jesi Hook,jesi@vallureagency.com,VALID,"Founder, CEO",1 Owner/Founder/CEO,Vallure Agency,vallureagency.com,Other marketing agency,13,"Austin, Texas, United States","Phoenix, Arizona, United States",https://www.linkedin.com/in/jesihook,https://www.linkedin.com/company/vallureagency,"Vallure Agency is a U.S.-based digital marketing and branding firm offering  growth partnerships, website development, and multi-channel campaigns to  boost visibility and ROI.","Founder & CEO, Vallure | Replacing fragmented marketing with one accountable growth system for health, beauty, and wellness brands.",
Reggie,Jonaitis,Reggie Jonaitis,rjonaitis@vasogroup.com,VALID,CEO & Co-Founder,1 Owner/Founder/CEO,VASO Group - eCommerce Brand Agency,vasogroup.com,Other marketing agency,15,"Dallas, Texas, United States","Dallas, Texas, United States",https://www.linkedin.com/in/reggiejonaitis,https://www.linkedin.com/company/vaso-group-llc,"We are a full-service Amazon agency based in Dallas, focused on growing your business and boosting your ROI.",VASO Group | Head of eCommerce Agency | Strategy + Execution,
Jerid,Schumacher,Jerid Schumacher,jerid@veatechnologies.com,VALID,Co-Founder,1 Owner/Founder/CEO,VEA Technologies,veatechnologies.com,Other marketing agency,13,"Denver, Colorado, United States","Denver, Colorado, United States",https://www.linkedin.com/in/jeridschumacher,https://www.linkedin.com/company/vea-technologies,"VEA is a Denver-based digital marketing company. We deliver results with ROI focused strategies, and a full suite of internet marketing services.",Founder at VEA Technologies - Digital Marketing Experts,
Tamra,Fitzgerald,Tamra Fitzgerald,tamraf@venueadv.com,VALID,President,1 Owner/Founder/CEO,Venue Marketing Group,venueadv.com,Other marketing agency,18,"Jupiter, Florida, United States","West Palm Beach, Florida, United States",https://www.linkedin.com/in/tamraf,https://www.linkedin.com/company/venue-marketing-group,"A full-service marketing agency in North Palm Beach, Florida, managing advertising, public relations, events, and social media for clients nationwide.",President at Venue Marketing Group,
Justin,Price,Justin Price,justin@verscreative.com,VALID,Principal | Founder,1 Owner/Founder/CEO,Vers Creative,verscreative.com,Other marketing agency,13,"Tampa, Florida, United States","Clearwater, Florida, United States",https://www.linkedin.com/in/justin-price-creative,https://www.linkedin.com/company/vers-creative,"Vers Creative is a leading marketing agency in Tampa, FL, specializing in non-profits and churches. From language models and automation to machine learning and AI, we offer tailored services to amplify your mission.",Principal | Founder at Vers CREATIVE,
Jeff,Scheiber,Jeff Scheiber,jscheiber@vimaxmedia.com,VALID,President/CEO,1 Owner/Founder/CEO,Vimax Media,vimaxmedia.com,Other marketing agency,27,"Madison Heights, Michigan, United States","Wyandotte, Michigan, United States",https://www.linkedin.com/in/jeff-scheiber-214ab16b,https://www.linkedin.com/company/vimax-media,"Vimax Media is a marketing agency that specializes in creating compelling, custom-branded food content.",President & CEO at Vimax Media,
Scott,Williams,Scott Williams,scott@vinylmarketing.com,VALID,CEO,1 Owner/Founder/CEO,Vinyl Marketing,vinylmarketing.com,Other marketing agency,15,"Ashland, Ohio, United States","Ashland, Ohio, United States",https://www.linkedin.com/in/scottcurtiswilliams,https://www.linkedin.com/company/vinyl-marketing,"Vinyl Marketing is a digital marketing agency specializing in brand development, content creation, photography, and web design.",CEO of Vinyl Marketing,
Carol,Hayes,Carol Hayes,carol@virginiacreativegroup.com,VALID,Founder,1 Owner/Founder/CEO,Virginia Creative Group,virginiacreativegroup.com,Other marketing agency,20,"Newport News, Virginia, United States","Yorktown, Virginia, United States",https://www.linkedin.com/in/virginiacreativegroup,https://www.linkedin.com/company/virginia-creative-group,"Virginia Creative Group is a full-service practice marketing agency that partners with medical, dental, and orthodontic practices to elevate their brand, grow their patient base, and simplify their marketing. From custom websites and Google Ads to social media management and referral strategies, our expert team combines creativity with data-driven results. Based in Virginia, serving practices nationwide.",Virginia Creative Group,
David,Walsh,David Walsh,dwalsh@visiqua.com,VALID,"Co-Founder, Advisor",1 Owner/Founder/CEO,Visiqua,visiqua.com,Other marketing agency,10,"Boulder, Colorado, United States","Denver, Colorado, United States",https://www.linkedin.com/in/davidjwalsh,https://www.linkedin.com/company/visiqua,"Visiqua is a performance marketing agency driving customer acquisition through calls, clicks and leads unleashing real, quantifiable results.","Co-Founder, Advisor at Visiqua",
Marissa,Ryan,Marissa Ryan,marissa.ryan@visualfizz.com,VALID,"Co-Founder, CMO",1 Owner/Founder/CEO,VisualFizz,visualfizz.com,Other marketing agency,15,"Chicago, Illinois, United States","Chicago, Illinois, United States",https://www.linkedin.com/in/marissaryan1,https://www.linkedin.com/company/visualfizz,"VisualFizz is a Chicago marketing agency offering Search Marketing, Branding, and Web Development for B2B, Tech, and Industrial companies.",3x founder | ad tech and marketing executive | fractional CMO,
Dan,Salganik,Dan Salganik,dan.salganik@visualfizz.com,VALID,"CEO, Managing Partner",1 Owner/Founder/CEO,VisualFizz,visualfizz.com,Other marketing agency,15,"Chicago, Illinois, United States","Chicago, Illinois, United States",https://www.linkedin.com/in/dansalganik,https://www.linkedin.com/company/visualfizz,"VisualFizz is a Chicago marketing agency offering Search Marketing, Branding, and Web Development for B2B, Tech, and Industrial companies.","CEO & Founder at VisualFizz, a Leading Marketing Agency | Marketing and Growth Leader | B2B Focused, B2C Experienced",
Chris,Berarducci,Chris Berarducci,chris@vitaldigital.us,VALID,President,1 Owner/Founder/CEO,Vital Digital,vitaldigital.us,Other marketing agency,11,"San Marcos, California, United States","San Marcos, California, United States",https://www.linkedin.com/in/chrisberarducci,https://www.linkedin.com/company/vital-digital,"Vital Digital is a pioneer of data-driven, results-focused digital marketing programs for partner companies.",Vital Digital - Agency For Advanced Marketing Solutions,
Kelly,Sparks,Kelly Sparks,kelly@vmgstudios.com,VALID,Founder | CEO and QUEEN BEE,1 Owner/Founder/CEO,VMG Studios,vmgstudios.com,Other marketing agency,13,"Bellevue, Washington, United States","Bellevue, Washington, United States",https://www.linkedin.com/in/kelly-sparks-vmg-studios,https://www.linkedin.com/company/vmgstudios,"Award-winning creative marketing agency that specializes in producing targeted multi-media content, like video production, animation, and design, for enterprise corporations that drives awareness and engagement.","Emmy Award–Winning Director & Strategic CEO | Helping Enterprise Brands Turn Complex Messages Into Strategic Content | Trusted by Amazon, AWS, Ericsson, Microsoft & Starbucks",
Doug,Fowler,Doug Fowler,doug.fowler@waypostmarketing.com,VALID,President,1 Owner/Founder/CEO,Waypost Marketing,waypostmarketing.com,Other marketing agency,15,"Greenville, South Carolina, United States","Greenville, South Carolina, United States",https://www.linkedin.com/in/dougfowler,https://www.linkedin.com/company/waypostmarketing,"Based in Greenville, SC, Waypost is a strategy-driven digital marketing agency that values transparency & communication in everything we do.",Founder at Waypost Marketing | Helping Manufacturing & B2B Teams Turn HubSpot Into a Reliable Revenue Engine,
Matthew,Hickman,Matthew Hickman,mhickman@webtechfusion.com,VALID,President and CEO,1 Owner/Founder/CEO,Web Tech Fusion,webtechfusion.com,Other marketing agency,10,"Midlothian, Virginia, United States","Powhatan, Virginia, United States",https://www.linkedin.com/in/matthew-hickman-09118236,https://www.linkedin.com/company/web-tech-fusion,"Founded in 2005, Web Tech Fusion is a full service digital agency that partners with organizations to help them grow.","President, at Web Tech Fusion",
Ken,Wisnefski,Ken Wisnefski,kwisnefski@webimax.com,VALID,Founder/CEO,1 Owner/Founder/CEO,WebiMax,webimax.com,Other marketing agency,22,"Marlton, New Jersey, United States","Marlton, New Jersey, United States",https://www.linkedin.com/in/kenwisnefski,https://www.linkedin.com/company/webimax-com,Award-winning marketing services by WebiMax since 2008! Data driven digital marketing solutions. We deliver results that rule the web.,Founder | CEO | Enterprise Growth | CRO | GTM,
Blake,Akers,Blake Akers,blake@webology.io,VALID,Owner,1 Owner/Founder/CEO,Webology,webology.io,Other marketing agency,15,"Birmingham, Alabama, United States","Birmingham, Alabama, United States",https://www.linkedin.com/in/blake-akers-0636b962,https://www.linkedin.com/company/webologyofficial,"Webology is Birmingham's results-focused, Veteran owned and operated marketing agency that puts our expert employees in the driver's seat for brands like",Founder | CEO | Webology,
Carrie,Karki,Carrie Karki,carrie@whitebox.marketing,VALID,CEO l Founder,1 Owner/Founder/CEO,WhiteBox Marketing,whiteboxmarketing.com,Other marketing agency,14,"St. Cloud, Minnesota, United States","Sartell, Minnesota, United States",https://www.linkedin.com/in/carrie-karki-10300714,https://www.linkedin.com/company/whiteboxmarketing,"WhiteBox Marketing is a full service team of consultative marketing professionals in St. Cloud, Minneapolis, and Brainerd, MN; and Tempe, AZ.",CEO & Founder of WhiteBox Marketing | WOSB Certified | Strategic Growth & Brand Leader | Top 50 Women Leaders MSP 2024 | Top 100 Marketing Professionals 2021 | Visionary | Community Ambassador,
Bill,Hunter,Bill Hunter,bill@wilmingtondesignco.com,VALID,President/Creative Director,1 Owner/Founder/CEO,Wilmington Design Company,wilmingtondesignco.com,Other marketing agency,14,"Wilmington, North Carolina, United States","Wilmington, North Carolina, United States",https://www.linkedin.com/in/wilmingtondesigncompany,https://www.linkedin.com/company/wilmington-design-company,"Award-winning digital marketing, web design, & graphic design firm with an experienced team and a record of proven results. Free project evaluation!","President/Creative Director, Wilmington Design Company",
Peggy,Wilson,Peggy Wilson,peggy@wcgpros.com,VALID,President & CEO,1 Owner/Founder/CEO,"Wilson Creative Group, Inc.",wcgpros.com,Other marketing agency,13,"Naples, Florida, United States","Naples, Florida, United States",https://www.linkedin.com/in/peggywilson,https://www.linkedin.com/company/wilson-creative-group-inc-,"We are a full-service advertising agency providing Southwest Florida and beyond with digital, marketing, advertising, and public relations services.",Ad Agency Owner | Brand Creator | Marketing Strategist | Growth Developer,
Susan,DeMatei,Susan DeMatei,susan@wineglassmarketing.com,VALID,Owner and President,1 Owner/Founder/CEO,WineGlass Marketing,wineglassmarketing.com,Other marketing agency,14,"Napa, California, United States","Napa, California, United States",https://www.linkedin.com/in/susan-dematei-8871a722,https://www.linkedin.com/company/wineglass-marketing,"WineGlass Marketing is a full-service direct marketing agency. Website Design, Email Marketing, Social Media Marketing, Photography, Strategy",Owner and President at WineGlass Marketing,
Andrew,Olson,Andrew Olson,andrew@witdelivers.com,VALID,Chief Executive Officer | Co-Owner,1 Owner/Founder/CEO,Wit Digital,witdelivers.com,Other marketing agency,19,"Greenwood Village, Colorado, United States","Denver, Colorado, United States",https://www.linkedin.com/in/andrew-olson-67825698,https://www.linkedin.com/company/wit-delivers,"Wit Digital is a digital marketing agency, specializing in-home service businesses.",CEO / Co-Owner - Wit Digital,
Stephen,Christopher,Stephen Christopher,schristopher@witdelivers.com,VALID,Founder,1 Owner/Founder/CEO,Wit Digital,witdelivers.com,Other marketing agency,19,"Greenwood Village, Colorado, United States","Denver, Colorado, United States",https://www.linkedin.com/in/stephenchristopher,https://www.linkedin.com/company/wit-delivers,"Wit Digital is a digital marketing agency, specializing in-home service businesses.",Founder @ Wit Digital | Let it be Fun!,
Vida,Jakabhazy,Vida Jakabhazy,vida@workingplanet.com,VALID,Owner & Co-Founder,1 Owner/Founder/CEO,Working Planet Marketing Group,workingplanet.com,Other marketing agency,25,"Providence, Rhode Island, United States","Providence, Rhode Island, United States",https://www.linkedin.com/in/vida-jakabhazy-89b5b01,https://www.linkedin.com/company/working-planet-marketing-group,Go further faster with advanced custom solutions for your marketing program. Offering both consulting and full-service paid digital marketing management solutions. Working Planet has been helping businesses grow for 21 years.,Owner & Co-Founder of Working Planet,
Jonathan,Ayala,Jonathan Ayala,jayala@yourlightingbrand.com,VALID,Co-Founder & Principal,1 Owner/Founder/CEO,Your Lighting Brand,yourlightingbrand.com,Other marketing agency,28,"Columbus, Ohio, United States","Grove City, Ohio, United States",https://www.linkedin.com/in/jonathan-ayala-21395489,https://www.linkedin.com/company/your-lighting-brand,"Full Service Marketing, Technology & Communications company dedicated to the Lighting Industry.",Co-Founder & Principal at Your Lighting Brand & The Lighting Exchange,
Paige,Velasquez Budde,Paige Velasquez Budde,paige@zilkermedia.com,VALID,Chief Executive Officer,1 Owner/Founder/CEO,Zilker Media,zilkermedia.com,Other marketing agency,18,"Austin, Texas, United States","Austin, Texas, United States",https://www.linkedin.com/in/paigevelasquez,https://www.linkedin.com/company/zilkermedia,"Zilker Media is a full-service branding & PR agency based in Austin, TX. We work with thought leaders & businesses to build trusted brands.",Co-founding partner & Chief Executive Officer at Zilker Media | TEDx Speaker | Author of The Strategic Business Influencer | Building trusted leaders & companies,
Rusty,Shelton,Rusty Shelton,rusty@zilkermedia.com,VALID,Founder & Chairman,1 Owner/Founder/CEO,Zilker Media,zilkermedia.com,Other marketing agency,18,"Austin, Texas, United States","Austin, Texas, United States",https://www.linkedin.com/in/rustyrshelton,https://www.linkedin.com/company/zilkermedia,"Zilker Media is a full-service branding & PR agency based in Austin, TX. We work with thought leaders & businesses to build trusted brands.",Author & Keynote Speaker | Chairman at Zilker Media | Strategist at AMG/ForbesBooks | Entrepreneur #EO,
Anthony,Andreatos,Anthony Andreatos,anthony@321webmarketing.com,VALID,Chief Operating Officer,2 Other leadership,321 Web Marketing,321webmarketing.com,SEO/AEO,27,"Reston, Virginia, United States","Reston, Virginia, United States",https://www.linkedin.com/in/anthony-andreatos,https://www.linkedin.com/company/321-web-marketing,We provide expert national SEO services to help businesses rank for lead-generating search terms on the front page of Google.,COO at 321 Web Marketing,
Evyan,O'Keefe,Evyan O'Keefe,eokeefe@jaffepr.com,VALID,Executive Director,2 Other leadership,9Sail,jaffepr.com,SEO/AEO,22,"New York, New York, United States","Fort Lauderdale, Florida, United States",https://www.linkedin.com/in/evyano,https://www.linkedin.com/company/9sail,"Provider of digital marketing services to law firms and construction companies. The agency specializes in SEO and PPC strategies, offering customized solutions that include keyword research, competitor analysis, and technical and content recommendations. The company is based in the U.S. with offices in New Jersey and New York.","Experienced legal marketer. Marketing, BD and Recognitions for the Legal & Professional Service Industries.",
Michael,Laulunen,Michael Laulunen,mike@artunlimitedusa.com,VALID,COO,2 Other leadership,A-Squared Marketing,artunlimitedusa.com,SEO/AEO,11,"Minnesota, United States","Side Lake, Minnesota, United States",https://www.linkedin.com/in/michaellaulunen,https://www.linkedin.com/company/a-2-marketing,"Accelerated Marketing That Works. At A-Squared Marketing, we help business owners and marketing directors achieve predictable, sustainable growth without wasting budget on ineffective ads or tactics that overpromise and underdeliver. ""A-Squared"" stands for Authenticity and Acceleration, the two principles behind everything we do. We build transparent, honest partnerships and move with purpose and agility to drive real results for our clients. What sets us apart: We don't hide behind vanity metrics or pretty reports. We listen deeply, build personalized data-driven strategies, and verify every result through actual performance. No hidden fees. No guesswork. Just honest growth. Our Solutions: Our marketing team offers solutions designed to drive business growth, combining modern digital marketing tactics with tested traditional marketing strategies. SEO/AEO/GEO — Maximizing your brand's potential so customers find you on Google, Bing, and beyond — today and tomorrow. Paid Advertising — Structured PPC strategies that increase traffic, conversions, and revenue. Content Marketing and Blogging — Consistent, on-brand messaging across multiple channels that builds authority and turns readers into customers. Website Solutions — Building, maintaining, and promoting your online presence so your site enhances your brand and generates business. Persona Blueprints — Customized, real-time target market reports that help you reach existing and potential customers efficiently. Our Process: Every engagement starts with deep listening to uncover hidden opportunities in your business. From there, we build a personalized plan, execute with precision, test and verify results, and scale what works. We keep you informed and in control at every step. The result? You move from frustrated and overwhelmed to confident and empowered, with a true marketing partner invested in your long-term success. 📍 a2marketing.com 📩 Schedule your free Marketing Accelerator Strategy Session today.",COO at A-Squared Marketing,
Lisa,Campisi,Lisa Campisi,lcampisi@annodyne.com,VALID,COO,2 Other leadership,ANNODYNE,annodyne.com,SEO/AEO,14,"Souderton, Pennsylvania, United States","Blue Bell, Pennsylvania, United States",https://www.linkedin.com/in/lisa-campisi-7a8069a2,https://www.linkedin.com/company/annodyne-inc-,"Annodyne is a Philadelphia-based digital marketing agency focused on online lead generation, search engine optimization SEO, and website development.","COO at Annodyne, Inc.",
Britta,Plyler,Britta Plyler,britta@aroluxe.com,VALID,Chief Operating Officer,2 Other leadership,Aroluxe,aroluxe.com,SEO/AEO,18,"Brentwood, Tennessee, United States","Nashville, Tennessee, United States",https://www.linkedin.com/in/britta-plyler-33ba413b,https://www.linkedin.com/company/aroluxe,"Aroluxe is a full-service creative and marketing agency, creating measurable results. Specializing in SEO, digital ads, creative, social & web.",Partner & COO at Aroluxe,
Brian,Spaniol,Brian Spaniol,brian@atomicsocial.com,VALID,Chief Operating Officer,2 Other leadership,Atomic Social,atomicsocial.com,SEO/AEO,12,"Scottsdale, Arizona, United States","Phoenix, Arizona, United States",https://www.linkedin.com/in/brian-spaniol-02704916a,https://www.linkedin.com/company/atomicsocial,"Transform your online presence with Atomic Social, your go-to digital marketing and SEO experts. Boost your brand visibility & drive traffic!",Co-Founder at Atomic Social,
Jennifer,Kongs,Jennifer Kongs,jennifer@barkmediaco.com,VALID,Co-Founding Partner/Content Development,2 Other leadership,Bark Media Co.,barkmediaco.com,SEO/AEO,15,"Lawrence, Kansas, United States","Lawrence, Kansas, United States",https://www.linkedin.com/in/jennifer-kongs,https://www.linkedin.com/company/bark-media-co.,"Bark Media is a digital marketing company that offers SEO, SEM, social media management, event support, and content creation services.",Co-Founding Partner at Bark Media,
Lindsey,Siegele,Lindsey Siegele,lindsey@barkmediaco.com,VALID,Co-Founding Partner,2 Other leadership,Bark Media Co.,barkmediaco.com,SEO/AEO,15,"Lawrence, Kansas, United States","Lawrence, Kansas, United States",https://www.linkedin.com/in/lindseysiegele,https://www.linkedin.com/company/bark-media-co.,"Bark Media is a digital marketing company that offers SEO, SEM, social media management, event support, and content creation services.",Content Marketing Strategist | Founding Partner at Bark Media,
James,Duft,James Duft,james@barkmediaco.com,VALID,Founding Partner,2 Other leadership,Bark Media Co.,barkmediaco.com,SEO/AEO,15,"Lawrence, Kansas, United States","Lawrence, Kansas, United States",https://www.linkedin.com/in/james-duft-3802106,https://www.linkedin.com/company/bark-media-co.,"Bark Media is a digital marketing company that offers SEO, SEM, social media management, event support, and content creation services.",Founding Partner,
Jessica,Kellner,Jessica Kellner,jessica@barkmediaco.com,VALID,"Founding Partner, Marketing Strategy",2 Other leadership,Bark Media Co.,barkmediaco.com,SEO/AEO,15,"Lawrence, Kansas, United States","Lawrence, Kansas, United States",https://www.linkedin.com/in/jessica-kellner-b3804911,https://www.linkedin.com/company/bark-media-co.,"Bark Media is a digital marketing company that offers SEO, SEM, social media management, event support, and content creation services.","Impact Marketing Strategy and Execution, Founding Partner at Bark Media",
Brigitte,Freda,Brigitte Freda,brigitte@bigvoodoo.com,VALID,Chief Operations Officer,2 Other leadership,Big Voodoo Interactive,bigvoodoo.com,SEO/AEO,27,"Easthampton Town, Massachusetts, United States","Longmeadow, Massachusetts, United States",https://www.linkedin.com/in/brigitte-freda-1378b68,https://www.linkedin.com/company/big-voodoo-interactive,"Web design, content, SEO, pay-per-click, all powered by revolutionary AI. Make your web marketing work for your law firm.",COO & Founding Member of Big Voodoo Interactive,
Cesar,Toledo,Cesar Toledo,cesar@bippermedia.com,VALID,Chief Operating Officer,2 Other leadership,Bipper Media,bippermedia.com,SEO/AEO,16,"Athens-Clarke County, Georgia, United States","Athens-Clarke County, Georgia, United States",https://www.linkedin.com/in/cesar-toledo-68577712,https://www.linkedin.com/company/bipper-media,"Bipper Media is a fast growing SEO company in Athens, Georgia serving local and small businesses all over the world with world class SEO and website design.","Chief Operating Officer | Operations, Program Management & Growth Strategy",
Laura,Jackovin,Laura Jackovin,ljackovin@bluecompass.com,VALID,Chief Operating Officer,2 Other leadership,Blue Compass,bluecompass.com,SEO/AEO,24,"West Des Moines, Iowa, United States","Dallas County, Iowa, United States",https://www.linkedin.com/in/laura-jackovin-2143937,https://www.linkedin.com/company/blue-compass-interactive,"Blue Compass is a leading digital marketing agency specializing in web design, development and SEO in Des Moines, Iowa.",Chief Operating Officer,
Brad,Graham,Brad Graham,brad@bluetonemedia.com,VALID,Chief Operations Officer,2 Other leadership,BlueTone Media,bluetonemedia.com,SEO/AEO,20,"Wilmington, North Carolina, United States","Winnabow, North Carolina, United States",https://www.linkedin.com/in/brad-graham-a90b419,https://www.linkedin.com/company/bluetone-media,"BlueTone Media offers expert web design and internet marketing services in Wilmington NC. Our solutions include SEO, PPC, custom WordPress designs, and more. Let us help your business succeed online with our proven digital marketing strategies.",COO at BlueTone Media,
Destiny,Baker,Destiny Baker,dbaker@cadenceseo.com,VALID,Chief Operating Officer,2 Other leadership,Cadence SEO,cadenceseo.com,SEO/AEO,26,"Gilbert, Arizona, United States","Herriman, Utah, United States",https://www.linkedin.com/in/destiny7467,https://www.linkedin.com/company/cadence-seo,"Finding the right partner for SEO is tough, especially when you have to commit. Learn about our no contract SEO Consulting Services today!",Digital Marketing = Life,
Caitlin,Leith Fisher,Caitlin Leith Fisher,caitlin@datadrivemarketing.com,VALID,Chief Marketing Officer,2 Other leadership,Data Drive Marketing,datadrivemarketing.com,SEO/AEO,19,"Raleigh, North Carolina, United States","Raleigh, North Carolina, United States",https://www.linkedin.com/in/caitlin-leith-fisher-15a48b42,https://www.linkedin.com/company/data-drive-marketing,"Data Drive Marketing is a creative agency that offers programmatic advertising, digital marketing, social media, and SEO services.",Chief Marketing Officer at Data Drive Marketing,
Amber,Anderson,Amber Anderson,aanderson@dreamlocal.com,VALID,Chief Operating Officer,2 Other leadership,Dream Local Digital,dreamlocal.com,SEO/AEO,29,"Rockland, Maine, United States","Tenants Harbor, Maine, United States",https://www.linkedin.com/in/amber-anderson-bb58b237,https://www.linkedin.com/company/dream-local-digital,"Provider of digital marketing services intended to establish and promote businesses online. The company's services specialize in interactive media, marketing, social media, search engine optimization, reputation management as well as e-mail marketing, enabling clients to manage their day-to-day content creation with digital marketing strategies and more.",,
Kasey,Ahlquist,Kasey Ahlquist,kasey@dreamlocal.com,VALID,Chief Revenue & Strategy Officer,2 Other leadership,Dream Local Digital,dreamlocal.com,SEO/AEO,29,"Rockland, Maine, United States","Buxton, Maine, United States",https://www.linkedin.com/in/kaseyahlquist,https://www.linkedin.com/company/dream-local-digital,"Provider of digital marketing services intended to establish and promote businesses online. The company's services specialize in interactive media, marketing, social media, search engine optimization, reputation management as well as e-mail marketing, enabling clients to manage their day-to-day content creation with digital marketing strategies and more.",Chief Revenue & Strategy Officer,
Kurt,D’Amato,Kurt D’Amato,kurt@dymic.com,VALID,CMO/COO,2 Other leadership,Dymic Digital,dymic.com,SEO/AEO,18,"Rancho Santa Margarita, California, United States","Los Angeles, California, United States",https://www.linkedin.com/in/kurt-d%E2%80%99amato-201278124,https://www.linkedin.com/company/dymic-digital,"Dymic Digital is an IT firm specializing in web design, SEO, social media, photography, graphic design and mobile app development.",Reconstructionist | 2X CMO/COO | 3X CEO | 2X Founder — Marketing & Growth Strategy | Business Operations | Demand Generation | AI Strategy | Revenue Operations,
Jim,Keller,Jim Keller,jimk@easternstandard.com,VALID,"Partner, Chief Digital & Technology Officer",2 Other leadership,Eastern Standard,easternstandard.com,SEO/AEO,24,"Dover, Delaware, United States","Philadelphia, Pennsylvania, United States",https://www.linkedin.com/in/thisisjimkeller,https://www.linkedin.com/company/eastern-standard,"Top digital agency providing Web Design, Web Development, SEO, Digital Marketing, Branding, UX. Philadelphia based, operating nationally.","Founding Partner @Eastern Standard, an AI-enabled Brand & Digital Agency | AI Enthusiast | Aging Punk Dad",
Mark,Gisi,Mark Gisi,markg@easternstandard.com,VALID,"Founding Partner, Chief Brand Officer",2 Other leadership,Eastern Standard,easternstandard.com,SEO/AEO,24,"Dover, Delaware, United States","Philadelphia, Pennsylvania, United States",https://www.linkedin.com/in/mark-gisi-6854539,https://www.linkedin.com/company/eastern-standard,"Top digital agency providing Web Design, Web Development, SEO, Digital Marketing, Branding, UX. Philadelphia based, operating nationally.","Founding Partner, Chief Brand Officer at Eastern Standard | Digital-First Brand Experiences and Promotion",
Cesar,Nateras,Cesar Nateras,cesar@edenads.com,VALID,Chief Operating Officer,2 Other leadership,Eden Ads,edenads.com,SEO/AEO,21,"Clearwater, Florida, United States","Tampa, Florida, United States",https://www.linkedin.com/in/cesar-nateras-663817182,https://www.linkedin.com/company/edenads,"Clearwater digital marketing firm Eden Ads boosts your brand & profits with custom marketing: Google Ads, SEO, social media, streaming TV...",Chief Operating Officer & Partner at Eden Ads,
Max,Dupre,Max Dupre,max@edenads.com,VALID,Chief Strategy Officer,2 Other leadership,Eden Ads,edenads.com,SEO/AEO,21,"Clearwater, Florida, United States","Clearwater, Florida, United States",https://www.linkedin.com/in/max-dupre-03b4931a2,https://www.linkedin.com/company/edenads,"Clearwater digital marketing firm Eden Ads boosts your brand & profits with custom marketing: Google Ads, SEO, social media, streaming TV...",Chief Strategy Officer at Eden Ads,
Devon,Hayes,Devon Hayes,dhayes@elevmarketing.com,VALID,Principal,2 Other leadership,Elevation Marketing™,elevmarketing.com,SEO/AEO,12,"Denver, Colorado, United States","Littleton, Colorado, United States",https://www.linkedin.com/in/devonhayesdenver,https://www.linkedin.com/company/elevation-marketing-company,"Elevation Marketing is the leading digital marketing agency for contractors and home services businesses. SEO, PPC to Full Service Marketing.",Helping Contractors Win Online | SEO Strategist | Co-Founder @ Elevation Marketing™,
Adam,Sealts,Adam Sealts,adam@fteyes.com,VALID,Chief Marketing Officer,2 Other leadership,Follow The Eyes,fteyes.com,SEO/AEO,11,"Lima, Ohio, United States","Lima-Van Wert-Celina area, United States",https://www.linkedin.com/in/adam-sealts-42015a194,https://www.linkedin.com/company/follow-the-eyes,"Follow The Eyes is a marketing agency that helps in web development, streaming, search engine marketing and social media planning.",,
Kevin,Metcalf,Kevin Metcalf,kevin.metcalf@hatfieldmedia.com,VALID,COO,2 Other leadership,Hatfield Media,hatfieldmedia.com,SEO/AEO,22,"Louisville, Kentucky, United States","Louisville, Kentucky, United States",https://www.linkedin.com/in/kevintmetcalf,https://www.linkedin.com/company/hatfield-media,"Hatfield Media is a marketing agency based in Louisville Kentucky. We design and develop high performing websites, manage effective inbound marketing campaigns and produce compelling 4K video content for clients across the United States. Our agency is focused on delivering high impact results for each of our clients. From website leads lists to engaging content development, we deliver results-based marketing.  We work directly with business owners, event planners and national agencies to produce compelling marketing campaigns and create thriving lead-generating websites. From inbound marketing to live conference video production (webcasting) to search engine optimization (SEO), we want to be your partner in business growth!  Our agency is built on results. We value integrity. We want to work hard on your behalf, delivering web design and development that impacts your bottom line. If you are looking for a marketing agency to help grow your business, we would love the opportunity to learn how we might serve you in the future. We love the city of Louisville and invite you to have coffee with one of our team members!",COO at Hatfield Media,
Julie,Hedges,Julie Hedges,julie@hedgescompany.com,VALID,Principal,2 Other leadership,Hedges & Company Automotive Digital Marketing Agency,hedgescompany.com,SEO/AEO,17,"Hudson, Ohio, United States","Hudson, Ohio, United States",https://www.linkedin.com/in/julie-hedges-3b703526,https://www.linkedin.com/company/hedges-&-company,"A leading automotive digital marketing agency for auto parts and accessories: SEO, PPC, CRO, mailing lists, and more. Click here >",,
Kerianne,Leffew,Kerianne Leffew,kerianne@intuitivewebsites.com,VALID,Chief Operating Officer,2 Other leadership,Intuitive Websites,intuitivewebsites.com,SEO/AEO,22,"Colorado Springs, Colorado, United States","Denver, Colorado, United States",https://www.linkedin.com/in/kerianneleffew,https://www.linkedin.com/company/intuitive-websites,"Providing strategic digital marketing services: WordPress website design, SEO, social media, content generation & more.","COO at Intuitive Websites | Strategic Operator & Growth Catalyst | Champion of Teams, Execution, and Business Success",
Andrew,Bernhardt,Andrew Bernhardt,andrew@laseoservice.com,VALID,Chief Marketing Officer,2 Other leadership,LA SEO Service,laseoservice.com,SEO/AEO,23,"California, United States","San Diego County, California, United States",https://www.linkedin.com/in/andrewbernhardt,https://www.linkedin.com/company/la-seo-service,LA SEO is a company providing expert guidance of digital marketing initiatives professional service.,Chief Marketing Officer at LA SEO,
Ryan,Blair,Ryan Blair,ryan@madmenmarketinginc.com,VALID,Chief Operating Officer,2 Other leadership,Mad Men Marketing,madmenmarketinginc.com,SEO/AEO,19,"Jacksonville, Florida, United States","Clermont, Florida, United States",https://www.linkedin.com/in/ryanblairmmm,https://www.linkedin.com/company/madmenmarketing,"Full-service marketing, Digital advertising/SEM, SEO, streaming television & radio, social media, video production, graphic design & more",Chief Operating Officer & Orlando Agency Director at Mad Men Marketing,
Ben,Beiting,Ben Beiting,bbeiting@marketmastersmedia.com,VALID,Chief Marketing Officer,2 Other leadership,Market Masters Media Group,marketmastersmedia.com,SEO/AEO,21,"Whippany, New Jersey, United States","Hellertown, Pennsylvania, United States",https://www.linkedin.com/in/ben-beiting-75a36a14,https://www.linkedin.com/company/market-masters-media-group,"Bridging the gap between tradition and innovation, MMMG offers our clients a comprehensive suite of digital marketing services, SEO, SEM, social media & more.",CMO at Market Masters Media Group,
Sherry,Zarske,Sherry Zarske,sherry@marketingdepotinc.com,VALID,COO,2 Other leadership,Marketing Depot,marketingdepotinc.com,SEO/AEO,12,"Houston, Texas, United States","Houston, Texas, United States",https://www.linkedin.com/in/sherryzarske,https://www.linkedin.com/company/marketing-depot,Marketing Depot is a digital agency that provides search engine optimization and digital marketing services for various businesses.,,
Jonathan,Higgins,Jonathan Higgins,jonathan@visionostics.com,VALID,Chief Growth Officer,2 Other leadership,McIvor Marketing LLC,mcivormarketing.com,SEO/AEO,21,"Phoenix, Arizona, United States","Asheville, North Carolina, United States",https://www.linkedin.com/in/thejthiggins,https://www.linkedin.com/company/mcivormarketing,"Premier digital marketing agency offering SEO, PPC, social media, email marketing & more. Let's connect to talk about strategies for you.","20+ Years in Marketing & Business Development | Helping Businesses Grow Through Strategy, Creativity, and Connection",CHECK: email domain differs from company domain
"Diana La,",MBA,"Diana La, MBA",diana@mysupernova.com,VALID,Chief Operating Officer,2 Other leadership,My Supernova,mysupernova.com,SEO/AEO,18,"Newport Beach, California, United States","Irvine, California, United States",https://www.linkedin.com/in/diana-la-mba-68b60513,https://www.linkedin.com/company/my-supernova,"My Supernova is a company that focuses on developing custom, search engine friendly marketing web pages tailored.",Chief Operating Officer,
Robert,Martin,Robert Martin,rmartin@newmediaretailer.com,VALID,Chief Operating Officer,2 Other leadership,New Media Retailer,newmediaretailer.com,SEO/AEO,22,"Norwich, New York, United States","Chenango County, New York, United States",https://www.linkedin.com/in/robert-martin-58457140,https://www.linkedin.com/company/new-media-retailer,"New Media Retailer offers web development, e-commerce, SEO, and marketing services.",Chief Operating Officer at New Media Retailer,
Olivia,Smith,Olivia Smith,olivia@nowmarketinggroup.com,VALID,Chief Marketing Officer,2 Other leadership,NOW Marketing Group,nowmarketinggroup.com,SEO/AEO,23,"Lima, Ohio, United States","Lima, Ohio, United States",https://www.linkedin.com/in/olivia-c-smith,https://www.linkedin.com/company/nowmarketing,"partners in digital. We are fueled by relationships. Driven by results. and a catalyst for creativity.  We are a Relationship Marketing Agency that is dedicated to the success of genuine brands through a partnership that focuses on a relationship first mindset. We help brands develop marketing that works like a magnet vs a bullhorn to build sustainable, long-term growth.  We work as an extension of your team to offer you your own full-time marketing department. Our in-house team is creative, inspired and dedicated to serving our clients all across the US and beyond through offering: - Marketing Strategies and Story-telling - Web Design and Development  - Inbound Marketing Set-Up and Management - Social Media Marketing - Video Production - SEO - Advertising Strategy and Management  - Stand-Out Graphic Design - Client Loyalty Management   Together we generate the ideas that get people talking and the results that keep your business growing.  We are fueled by relationships. Driven by results. And a catalyst for creativity  Together, we are NOW Marketing Group. Your partners in digital.  https://nowmarketinggroup.com/about-us/",,
Amber,Jensen,Amber Jensen,amber@hometown-industries.com,VALID,Chief Operating Officer,2 Other leadership,Online Seller Consulting,onlinesellerconsulting.com,SEO/AEO,23,"Lincoln, Nebraska, United States","Lincoln, Nebraska, United States",https://www.linkedin.com/in/amberrouse,https://www.linkedin.com/company/online-seller-consulting,"Hometown Industries is a marketing firm that provides account management, PPC advertising, SEO copywriting, and market research services.","People Operations and Customer Success Leader | Onboarding, Recruiting, and Remote Team Management",CHECK: email domain differs from company domain
Bob,Newman,Bob Newman,bob@paradigmdigital.com,VALID,Chief Marketing Officer,2 Other leadership,Paradigm Digital Group®,paradigmdigital.com,SEO/AEO,12,"Indianapolis, Indiana, United States","Fishers, Indiana, United States",https://www.linkedin.com/in/bob-newman-6428b96,https://www.linkedin.com/company/paradigmdigitalgroup,"Paradigm Digital Group provides lead generation, web development, SEO, social media management, call center, and consulting services.",Paradigm Digital Group,
Sam,Nielsen,Sam Nielsen,sam@2ton.com,VALID,Chief Operating Officer,2 Other leadership,2TON,2ton.com,Other marketing agency,26,"Delray Beach, Florida, United States","West Palm Beach, Florida, United States",https://www.linkedin.com/in/sam-nielsen-04593a82,https://www.linkedin.com/company/2tonagency,"2TON: Unleash Your Brand's Creative Power - We offer expert services in social media, web design, digital marketing, branding for businesses across diverse industries.",Chief Operating Officer at 2TON | A Creative Agency,
reid,miller,reid miller,reid@3madfish.com,VALID,"Chief Creative Officer, Partner",2 Other leadership,3 Mad Fish,3madfish.com,Other marketing agency,12,"New York, United States","New York, New York, United States",https://www.linkedin.com/in/reid-miller-creative,https://www.linkedin.com/company/3-mad-fish,"3 Mad Fish solves the most difficult marketing problems by creating a more meaningful connection with your consumers. Built on human-centered design, 3 Mad Fish is a full-service agency that thinks like an innovation company. We make consumers an inherent part of the process by using rapid prototyping to continually experiment, learn and iterate. With real-time feedback on their needs and desires, we get to work that instinctively drives consumers toward your brand.","Chief Creative Officer, Partner at 3 Mad Fish",
Adam,Levy,Adam Levy,adam@30point.com,VALID,Principal,2 Other leadership,30 Point,30point.com,Other marketing agency,12,"Atlanta, Georgia, United States","Atlanta, Georgia, United States",https://www.linkedin.com/in/adam-levy-b423369,https://www.linkedin.com/company/30-point-strategies,"30 Point is a full-service content agency based in Atlanta, New York, and Washington, D.C. We first listen-and then do the critical thinking required to deliver your message effectively.",Partner at 30 Point,
April,Wright,April Wright,awright@524creative.com,VALID,Principal,2 Other leadership,524 Creative,524creative.com,Other marketing agency,10,"Marietta, Georgia, United States","Marietta, Georgia, United States",https://www.linkedin.com/in/aprilcainwright,https://www.linkedin.com/company/524-creative,"524 Creative is an advertising agency that deals with strategy, web design, consulting, content, social media and marketing services.",Communications I Marketing I Strategy I Social I Branding I Advertising,
Arlaina,Utley,Arlaina Utley,arlaina_utley@afassanoco.com,VALID,Chief Operating Officer,2 Other leadership,A. Fassano & Company,afassanoco.com,Other marketing agency,27,"Turnersville, New Jersey, United States","Denver, Colorado, United States",https://www.linkedin.com/in/arlainautley,https://www.linkedin.com/company/a.-fassano-&-company,"A. Fassano is a full-service marketing firm that specializes in developing strategic business plans, sponsorship programs, and sourcing.",Chief Operating Officer at A. Fassano & Company,
Erin,LaBere,Erin LaBere,erin@adsintelligence.marketing,VALID,Chief Operating Officer,2 Other leadership,AdsIntelligence Marketing,adsintelligence.marketing,Other marketing agency,20,"Annapolis, Maryland, United States","Phoenix, Arizona, United States",https://www.linkedin.com/in/erinlabere,https://www.linkedin.com/company/adsintelligence,"AdsIntelligence Marketing, an integrated advertising agency, provides a fresh perspective to marketing strategy & effective marketing plans.",Chief Operating Officer,
Danielle,Netzel,Danielle Netzel,danielle@advineagency.com,VALID,Chief Operating Officer,2 Other leadership,ADvine,advineagency.com,Other marketing agency,20,"Fresno, California, United States","Fresno, California, United States",https://www.linkedin.com/in/daniellenetzel,https://www.linkedin.com/company/advineagency,"Full-service marketing & advertising agency in Fresno, CA & Vero Beach, FL. We help businesses tell their story through modern marketing",Driving Business Growth for Brands | Chief Operating Officer,
Todd,Waters,Todd Waters,todd@ahmbrands.com,VALID,Chief Operating Officer,2 Other leadership,AHM Brands,ahmbrands.com,Other marketing agency,26,"Eugene, Oregon, United States","Eugene, Oregon, United States",https://www.linkedin.com/in/todd-waters,https://www.linkedin.com/company/ahmbrands,"AHM Brands: Experts in Brand Strategy, Digital Marketing, Video & Photography, Web Design, and more. Elevate & transform your brand today!",Partner | Chief Operating Officer @ AHM Brands,
Jenna,Satariano,Jenna Satariano,jenna@ajendapr.com,VALID,Chief Strategy Officer,2 Other leadership,Ajenda Public Relations,ajendapr.com,Other marketing agency,10,"Orange, California, United States","Long Beach, California, United States",https://www.linkedin.com/in/jenna-satariano-17538332,https://www.linkedin.com/company/ajenda-public-relations,"Public Relations, marketing, photography, event planning and social media  for restaurants, franchises, and hotels. We are proud to work with talented  restaurateurs, chefs, hoteliers, franchisors and bartenders who've graced  many ""Best Of"" lists.",Chief Strategy Officer at Ajenda Public Relations,
James,Whetton,James Whetton,jwhetton@allboatsrise.com,VALID,Executive Director,2 Other leadership,all boats rise,allboatsrise.com,Other marketing agency,14,"Los Angeles, California, United States","Los Angeles County, California, United States",https://www.linkedin.com/in/james-whetton-a4833924,https://www.linkedin.com/company/all-boats-rise,"All Boats Rise is a digital agency that provides digital marketing, advertising and brand strategy.",,
Jeff,Church,Jeff Church,jeff@atrbute.com,VALID,Partner / Executive Producer,2 Other leadership,ATRBUTE,atrbute.com,Other marketing agency,24,"New York, New York, United States","New York, New York, United States",https://www.linkedin.com/in/jeff-church-38678b13,https://www.linkedin.com/company/atrbute,"ATRBUTE operates as a global talent agency, offering a range of services that include ATRBUTE Studios and UNSNCTND. The company specializes in connecting local artists with opportunities for live events, as well as providing a platform for various forms of art and illustration. ATRBUTE's portfolio includes work in photography, CGI, digital art, AI, murals, and animation. The company also engages in NFT projects and has a significant social media presence.",Partner at ATRBUTE,
ELLA,ȚSURKANU,ELLA ȚSURKANU,ella@audacityhealth.com,VALID,Chief Creative Officer + Partner,2 Other leadership,Audacity Health,audacityhealth.com,Other marketing agency,28,"Anaheim, California, United States","San Diego, California, United States",https://www.linkedin.com/in/ellatsurkanu,https://www.linkedin.com/company/audacity-marketing-advertising-for-health-and-science-brands,"Award-winning brand strategy and activation for health, science and technology. Audacity Health is a full service agency partner for custom design, web design and development, advertising and marketing campaigns.",life science + tech designer,
Suzanne,Norr,Suzanne Norr,suzanne@avatarlabs.com,VALID,Chief Operating Officer,2 Other leadership,AvatarLabs,avatarlabs.com,Other marketing agency,24,"Los Angeles, California, United States","Los Angeles, California, United States",https://www.linkedin.com/in/suzannenorr,https://www.linkedin.com/company/avatarlabs,"AvatarLabs is an award-winning full service digital agency that leads in innovation, design and technology for Fortune 500 brands & entertainment companies.","Chief Operating Officer | Digital Agency & Studio Operations | Building Teams, Systems, and Structure",
Carissa,Coborn,Carissa Coborn,carissa@badcatdigital.com,VALID,Chief Operations Officer,2 Other leadership,BadCat Digital,badcatdigital.com,Other marketing agency,16,"St. Cloud, Minnesota, United States","St. Cloud, Minnesota, United States",https://www.linkedin.com/in/carissa-coborn-876286b4,https://www.linkedin.com/company/badcat-digital,"We Are a Full Service Digital Marketing Agency Located in St. Cloud, MN. Our Team of Experts Are Here to Help You Reach Your Marketing Goals!",Chief Operations Officer at BadCat Digital,
Michelle,Williams,Michelle Williams,michelle@beaconmm.com,VALID,Chief Operating Officer,2 Other leadership,Beacon Media + Marketing,beaconmm.com,Other marketing agency,29,"Anchorage, Alaska, United States","Hillsborough, North Carolina, United States",https://www.linkedin.com/in/michellemarrara,https://www.linkedin.com/company/beacon-media-marketing,Beacon Media + Marketing: Healthcare digital marketing designed to grow and scale your business. Get strategic solutions and make an impact.,COO at Beacon Media + Marketing,
Christopher,Jones,Christopher Jones,christopher.jones@bluemagnetinteractive.com,VALID,Principal,2 Other leadership,Blue Magnet Interactive,bluemagnetinteractive.com,Other marketing agency,12,"Chicago, Illinois, United States","Chicago, Illinois, United States",https://www.linkedin.com/in/christophertoddjones,https://www.linkedin.com/company/blue-magnet-interactive,A digital marketing agency focused on the hospitality industry.,"Managing Partner at Blue Magnet Interactive Marketing & Media, LLC",
Kenny,Dodge,Kenny Dodge,kenny.dodge@findyourbluezone.com,VALID,Chief Operating Officer,2 Other leadership,Blue Zone Marketing,findyourbluezone.com,Other marketing agency,29,"Coeur d'Alene, Idaho, United States","Coeur d'Alene, Idaho, United States",https://www.linkedin.com/in/kenny-dodge-4883b5109,https://www.linkedin.com/company/findyourbluezone,"Blue Zone Marketing is a digital marketing agency that offers website, social media, and reputation management services.",COO at Blue Zone Marketing,
Virginia,Miller,Virginia Miller,vmiller@bmfcomms.com,VALID,Founding Partner,2 Other leadership,BMF ,bmfcomms.com,Other marketing agency,27,United States,"New Orleans, Louisiana, United States",https://www.linkedin.com/in/virginia-miller-60ab6b6,https://www.linkedin.com/company/beuerman-miller-fitzgerald,"Explore BMF Communications, a global leader in public relations and digital marketing. Our expert team crafts compelling brand stories and delivers strategic solutions to elevate your brand's impact and engage your audience.",Founding Partner @ Beuerman Miller Fitzgerald,
Emily N,Taylor,Emily N Taylor,emily@boilingpointmedia.com,VALID,Chief Operations Officer,2 Other leadership,Boiling Point Media,boilingpointmedia.com,Other marketing agency,25,"Oklahoma City, Oklahoma, United States","Oklahoma City, Oklahoma, United States",https://www.linkedin.com/in/emilyntaylor,https://www.linkedin.com/company/boiling-point-media,"Boiling Point Media is the premier Ad Agency in OKC and Movie Studio. See how we can help you with film, digital marketing, branding, animation, & more!","COO & Operations Executive | Digital Transformation | Enterprise Technology | Organizational Growth | Automotive, Healthcare & Government Contracting | CRM & Technology Leadership",
Isaac,Bartholomew,Isaac Bartholomew,isaacb@bonfireeffect.com,VALID,Chief Operating Officer,2 Other leadership,Bonfire Effect,bonfireeffect.com,Other marketing agency,28,"Fort Collins, Colorado, United States","Fort Collins, Colorado, United States",https://www.linkedin.com/in/isaac-bartholomew,https://www.linkedin.com/company/bonfireeffect,A different kind of marketing agency. One that helps you cut through the complexity of modern marketing to find most effective path to prosperity.,"COO & EOS Integrator 
Turning strategy into aligned execution across brand, creative & professional services",
Ashley,Flitter,Ashley Flitter,aflitter@br8kthru.com,VALID,Chief Operating Officer,2 Other leadership,Br8kthru Consulting,br8kthru.com,Other marketing agency,20,"Minneapolis, Minnesota, United States","Minneapolis, Minnesota, United States",https://www.linkedin.com/in/ashley-flitter,https://www.linkedin.com/company/br8kthru-digital,"A nimble digital marketing agency in Minneapolis with full stack software development capabilities, Br8kthru solves complex user journeys for growth.",Operations Executive | Building High-Performance Teams | Innovation & Strategy Executive,
Roger,Ellenburg,Roger Ellenburg,roger@brandneue.co,VALID,Founding Partner,2 Other leadership,Brand Neue,brandneue.co,Other marketing agency,14,"Birmingham, Alabama, United States","Birmingham, Alabama, United States",https://www.linkedin.com/in/roger-ellenburg-4939a95,https://www.linkedin.com/company/brand-neue-co,"Learn more about the incredible graphic design, website and video work our digital marketing agency creates for clients.",Brand Neue Company,
Jimmy,Lemon,Jimmy Lemon,jimmy@bullseyetotalmedia.com,VALID,Chief Operations Officer,2 Other leadership,Bullseye Total Media,bullseyetotalmedia.com,Other marketing agency,15,"Huntington, West Virginia, United States","Huntington Beach, California, United States",https://www.linkedin.com/in/jimmylemon,https://www.linkedin.com/company/bullseye-total-media,"Bullseye Total Media provides social media, video production, web design, ping pong, and digital advertising services. They provide print design to radio and TV, they can help clients with any traditional advertising client need.  They provide customized solutions to the company's needs. The customer contact through email, phone number, and application form.",Chief Operations Officer // Bullseye Total Media,
Glen,Sorenson,Glen Sorenson,glen@caselegalmedia.com,VALID,Chief Revenue Officer (CRO),2 Other leadership,CASE Legal Media,caselegalmedia.com,Other marketing agency,17,"San Diego, California, United States","Minneapolis, Minnesota, United States",https://www.linkedin.com/in/glensorenson,https://www.linkedin.com/company/case-legal-media,"CASE Legal Media® is a 100% legal focused agency with extensive experience in TV & digital marketing media, a dedicated legal call center, and internal creative production that allows us to deliver impactful campaigns and results that exceed client expectations.",Chief Revenue Officer at CASE Legal Media,
Paul,Peterson,Paul Peterson,paul.peterson@casualastronaut.com,VALID,Chief Client Officer,2 Other leadership,Casual Astronaut,casualastronaut.com,Other marketing agency,29,"Phoenix, Arizona, United States","Phoenix, Arizona, United States",https://www.linkedin.com/in/pauljpeterson,https://www.linkedin.com/company/casual-astronaut,A content marketing agency that understands your design and optimization needs is a must. Contact us to see how we can help develop your site.,Chief Client Officer @ Casual Astronaut | Co-founder,
Mark,Skoultchi,Mark Skoultchi,mark@catchwordbranding.com,VALID,Principal,2 Other leadership,Catchword Branding,catchwordbranding.com,Other marketing agency,13,"Oakland, California, United States","New York, New York, United States",https://www.linkedin.com/in/markskoultchi,https://www.linkedin.com/company/catchword-branding,"Catchword is an advertising and marketing agency that provides product and company naming, linguistic, and legal screening services.",Partner at Catchword Branding,
Don,Pursell,Don Pursell,dpursell@cimmp.com,VALID,Principal,2 Other leadership,CIM Marketing Partners,cimmp.com,Other marketing agency,17,"Las Vegas, Nevada, United States","Las Vegas, Nevada, United States",https://www.linkedin.com/in/donpursell,https://www.linkedin.com/company/cim-marketing-partners,"CIM Marketing Partners is your results-driven, full service and digital marketing partner that will provide you with a strategy to allow your company to thrive.",Strategic Marketing Leader for Professional Services | Principal at CIM Marketing Partners | 20+ Year Client Relationships | Driving Growth Through Integrated Strategy,
Brooke,Snelling,Brooke Snelling,bsnelling@cimmp.com,VALID,Chief Strategy Officer,2 Other leadership,CIM Marketing Partners,cimmp.com,Other marketing agency,17,"Las Vegas, Nevada, United States","Las Vegas, Nevada, United States",https://www.linkedin.com/in/brooke-snelling,https://www.linkedin.com/company/cim-marketing-partners,"CIM Marketing Partners is your results-driven, full service and digital marketing partner that will provide you with a strategy to allow your company to thrive.",Chief Strategy Officer | Helping Businesses Transform Vision into Results,
Michelle,Davis,Michelle Davis,michelle@circlesstudio.com,VALID,partner / chief creative officer,2 Other leadership,circle S studio,circlesstudio.com,Other marketing agency,16,"Richmond, Virginia, United States","Richmond, Virginia, United States",https://www.linkedin.com/in/michelle-davis-707021b,https://www.linkedin.com/company/circle-s-studio,"Circle S studio is a consulting, branding, and digital agency serving the A/E/C, banking and financial, and professional service sectors.","partner / chief creative officer, circle S studio",
Ali (Schuller),Lego,Ali (Schuller) Lego,ali@cohnmarketing.com,VALID,Chief Operating Officer,2 Other leadership,COHN Marketing,cohnmarketing.com,Other marketing agency,20,"Denver, Colorado, United States","Denver, Colorado, United States",https://www.linkedin.com/in/ali-schuller-lego-1715364,https://www.linkedin.com/company/cohnmarketing,"COHN Marketing, headquartered in Denver, is a leading full-service marketing & advertising agency. Exceptional results and personalized strategies to grow your business.",Chief Operating Officer optimizing agency operations for maximum value,
Kendra,Bassi,Kendra Bassi,kendra@commonplaces.com,VALID,Chief Operating Officer,2 Other leadership,CommonPlaces,commonplaces.com,Other marketing agency,11,"Seabrook, New Hampshire, United States","Boston, Massachusetts, United States",https://www.linkedin.com/in/kendrabassi,https://www.linkedin.com/company/commonplaces-inc,"Owner and operator of a digital marketing agency intended to provide web development, business strategy and digital marketing services. The company's services monitors and masters new trends, appropriate practices and technologies long before other agencies and offer a broad host of web services, from design and development tools, social media marketing services to full digital marketing strategies and systems, enabling customers to get a customized system to increase their return on investment.",COO @ CommonPlaces I We help organizations increase their community reach and engagement through custom websites and portals,
Jordan,Atchison,Jordan Atchison,jordan@corkboardconcepts.com,VALID,Chief Marketing Officer,2 Other leadership,Corkboard Concepts,corkboardconcepts.com,Other marketing agency,27,"Pittsburgh, Pennsylvania, United States","Pittsburgh, Pennsylvania, United States",https://www.linkedin.com/in/jordan-atchison,https://www.linkedin.com/company/corkboard-concepts,Are you looking for a data driven marketing agency? Corkboard Concepts delivers marketing results using A.I.-powered advertising campaigns!,Chief Marketing Officer leading strategic marketing efforts at Corkboard Concepts,
Minako,Martin,Minako Martin,minako@curiousfactory.com,VALID,Chief Marketing Officer,2 Other leadership,CuriousFactory,curiousfactory.com,Other marketing agency,10,"Reston, Virginia, United States","Washington, United States",https://www.linkedin.com/in/minakomartin,https://www.linkedin.com/company/curiousfactory,"CuriousFactory provides B2B and B2C services for digital marketing, media, and entertainment sectors.",CuriousFactory - Chief Marketing Officer,
Ellen,Silva,Ellen Silva,ellen@databidmachine.com,VALID,Chief Operations Officer,2 Other leadership,Data Bid Machine,databidmachine.com,Other marketing agency,12,"Atlanta, Georgia, United States","Chicago, Illinois, United States",https://www.linkedin.com/in/ellen-silva-mba,https://www.linkedin.com/company/data-bid-machine,"We Will Maximize Your PPC Campaigns in Google Ads. Our Process is to Eliminate Wasted Spend, Scale What’s Performing and Deliver ROI for Your Business",Helping Marketers Optimize & Strategize Their Paid Search & Paid Social Programs,
Kevin,Diemont,Kevin Diemont,kevin@deepfried.com,VALID,Chief Operating Officer,2 Other leadership,Deep Fried Advertising,deepfried.com,Other marketing agency,14,"New Orleans, Louisiana, United States","New Orleans, Louisiana, United States",https://www.linkedin.com/in/kevin-diemont-51b0b26,https://www.linkedin.com/company/deep-fried-advertising-llc,"Deep Fried is a full-service creative agency based in New Orleans specializing in advertising, branding, social media, and custom websites.",Chief Operating Officer at Deep Fried Advertising,
Brittney,Snow,Brittney Snow,brittney@designsteins.com,VALID,Chief Operations Officer & Partner,2 Other leadership,Designsteins,designsteins.com,Other marketing agency,13,"Rogers, Arkansas, United States","Bentonville, Arkansas, United States",https://www.linkedin.com/in/brittney-snow-49168299,https://www.linkedin.com/company/designsteins,Designsteins is a Full Service Brand Agency.,Chief Operations Officer & Partner,
Garrett,Kafchinski,Garrett Kafchinski,garrett@dgnl.co,VALID,"Partner, COO, and Executive Producer",2 Other leadership,Diagonal Media // DGNL,dgnl.co,Other marketing agency,26,"New York, United States","New York, New York, United States",https://www.linkedin.com/in/garrettkafchinski,https://www.linkedin.com/company/dgnlmedia,"Diagonal Media is a creative agency specializing in premium video production. Based in NYC with global capabilities, we are focused on delivering results.","Partner & COO, Diagonal Media | Simply put, WE MAKE CONTENT HAPPEN",
Danielle,Dror,Danielle Dror,danielle@digicom.io,VALID,COO,2 Other leadership,DigiCom ,digicom.io,Other marketing agency,19,"New York, New York, United States","New York, New York, United States",https://www.linkedin.com/in/danielle-dror-669297102,https://www.linkedin.com/company/digicom-digital-commerce-corporation,"DigiCom.io creates long-term growth for consumer brands through a customized holistic approach combining media buying across paid search, paid social, native advertising, video & display while developing creatives, audiences & landing pages.",Co-Founder & COO at DigiCom,
Chris,Novak,Chris Novak,chris@edencollective.co,VALID,Chief Operating Officer,2 Other leadership,Eden Collective,edencollective.co,Other marketing agency,21,"New York, New York, United States","Charlottesville, Virginia, United States",https://www.linkedin.com/in/chrisnovak-eden,https://www.linkedin.com/company/eden-collective,"Eden Collective is an advertising agency that offers online marketing, digital media strategy, website design, and branding services.",Chief Operating Officer at Eden Collective,
Mackenzie,Slivka,Mackenzie Slivka,mackenzie@eleanorbrands.com,VALID,Chief Operating Officer,2 Other leadership,Eleanor Creative,eleanorbrands.com,Other marketing agency,21,"Lincoln, Nebraska, United States","Lincoln, Nebraska, United States",https://www.linkedin.com/in/mackenzie-slivka-640672178,https://www.linkedin.com/company/eleanor-creative,"Our award winning branding and marketing agency, Eleanor Creative, is rooted in the Midwest and located in Lincoln, Nebraska.",Chief Operating Officer at Eleanor Creative,
Ivan D.,Lopez,Ivan D. Lopez,ivan@elementol2.com,VALID,principal and chief strategy officer,2 Other leadership,elemento L2,elementol2.com,Other marketing agency,14,"Chicago, Illinois, United States","Chicago, Illinois, United States",https://www.linkedin.com/in/ivan-d-lopez-98a8693,https://www.linkedin.com/company/elemento-l2,Element L2 is a marketing agency that focuses on increasing consumer engagement.,Operator. Investor. Ecosystem builder.,
Abby,Conger,Abby Conger,abby@emergence-creative.com,VALID,Chief Operating Officer,2 Other leadership,Emergence Creative,emergence-creative.com,Other marketing agency,12,"New York, New York, United States","Denver, Colorado, United States",https://www.linkedin.com/in/abby-conger-55485634,https://www.linkedin.com/company/emergence-creative,Emergence is a global creative agency dedicated to social impact.,Chief Operating Officer,
Molly,Willette-Green,Molly Willette-Green,molly@engeniusweb.com,VALID,Chief Operating Officer,2 Other leadership,Engenius,engeniusweb.com,Other marketing agency,12,"Greenville, South Carolina, United States","Greenville, South Carolina, United States",https://www.linkedin.com/in/molly-willette-green-b97aba55,https://www.linkedin.com/company/engenius-web-design,"Engenius is a specialty web design and marketing agency in Greenville, SC. Find out how we can grow your business.",Operations Focused | Creating and Implementing Systems to Support System-Wide Strategy,
Heather,Farber,Heather Farber,heather@epicresearch.net,VALID,Chief Marketing Officer,2 Other leadership,Epic Research,epicresearch.net,Other marketing agency,25,"Wilmington, Delaware, United States","Philadelphia, Pennsylvania, United States",https://www.linkedin.com/in/farberh,https://www.linkedin.com/company/epic-research-llc,"Provider of marketing and customer acquisition services based in Wilmington, Delaware. The company offers content marketing, direct mailing, digital marketing, funnel optimization, model development, and product advisory services, helping organizations implement easy fixes that make a big difference in converting leads into customers.",Chief Marketing Officer at Epic Research,
Sharat,Visweswara,Sharat Visweswara,sharat@evocalize.com,VALID,Founding/Principal Engineer,2 Other leadership,Evocalize,evocalize.com,Other marketing agency,20,"Seattle, Washington, United States","Seattle, Washington, United States",https://www.linkedin.com/in/sharatvisweswara,https://www.linkedin.com/company/evocalize,"Your local digital marketing made push-button easy. Launch proven campaigns across Google, Facebook, Instagram, and more.",Principal Engineer @ Evocalize · Built the platform. Then rebuilt it for AI.,
Lauren,Bradley,Lauren Bradley,lauren@exp-studio.com,VALID,"Principal, Chief Strategist",2 Other leadership,Experience Studio,exp-studio.com,Other marketing agency,13,"Phoenix, Arizona, United States","New York, New York, United States",https://www.linkedin.com/in/lcharpio,https://www.linkedin.com/company/experience-studio,"Experience Studio operates as a multifaceted entity combining an advertising agency, a learning center, and a production studio. It focuses on connecting communities with meaningful places through strategic marketing and innovative design. The company offers a range of services including logo design, color palette creation, typography direction, and strategic marketing planning. Additionally, Experience Studio serves as an innovation incubator, providing rentable multimedia production studios. It aims to build a collaborative community where creativity and strategic thinking converge to produce impactful advertising solutions.","Principal, Chief Strategist at Experience Studio",
Jay,Brimberry,Jay Brimberry,jayb@eystudios.com,VALID,Chief Operating Officer,2 Other leadership,EYStudios,eystudios.com,Other marketing agency,21,"Kennesaw, Georgia, United States","Kennesaw, Georgia, United States",https://www.linkedin.com/in/jay-brimberry-8405978,https://www.linkedin.com/company/eystudios,"EYStudios is an Atlanta-based eCommerce agency specializing in BigCommerce and Adobe Commerce development, web design, and digital marketing.",Chief Operating Officer at EYStudios,
Joel,Herrera,Joel Herrera,joel@fairmarketing.com,VALID,Chief Operating Officer,2 Other leadership,FairMarketing.com,fairmarketing.com,Other marketing agency,20,"Spring, Texas, United States","Bella Vista, Arkansas, United States",https://www.linkedin.com/in/joel-herrera-marketing-professional,https://www.linkedin.com/company/fairmarketing-com,"Fair Marketing is a full-service digital marketing agency offering comprehensive web marketing solutions to businesses of all sizes. Enhance your leads, sales, and revenue with our award-winning services. Request your free proposal today!",COO at Fair Marketing | Digital Marketing Expert | Driving Business Growth,
Steve,Smallman,Steve Smallman,steve.smallman@fifteen4.com,VALID,Founding Partner & Chief Strategist,2 Other leadership,Fifteen4 Creative,fifteen4.com,Other marketing agency,17,"Maryland, United States","Chattanooga, Tennessee, United States",https://www.linkedin.com/in/stevesmallmanjr,https://www.linkedin.com/company/fifteen4,"Creative Agency / Branding Agency for Tech Companies and Tech Brands | Creative Branding Strategy for Tech| Fifteen4 Baltimore, DC, VA","Founding Partner & Chief Strategist, B2B and Tech Brand Strategist, Good Hang",
June,Hayes,June Hayes,jhayes@forgeapollo.com,VALID,Chief Operating Officer,2 Other leadership,Forge Apollo,forgeapollo.com,Other marketing agency,23,"Newtown Square, Pennsylvania, United States","Philadelphia, Pennsylvania, United States",https://www.linkedin.com/in/june-hayes-8281a568,https://www.linkedin.com/company/forge-apollo,"We are a premier video & digital marketing agency with a creative process that helps clients increase traffic, generate revenue, & engage millions worldwide.","COO @ Forge Apollo | Video Production, Digital Marketing and Project Management Experience | Start-Up Expert",
Brittany,Jones,Brittany Jones,brittany@fourandhalf.com,VALID,Chief Operations Officer,2 Other leadership,Fourandhalf Marketing for Property Managers,fourandhalf.com,Other marketing agency,24,"San Ramon, California, United States","Portland, Oregon, United States",https://www.linkedin.com/in/brittany-jones-a6aa8885,https://www.linkedin.com/company/fourandhalf-property-management-marketing-agency,Looking for a property management marketing company? Fourandhalf does digital marketing & has been helping property managers grow their businesses since 2012.,COO at Fourandhalf | Marketing & Operations Expert | Strategic Leader & Problem Solver,
Ashley,Alexander,Ashley Alexander,ashley@girlillamarketing.com,VALID,Chief Marketing Officer,2 Other leadership,Girlilla Marketing®,girlillamarketing.com,Other marketing agency,17,"Nashville, Tennessee, United States","Nashville, Tennessee, United States",https://www.linkedin.com/in/ashleymixsonalexander,https://www.linkedin.com/company/girlilla-marketing,"Provider of marketing services catering to brands and businesses. The company offers services related to digital marketing including fan-to-fan online marketing, social community building, integrated editorial promotion and mobile marketing for entertainment industry clients.",Chief Marketing Officer at Girlilla Marketing,
Tom,Gooden,Tom Gooden,tom@good.dog,VALID,Principal,2 Other leadership,Good Dog Design,good.dog,Other marketing agency,12,"Mill Valley, California, United States","Mill Valley, California, United States",https://www.linkedin.com/in/tomgooden,https://www.linkedin.com/company/good-dog-design,Good Dog is a global Digital Agency that has been developing first-class products for clients of all sizes since 1993. Offices in Bay Area & Adelaide.,"Principal and Creative Director, Good Dog Design",
John,O'Reilly,John O'Reilly,john@greenhousedigitalpr.com,VALID,Principal,2 Other leadership,GreenHouse Digital + PR,greenhousedigitalpr.com,Other marketing agency,13,"Orland Park, Illinois, United States","Cook County, Illinois, United States",https://www.linkedin.com/in/jeore,https://www.linkedin.com/company/greenhouse-digital-pr,"GreenHouse Digital + PR offers public relations, content marketing, digital advertising, and social media services. media relations, content marketing, digital marketing, lead nurturing, web services, and event and live streaming services. Their public relations services include media relations, content marketing, media tours, trade shows, and digital product launches.","Storyteller, information provider, relationship builder",
Mary,Walsh,Mary Walsh,mary@greenleafmedia.com,VALID,Principal,2 Other leadership,Greenleaf Media,greenleafmedia.com,Other marketing agency,14,"Madison, Wisconsin, United States","Madison, Wisconsin, United States",https://www.linkedin.com/in/mary-walsh-greenleafmedia,https://www.linkedin.com/company/greenleaf-media,Web Design Madison Digital Marketing Agency. Greenleaf Media - Digital Agency for Website Design. Website Design Madison transforming digital experiences.,"Principal & Founder, Greenleaf Media: Helping organizations rise above the digital noise to connect with their audiences. Web design & development | branding | full-service digital marketing",
Andrew,Ventling,Andrew Ventling,andrew.ventling@gogreydog.com,VALID,Chief Operating Officer,2 Other leadership,Grey Dog Media,gogreydog.com,Other marketing agency,19,"West Des Moines, Iowa, United States","West Des Moines, Iowa, United States",https://www.linkedin.com/in/andrew-ventling,https://www.linkedin.com/company/grey-dog-media-usa,"Full-service content production for food, home, lifestyle, and retail. We do strategic storytelling, visuals, video, and more — so you own it all and scale with confidence.",Chief Operating Officer,
Brian,Scharp,Brian Scharp,brian@greymattergroup.com,VALID,Chief Strategy Officer (CSO) + Partner,2 Other leadership,Grey Matter Group,greymattergroup.com,Other marketing agency,19,"Grand Rapids, Michigan, United States","Grand Rapids, Michigan, United States",https://www.linkedin.com/in/brianscharp,https://www.linkedin.com/company/grey-matter-group,"Grey Matter Group is an award-winning, full-service marketing agency located in Grand Rapids, MI, building brand love for our clients since 1991.",Chief Strategy Officer / Marketer / Professor,
Randy,Wink,Randy Wink,randy@griffinwink.com,VALID,COO/Partner,2 Other leadership,GriffinWink Advertising,griffinwink.com,Other marketing agency,18,"Lubbock, Texas, United States","Lubbock, Texas, United States",https://www.linkedin.com/in/randy-wink-50677265,https://www.linkedin.com/company/griffin-wink-advertising,"GriffinWink Advertising. Proudly providing small businesses across West Texas, New Mexico & Denver with traditional & digital marketing services for 40+ years.",COO/Partner at Griffin Wink Advertising,
Brenton,Rose,Brenton Rose,brenton@hootinteractive.com,VALID,Chief Operating Officer,2 Other leadership,Hoot Interactive,hootinteractive.com,Other marketing agency,23,"Austin, Texas, United States","Cape Coral, Florida, United States",https://www.linkedin.com/in/brentonrose,https://www.linkedin.com/company/hoot-interactive,"Discover Hoot Interactive's expert digital marketing solutions. Boost your online presence, engage your audience, and drive business growth today.",Chief Operating Officer at Hoot Interactive | CSPO | A-CSPO | CSM,
Danielle,Millican,Danielle Millican,danielle.millican@i2vision.com,VALID,Chief Business Officer,2 Other leadership,"i2Vision, Inc.",i2vision.com,Other marketing agency,24,"San Diego, California, United States","San Diego, California, United States",https://www.linkedin.com/in/daniellenmillican,https://www.linkedin.com/company/i2vision-inc,i2Vision – A Full-Service Communications Agency for Healthcare & Life Sciences,Chief Business Officer | Agency Leader | Veteran,
Randy,Hall,Randy Hall,randy@ideahall.com,VALID,Principal,2 Other leadership,Idea Hall,ideahall.com,Other marketing agency,20,"Costa Mesa, California, United States","Orange County, California, United States",https://www.linkedin.com/in/randy-hall-61515128,https://www.linkedin.com/company/idea-hall,"Idea Hall is an integrated PR, advertising, creative & marketing agency. We create powerful ideas that change perceptions, start conversations and strengthen brand performance.","Principal, Idea Hall",
Mary,Donahue,Mary Donahue,mary@illuminage.com,VALID,Chief Marketing Officer,2 Other leadership,IlluminAge Communication Partners,illuminage.com,Other marketing agency,11,"Seattle, Washington, United States","Seattle, Washington, United States",https://www.linkedin.com/in/mary-donahue,https://www.linkedin.com/company/illuminage-communication-partners,"For over 25 years, our focus has been on marketing and communications for senior living, aging services, and senior health care. We can help you tell your story and engage your audience through your website, newsletters, blog, social media, and print publications.",Chief Marketing Officer at IlluminAge Communication Partners,
Aimee,Aryal,Aimee Aryal,aimee@imageworkscreative.com,VALID,Chief Operating Officer,2 Other leadership,ImageWorks Creative,imageworkscreative.com,Other marketing agency,13,"Ashburn, Virginia, United States","Fairfax County, Virginia, United States",https://www.linkedin.com/in/aimee-aryal-7544536,https://www.linkedin.com/company/imageworks-creative,"ImageWorks provides full-service custom web design, branding, and marketing services for small and mid-size businesses. We build award-winning websites and plan strategic digital and traditional marketing campaigns designed to increase brand recognition and boost sales. Our firm is comprised of marketing experts, project managers, creative designers, and brand strategists, all of whom have extensive experience building great sites and winning brands!",Chief Operating Officer at Imageworks Creative,
Sylvia,Sategna,Sylvia Sategna,sylvia@infuzemarketing.com,VALID,Chief Operating Officer,2 Other leadership,Infuze Marketing,infuzemarketing.com,Other marketing agency,20,"Roseville, California, United States","Roseville, California, United States",https://www.linkedin.com/in/sylvia-sategna-746a229b,https://www.linkedin.com/company/infuze-marketing,"Experience full service marketing, collaborative solutions, unconventional thinking, and remarkable success with Infuze Marketing - your trusted team in Northern California.",,
Kora,D'Attellis,Kora D'Attellis,kora@jabberhaus.com,VALID,Chief Operating Officer,2 Other leadership,Jabberhaus,jabberhaus.com,Other marketing agency,11,"Los Angeles, California, United States","Beverly Hills, California, United States",https://www.linkedin.com/in/kora-d-attellis-a59a90111,https://www.linkedin.com/company/jabber-haus,Jabber Haus is a talent management and social media consultancy agency.,COO,
Bill,Parness,Bill Parness,bill@jaffecom.com,VALID,Principal,2 Other leadership,Jaffe Communications Inc.,jaffecom.com,Other marketing agency,17,"Cranford, New Jersey, United States","Cranford, New Jersey, United States",https://www.linkedin.com/in/bill-parness-b2178111,https://www.linkedin.com/company/jaffe-communications-inc,"JAFFE Communications has the eye for what sells and the experience to know the way to present it. From a basic social media post to an annual report or journal, they develop the right branding for them always consistent, always on the mark. It represents the entire being. They develop the latest custom websites that incorporate vibrant colors, images, and text to show. All of their work is done in-house using the current web platforms and designs. The services are public relations, communications, social media, training, and web design.",Senior Consultant at Jaffe Communications Inc.,
Debbie,Kozlovac,Debbie Kozlovac,debbie@jazdesignco.com,VALID,Chief Marketing Officer,2 Other leadership,"JAZ Design Co., Inc.",jazdesignco.com,Other marketing agency,10,"Harrisburg, Pennsylvania, United States","Mechanicsburg, Pennsylvania, United States",https://www.linkedin.com/in/debbie-kozlovac,https://www.linkedin.com/company/jaz-design-company-inc,"At JAZ Design Co., we know a thing or two about marketing to a different drum. We’re not just talking about catchy slogans and jingles, but a rhythm that can only be found in the world of music. Now we’ve got your wheels spinning. Let's answer that burning question, what do music and marketing have in common?  A: Both require a heightened level of dedication, creativity, flow and, of course, a killer beat.  Our “musical maestros”, representing a team of marketing experts, live to craft custom marketing strategies for your business that make the world sit up and take notice. From website design that's as smooth as a saxophone solo, to PPC advertising that packs a punch like a bass line, we’ll help you create a marketing plan that's as unique as your business.  But don't be surprised when we don’t just play by the “rules”. Our marketing strategies are like a jam session, full of improvisation and innovative ideas that keep your business ahead of the beat. We are always ready to dance to the rhythm of change, adapting our strategies to meet the changing needs of your business goals.  So if you're ready to add a little JAZ to your marketing, look no further than JAZ Design Co. in Central PA. Let's create a marketing plan that's music to your ears and brings your business to the main stage!","Creating Efficiency Through Reliable, Innovative Solutions",
Eric,Brody,Eric Brody,eric.brody@junction37.com,VALID,Chief Operating Officer,2 Other leadership,Junction 37,junction37.com,Other marketing agency,26,"New York, United States","New York, New York, United States",https://www.linkedin.com/in/brodyeric,https://www.linkedin.com/company/junction-37,"We are Junction 37, a full service performance media agency with offices in NYC and Miami, Florida. We are a certified B Corp and work with purpose driven brands.",Chief Operating Officer at Junction 37,
Howard,Appelbaum,Howard Appelbaum,howard@goliquidsoul.com,VALID,Chief Strategy Officer,2 Other leadership,LIQUID SOUL,goliquidsoul.com,Other marketing agency,16,"Atlanta, Georgia, United States","New York, New York, United States",https://www.linkedin.com/in/howardappelbaum,https://www.linkedin.com/company/goliquidsoul,"Liquid Soul is a market agency that deals with social media, publicity and marketing services for the sports and entertainment industry.","Global Entertainment and Media Strategic Advisor | Creating, Transforming, & Scaling Businesses.  Faculty at Columbia University.",
Goldy,Unsdorfer,Goldy Unsdorfer,goldy@mediaotg.com,VALID,Chief Operating Officer,2 Other leadership,M/OTG,motg.com,Other marketing agency,21,"New York, New York, United States","Brooklyn, New York, United States",https://www.linkedin.com/in/goldy-unsdorfer-99a749206,https://www.linkedin.com/company/motgagency,"Media OTG offers marketing, advertising, web design, web development, graphic design, and social media management services.",COO at M/OTG,CHECK: email domain differs from company domain
Alice,Rivera,Alice Rivera,alice@the360agency.com,VALID,Fractional COO,2 Other leadership,madeXus,the360agency.com,Other marketing agency,21,"Los Angeles, California, United States","Los Angeles, California, United States",https://www.linkedin.com/in/alice-rivera,https://www.linkedin.com/company/madexus,"The 360 Agency provides brand strategy, data science research, content marketing along with UI and UX design services.",People and Business Operations | Marketing and Advertising Leader | Building High-Performance Teams & Brand Strategies | DEI,
Ben,Robb,Ben Robb,ben@magneti.com,VALID,Chief Marketing Officer,2 Other leadership,Magneti,magneti.com,Other marketing agency,13,"Denver, Colorado, United States","Colorado Springs, Colorado, United States",https://www.linkedin.com/in/ben-robb-3312b7137,https://www.linkedin.com/company/magneti-marketing-llc,"Magneti is an inbound marketing and brand development agency with offices in Denver and Colorado Springs, Colorado. Certified HubSpot Agency Gold Partner.",CMO at Magneti,
Paul,Hamerton-Kelly,Paul Hamerton-Kelly,paul@mambomedia.com,VALID,Chief Operations Officer,2 Other leadership,"Mambo Media, Inc.",mambomedia.com,Other marketing agency,23,"Santa Barbara, California, United States","Santa Barbara, California, United States",https://www.linkedin.com/in/paul-hamerton-kelly-268697b,https://www.linkedin.com/company/mambo-media-inc,Mambo Media is a full-service digital marketing agency for demand generation and revenue-producing programs with an emphasis on modern marketing best practices.,"Director at Mambo Media, Inc",
Mark,Holland,Mark Holland,mholland@marketingdirection.com,VALID,Chief Operating Officer,2 Other leadership,Marketing Direction: Outsourced Marketing Experts,marketingdirection.com,Other marketing agency,11,"St. Petersburg, Florida, United States","Tampa, Florida, United States",https://www.linkedin.com/in/jmarkholland,https://www.linkedin.com/company/marketingdirection-com,"Marketing Direction is a Tampa digital marketing agency with senior-level experts in Marketing Strategy, Digital Marketing, Content Marketing, Web Design & more",Turning Marketing Strategy Into Operational Reality | 30 Years Bridging the Marketing Execution Gap | COO @ Marketing Direction,
Jared,Harrington,Jared Harrington,jharrington@mediaculture.com,VALID,Chief Operating Officer,2 Other leadership,Media Culture,mediaculture.com,Other marketing agency,12,"Anderson, South Carolina, United States","Denver, Colorado, United States",https://www.linkedin.com/in/jaredharrington,https://www.linkedin.com/company/wearemediaculture,"Media Culture is an audience-first performance marketing agency powered by consumer intelligence, data-driven insights, and holistic measurement. Learn more.",Analytics & Marketing Leader,
Charlotte,Mercer,Charlotte Mercer,charlotte.mercer@mediatwo.net,VALID,COO,2 Other leadership,Media Two,mediatwo.net,Other marketing agency,18,"Raleigh, North Carolina, United States","Raleigh, North Carolina, United States",https://www.linkedin.com/in/charlotte-mercer,https://www.linkedin.com/company/mediatwointeractive,"Media Two Interactive is a media agency that specializes in media planning, SEM and social media services..",COO at Media Two,
Amy,Aebersold,Amy Aebersold,amy@mediaura.com,VALID,Chief Operating Officer,2 Other leadership,Mediaura,mediaura.com,Other marketing agency,12,"Jeffersonville, Indiana, United States","Jeffersonville, Indiana, United States",https://www.linkedin.com/in/amy-aebersold-518a639,https://www.linkedin.com/company/mediaura,"Mediaura is a best-in-class digital marketing agency focused on driving customer growth. With over 21 years of success, we deliver results.",,
Kelly,Fink,Kelly Fink,kelly@milesbrand.com,VALID,Chief Operating Officer,2 Other leadership,Milesbrand,milesbrand.com,Other marketing agency,12,"Englewood, Colorado, United States","Atlanta, Georgia, United States",https://www.linkedin.com/in/kellykentonfink,https://www.linkedin.com/company/miles-branddna,"Milesbrand is a home builder and real estate marketing agency in Denver, Colorado with over 30 years of experience. Ready to get started?","Chief Operating Officer, Milesbrand: Branding, Marketing & Digital for the New Home Industry and Real Estate Development",
Dave,Briggs,Dave Briggs,briggs@moduspersona.com,VALID,Founding Partner,2 Other leadership,Modus Persona,moduspersona.com,Other marketing agency,13,"Lafayette, Colorado, United States","Lafayette, Colorado, United States",https://www.linkedin.com/in/brigg5,https://www.linkedin.com/company/modus-persona,Modus Persona is a Certified B Corp and a full-service agency/consultancy specializing in amplifying the missions of purpose-driven clients.,Founding Partner – Modus Persona,
Sarah,von Rosenberg,Sarah von Rosenberg,sarah@mowaxvisual.com,VALID,Chief Operating Officer,2 Other leadership,Mowax Visual,mowaxvisual.com,Other marketing agency,19,"Dallas, Texas, United States","Dallas, Texas, United States",https://www.linkedin.com/in/sarah-von-rosenberg-b69228a,https://www.linkedin.com/company/mowax-visual,We’re a full-service creative and production agency specializing in  bringing our client’s stories to life through visual and digital displays.,Chief Operating Officer at Mowax Visual,
Karl,Siegert,Karl Siegert,karl.siegert@mvpcollaborative.com,VALID,Chief Operating Officer,2 Other leadership,MVP Collaborative,mvpcollaborative.com,Other marketing agency,26,"Troy, Michigan, United States","Madison Heights, Michigan, United States",https://www.linkedin.com/in/karl-siegert,https://www.linkedin.com/company/mvp-collaborative,"MVP Collaborative has evolved into a full-service marketing and communications agency with a broad set of services, resources and expertise.",,
Susan,Religa,Susan Religa,susan@newbostoncreative.com,VALID,Principal,2 Other leadership,New Boston Creative Group,newbostoncreative.com,Other marketing agency,10,"Manhattan, Kansas, United States","Manhattan, Kansas, United States",https://www.linkedin.com/in/susanreliga,https://www.linkedin.com/company/new-boston-creative-group,"New Boston specializes in marketing strategy, web design, digital marketing, and video production. We’re an integrated marketing company located in Manhattan, Kansas.",Principal at New Boston Creative Group,
Shawn,Dryden,Shawn Dryden,shawn@newbostoncreative.com,VALID,Principal,2 Other leadership,New Boston Creative Group,newbostoncreative.com,Other marketing agency,10,"Manhattan, Kansas, United States","Manhattan, Kansas, United States",https://www.linkedin.com/in/shawndryden,https://www.linkedin.com/company/new-boston-creative-group,"New Boston specializes in marketing strategy, web design, digital marketing, and video production. We’re an integrated marketing company located in Manhattan, Kansas.",Principal at New Boston Creative Group,
Brian,Hennessy,Brian Hennessy,brian@nomadicsoftware.com,VALID,Chief Operations Officer,2 Other leadership,Nomadic Marketing + Software,nomadicsoftware.com,Other marketing agency,16,"Asheville, North Carolina, United States","Asheville, North Carolina, United States",https://www.linkedin.com/in/brian-hennessy-460568113,https://www.linkedin.com/company/nomadic-software-llc,"Nomadic Marketing provides digital marketing, web design and custom software development services.",COO & Co-Founder at Nomadic Software. | Let's scale your business together.,
John,Morioka,John Morioka,jmorioka@omginc.net,VALID,Chief Operations Officer,2 Other leadership,"OMG, Inc-Sales and Marketing",omginc.net,Other marketing agency,25,"Minneapolis, Minnesota, United States","Minneapolis, Minnesota, United States",https://www.linkedin.com/in/john-morioka-0983aa8b,https://www.linkedin.com/company/o'neill-marketing-group-omg-,"OMG is a full service sales and marketing group focused on Target.  We work with innovative brands and manufacturers to drive successful partnerships as Sales Representatives, Account Management, and Category Management/Insights.","Partner and Chief Operations Officer at OMG, Inc-Sales and Marketing",
Elizabeth,Arnold Rider,Elizabeth Arnold Rider,elizabeth@markarnold.com,VALID,Chief Operations Officer,2 Other leadership,On The Mark Strategies,onthemarkstrategies.com,Other marketing agency,16,"Dallas, Texas, United States","Dallas, Texas, United States",https://www.linkedin.com/in/elizabetharnold1,https://www.linkedin.com/company/on-the-mark-strategies,"On The Mark Strategies is a full-service credit union marketing agency specializing in strategic branding, advertising, marketing & training.",I help calm organizational chaos. What’s your superpower?,CHECK: email domain differs from company domain
Tisha,Oehmen,Tisha Oehmen,tisha@paraduxmedia.com,VALID,Brand Strategist ★ Best Selling Author ★ Speaker ★ Marketing Trainer ★ Chief Operating Officer,2 Other leadership,Paradux Media Group,paraduxmedia.com,Other marketing agency,10,"Eagle Point, Oregon, United States","Eagle Point, Oregon, United States",https://www.linkedin.com/in/tishaoehmen,https://www.linkedin.com/company/paradux-media-group,"Paradux Media Group is a marketing agency specializing in Branding, Graphic Design, Web Design, Media, Digital Marketing & Video Production.",Chief Branding Officer at Paradux Media Group,
Katie,Williams,Katie Williams,Katie@part4.com,VALID,Chief Operating Officer,2 Other leadership,Part 4,part4.com,Other marketing agency,24,"Los Angeles, California, United States","Nashville, Tennessee, United States",https://www.linkedin.com/in/katie-williams79,https://www.linkedin.com/company/part-4,"Founded in 2014, Part 4 is an award-winning creative agency that specializes in crafting strategic solutions for social, digital and beyond.",Chief Operating Officer,
Keith,Mather,Keith Mather,keith@pipelinesocialmedia.com,VALID,Chief Revenue Officer,2 Other leadership,Pipeline Social Media,pipelinesocialmedia.com,Other marketing agency,12,"Stockbridge, Georgia, United States","Mcdonough, Georgia, United States",https://www.linkedin.com/in/keithmather22,https://www.linkedin.com/company/pipeline-social-media,"Atlanta digital marketing agency helping businesses across the US with websites, social media marketing and training, Facebook and Instagram ads & more.",,
Cathi,Kennedy,Cathi Kennedy,cathi.kennedy@promotion1.com,VALID,Chief Operating Officer,2 Other leadership,Pro Motion Experiential Marketing,promotion1.com,Other marketing agency,18,"Missouri, United States","Chesterfield, Missouri, United States",https://www.linkedin.com/in/cathikennedy,https://www.linkedin.com/company/pro-motion-inc,"Pro Motion is a marketing agency that offers experimental marketing services including events, campaigns and mobile marketing tours.","We help Fortune 1000 companies engage with their B2B and B2C customers via experiential marketing designed to engage face-to-face to cut through the digital clutter. And, we've seen 50 to 1 ROI!",
Gala,Struthers,Gala Struthers,gala@itsqooqoo.com,VALID,Chief Marketing Officer,2 Other leadership,QooQoo - Healthcare Marketing,itsqooqoo.com,Other marketing agency,21,"Irvine, California, United States","Irvine, California, United States",https://www.linkedin.com/in/gala-struthers-6078a28,https://www.linkedin.com/company/qoo-qoo,QooQoo is a creative agency that offers healthcare marketing services.,Chief Marketing Officer at QooQoo,
Francis,Wearden,Francis Wearden,francis@rc-co.com,VALID,Partner and COO,2 Other leadership,RCCO,rc-co.com,Other marketing agency,21,"San Antonio, Texas, United States",United States,https://www.linkedin.com/in/franciswearden,https://www.linkedin.com/company/rcco-ad,Fully integrated advertising agency partnering with compatible brands to propel their next big move through the power of big ideas.,Group Managing Partner and CEO at Roger Christian & Company and FPO Multicultural Marketing,
