LinkedIn Url,Company Name
http://www.linkedin.com/company/storms-orthodontics,Storms Orthodontics
http://www.linkedin.com/company/wetz-chiropractic-clinic,Wetz Chiropractic Clinic
http://www.linkedin.com/company/bailey-family-chiropractic,Bailey Family Chiropractic
http://www.linkedin.com/company/los-angeles-dermatologist,Dermatology and Hair Restoration Specialists
http://www.linkedin.com/company/north-county-dermatology-clinic-p.a,"NORTH COUNTY DERMATOLOGY CLINIC, P.A"
http://www.linkedin.com/company/wellness-dermatology-llc,WELLNESS DERMATOLOGY LLC
http://www.linkedin.com/company/northern-manhattan-physical-therapy-and-chiropractic-pllc,NORTHERN MANHATTAN PHYSICAL THERAPY AND CHIROPRACTIC PLLC
http://www.linkedin.com/company/melilli-chiropractic-&-rehab-center,Melilli Chiropractic & Rehab Center
http://www.linkedin.com/company/benning-&-mathews-orthodontics,Benning & Mathews Orthodontics
http://www.linkedin.com/company/mckinley-chiropractic-a-creating-wellness-center,McKinley Chiropractic: A Creating Wellness Center
http://www.linkedin.com/company/chamberlain-orthodontics,Chamberlain Orthodontics
http://www.linkedin.com/company/muldavin-chiropractic,Muldavin Chiropractic
http://www.linkedin.com/company/serrano-&-kyger-orthodontics,Serrano & Kyger Orthodontics
http://www.linkedin.com/company/pioneer-chiropractic,Pioneer Chiropractic
http://www.linkedin.com/company/pitts-orthodontics,Pitts Orthodontics
http://www.linkedin.com/company/svetich-chiropractic,Svetich Chiropractic
http://www.linkedin.com/company/baar-oikawa-chiropractic-ofc,Baar Oikawa Chiropractic Ofc
http://www.linkedin.com/company/gwinnett-chiropractic-assoc,Gwinnett Chiropractic Assoc
http://www.linkedin.com/company/featherstone-chiropractic,Featherstone Chiropractic
http://www.linkedin.com/company/stamford-chiropractic-&-rehab-center-llc,"Stamford Chiropractic & Rehab Center, LLC"
http://www.linkedin.com/company/mckim-chiropractic,McKim Chiropractic
http://www.linkedin.com/company/cafagna-chiropractic-svc-,Cafagna Chiropractic Svc.
http://www.linkedin.com/company/patient-preferred-dermatology,Patient Preferred Dermatology
http://www.linkedin.com/company/atlas-chiropractic-health-center,Atlas Chiropractic Health Center
http://www.linkedin.com/company/blessed-family-chiropractic-pllc,"Blessed Family Chiropractic, PLLC"
http://www.linkedin.com/company/dermatology-specialists-of-kansas-city-pc,"Dermatology Specialists of Kansas City, PC"
http://www.linkedin.com/company/ashley-park-chiropractic,Ashley Park Chiropractic
http://www.linkedin.com/company/affinity-family-chiropractic,Affinity Family Chiropractic
http://www.linkedin.com/company/dermatology-center-of-plano,Dermatology Center Of Plano
http://www.linkedin.com/company/olney-chiropractic,Olney Chiropractic
http://www.linkedin.com/company/chickasha-chiropractic-clinic,Chickasha Chiropractic Clinic
http://www.linkedin.com/company/bethesda-orthodontics,Bethesda Orthodontics
http://www.linkedin.com/company/greco-bowman-chiropractic,Greco Bowman Chiropractic
http://www.linkedin.com/company/tidwell-chiropractic,Tidwell Chiropractic
http://www.linkedin.com/company/leander-chiropractic,Leander Chiropractic
http://www.linkedin.com/company/nice-touch-chiropractic,Nice Touch Chiropractic
http://www.linkedin.com/company/bright-smile-orthodontics,Bright Smile Orthodontics
http://www.linkedin.com/company/beecher-chiropractic-clinic,Beecher Chiropractic Clinic
http://www.linkedin.com/company/beach-chiropractic-sports-ctr,Beach Chiropractic Sports Ctr
http://www.linkedin.com/company/carolina-dermatology-hair-center,Carolina Dermatology Hair Center
http://www.linkedin.com/company/walnut-creek-dental-group-and-orthodontics,Walnut Creek Dental Group and Orthodontics
http://www.linkedin.com/company/gibson-orthodontics,Gibson Orthodontics
http://www.linkedin.com/company/harper-dermatology,Harper Dermatology
http://www.linkedin.com/company/four-peaks-chiropractic,Four Peaks Chiropractic
http://www.linkedin.com/company/gross-chiropractic,Gross Chiropractic
http://www.linkedin.com/company/sea-view-chiropractic-clinic,Sea View Chiropractic Clinic
http://www.linkedin.com/company/fishguard-chiropractic-clinic-ltd,Fishguard Chiropractic Clinic Ltd
http://www.linkedin.com/company/orthodontistenclinic-a-d-vecht,OrthodontistenClinic a/d Vecht
http://www.linkedin.com/company/prokinesis,"ProKinesis Podotherapie I Enschede, Hengelo, Oldenzaal"
http://www.linkedin.com/company/smart-neuro-physio,Smart Neuro Physio
http://www.linkedin.com/company/ponteland-chiropractic,Ponteland Chiropractic
http://www.linkedin.com/company/bristol-physiotherapy-sports-injury-clinic-ltd,BRISTOL PHYSIOTHERAPY SPORTS INJURY CLINIC LTD
http://www.linkedin.com/company/perna-dental-llc,Perna Dental LLC
http://www.linkedin.com/company/southern-maine-physical-therapy,Southern Maine Physical Therapy
http://www.linkedin.com/company/z-dermatology-skin-wellness-center,Z Dermatology & Skin Wellness Center
http://www.linkedin.com/company/equipoise-physical-therapy,Equipoise Physical Therapy
http://www.linkedin.com/company/smile-on-you-dentistry,Smile On You Dentistry
http://www.linkedin.com/company/dermatology-specialists-of-naples-inc,"DERMATOLOGY SPECIALISTS OF NAPLES, INC"
http://www.linkedin.com/company/radiant-dermatology-ltd,"RADIANT DERMATOLOGY, LTD"
http://www.linkedin.com/company/east-carolina-dermatology,EAST CAROLINA DERMATOLOGY
http://www.linkedin.com/company/texas-dermatology-center-pllc,TEXAS DERMATOLOGY CENTER PLLC
http://www.linkedin.com/company/evergreen-dermatology-group-pllc,EVERGREEN DERMATOLOGY GROUP PLLC
http://www.linkedin.com/company/pure-dermatology-center,PURE DERMATOLOGY CENTER
http://www.linkedin.com/company/bl-dental-&-orthodontics-pllc,BL DENTAL & ORTHODONTICS PLLC
http://www.linkedin.com/company/hermosa-dental-and-orthodontics-group-llc,HERMOSA DENTAL AND ORTHODONTICS GROUP LLC
http://www.linkedin.com/company/dermatology-and-skin-cancer-specialists-psc,"DERMATOLOGY AND SKIN CANCER SPECIALISTS, PSC"
http://www.linkedin.com/company/murfreesboro-family-chiropractic-and-rehabilitation-pllc,"MURFREESBORO FAMILY CHIROPRACTIC AND REHABILITATION, PLLC"
http://www.linkedin.com/company/beaumont-dermatology-and-family-practice-llp,"BEAUMONT DERMATOLOGY AND FAMILY PRACTICE, LLP"
http://www.linkedin.com/company/radtke-physical-therapy,Radtke Physical Therapy
http://www.linkedin.com/company/bay-physical-therapy,Bay Physical Therapy
http://www.linkedin.com/company/inertia-physio-and-pelvic-health-llc,"Inertia Physio and Pelvic Health, LLC"
http://www.linkedin.com/company/luker-dental,Luker Dental
http://www.linkedin.com/company/draperfamilydentistry,Draper Family Dentistry
http://www.linkedin.com/company/gottlieb-dental,Gottlieb Dental
http://www.linkedin.com/company/rushfamilydental,Rush Family Dental
http://www.linkedin.com/company/washington-dermatology-center,Washington Dermatology Center
http://www.linkedin.com/company/detroitdentalspa,Detroit Dental Spa
http://www.linkedin.com/company/long-&-harris-dermatology-pllc,LONG & HARRIS DERMATOLOGY PLLC
http://www.linkedin.com/company/montgomery-dermatology-llc,"MONTGOMERY DERMATOLOGY, LLC"
http://www.linkedin.com/company/bellingham-oral-surgery-and-dental-implants,BELLINGHAM ORAL SURGERY AND DENTAL IMPLANTS
http://www.linkedin.com/company/florida-coast-chiropractic-clinic-incorporated,FLORIDA COAST CHIROPRACTIC CLINIC INCORPORATED
http://www.linkedin.com/company/harcourt-chiropractic-office,Harcourt Chiropractic Office
http://www.linkedin.com/company/lamb-chiropractic,Lamb Chiropractic
http://www.linkedin.com/company/central-park-south-dermatology,Central Park South Dermatology
http://www.linkedin.com/company/shady-grove-dermatology-llc,SHADY GROVE DERMATOLOGY LLC
http://www.linkedin.com/company/symmetry-health-chiropractic-and-wellness,Symmetry Health: chiropractic and wellness
http://www.linkedin.com/company/kirkman-chiropractic-clinic,Kirkman Chiropractic Clinic
http://www.linkedin.com/company/batastini-orthodontics,Batastini Orthodontics
http://www.linkedin.com/company/conner-chiropractic,Conner Chiropractic
http://www.linkedin.com/company/parkside-chiropractic-clinic,Parkside Chiropractic Clinic
http://www.linkedin.com/company/stevensville-chiropractic,STEVENSVILLE CHIROPRACTIC
http://www.linkedin.com/company/fields-ertel-chiropractic,Fields Ertel Chiropractic
http://www.linkedin.com/company/justice-orthodontics,Justice Orthodontics
http://www.linkedin.com/company/santa-clara-chiropractic-center-eugene-or,"Santa Clara Chiropractic Center, Eugene, OR"
http://www.linkedin.com/company/knox-chiropractic-clinic,Knox Chiropractic Clinic
http://www.linkedin.com/company/proctor-chiropractic,Proctor Chiropractic
http://www.linkedin.com/company/pierce-chiropractic-and-sports-injury-center,Pierce Chiropractic and Sports Injury Center
http://www.linkedin.com/company/lafferty-family-chiropractic,Lafferty Family Chiropractic
http://www.linkedin.com/company/struble-orthodontics,struble orthodontics
http://www.linkedin.com/company/strawberry-village-dental-care,Strawberry Village Dentist
http://www.linkedin.com/company/kasten-chiropractic-clinic,Kasten Chiropractic Clinic
http://www.linkedin.com/company/inland-chiropractic,Inland Chiropractic
http://www.linkedin.com/company/highway-7-chiropractic,Highway 7 Chiropractic
http://www.linkedin.com/company/everett-chiropractic,Everett Chiropractic
http://www.linkedin.com/company/milwaukie-chiropractic,Milwaukie Chiropractic
http://www.linkedin.com/company/west-lake-chiropractic,West Lake Chiropractic
http://www.linkedin.com/company/menlo-dermatology-medical-grp,Menlo Dermatology Medical Grp
http://www.linkedin.com/company/pacific-chiropractic-health,Pacific Chiropractic Health
http://www.linkedin.com/company/harwell-and-harwell-orthodontics,Harwell And Harwell Orthodontics
http://www.linkedin.com/company/angelina-chiropractic-ctr,Angelina Chiropractic Ctr
http://www.linkedin.com/company/rizzo-chiropractic-corp,Rizzo Chiropractic Corp
http://www.linkedin.com/company/wetherington-chiropractic,Wetherington Chiropractic
http://www.linkedin.com/company/chiropractic-naturally,Chiropractic Naturally
http://www.linkedin.com/company/el-centro-dermatology,El Centro Dermatology
http://www.linkedin.com/company/santucci-orthodontics,Santucci Orthodontics
http://www.linkedin.com/company/szilagyi-chiropractic,Szilagyi Chiropractic
http://www.linkedin.com/company/bay-hill-dental-ltd,Bay Hill Dental Ltd
http://www.linkedin.com/company/tooth-kind,toothKind Dentalcare
http://www.linkedin.com/company/koeo-upper-cervical,KOEŌ Upper Cervical Chiropractic + Massage
http://www.linkedin.com/company/pontypridd-chiropractic-ltd,Pontypridd Chiropractic
http://www.linkedin.com/company/nikodermlutskua,Dermatological center NikoDerm
http://www.linkedin.com/company/wellbeing-chiropractic-health-centre,Wellbeing Chiropractic Health Centre
http://www.linkedin.com/company/biltmore-dermatology-assoc-pa,Biltmore Dermatology Assoc Pa
http://www.linkedin.com/company/west-hills-dermatology-group,West Hills Dermatology Group
http://www.linkedin.com/company/advanced-dental-care-of-richmond,Advanced Dental Care of Richmond
http://www.linkedin.com/company/traceside-dermatology-and-allergy-plc,TRACESIDE DERMATOLOGY AND ALLERGY PLC
http://www.linkedin.com/company/petite-dental-&-orthodontics,Petite Dental & Orthodontics
http://www.linkedin.com/company/dermatology-associates-inc.,"DERMATOLOGY ASSOCIATES, INC."
http://www.linkedin.com/company/ptcares-physiotherapy-and-wellness,PTCARES PHYSIOTHERAPY AND WELLNESS
http://www.linkedin.com/company/fairview-dermatology-pllc,FAIRVIEW DERMATOLOGY PLLC
http://www.linkedin.com/company/northeast-tarrant-dermatology-inc.,"NORTHEAST TARRANT DERMATOLOGY, INC."
http://www.linkedin.com/company/mid-city-physical-therapy-&-wellness,MID-CITY PHYSICAL THERAPY & WELLNESS
http://www.linkedin.com/company/wabasha-dentistry-llc,Wabasha Dentistry
http://www.linkedin.com/company/preserve-physical-therapy-wellness,Preserve Physical Therapy + Wellness
http://www.linkedin.com/company/mycaredental,MyCareDental
http://www.linkedin.com/company/cara-mia-medical-day-spa-&-dermatology-associates-of-colorado,Cara Mia Medical Day Spa & Dermatology Associates of Colorado
http://www.linkedin.com/company/prominent-point-dental-group-and-orthodontics-llp,"PROMINENT POINT DENTAL GROUP AND ORTHODONTICS, LLP"
http://www.linkedin.com/company/collier-chiropractic-&-accident-rehabilitation-center-inc,"COLLIER CHIROPRACTIC & ACCIDENT REHABILITATION CENTER, INC"
http://www.linkedin.com/company/dermatology-center-of-rockland-p.c,"DERMATOLOGY CENTER OF ROCKLAND, P.C"
http://www.linkedin.com/company/lakeshore-chiropractic-and-rehabilitation-center-llc,"Lakeshore Chiropractic and Rehabilitation Center, LLC"
http://www.linkedin.com/company/gioffre-chiropractic-wellness,Gioffre Chiropractic Wellness
http://www.linkedin.com/company/eugene-physical-therapy,Eugene Physical Therapy
http://www.linkedin.com/company/towne-square-dental-nh,Towne Square Dental
http://www.linkedin.com/company/empower-physical-therapy-sandiego,Empower Physical Therapy
http://www.linkedin.com/company/natureofskinatx,Nature of Skin Dermatology
http://www.linkedin.com/company/central-oregon-dermatology-pc,CENTRAL OREGON DERMATOLOGY PC
http://www.linkedin.com/company/castillo-mulkay,"Castillo and Mulkay Dental, PC"
http://www.linkedin.com/company/el-segundo-dermatology-inc.,"EL SEGUNDO DERMATOLOGY, INC."
http://www.linkedin.com/company/integrated-dermatology-of-mission-viejo-apmc,"INTEGRATED DERMATOLOGY OF MISSION VIEJO, APMC"
http://www.linkedin.com/company/hamilton-physical-therapy-llc,HAMILTON PHYSICAL THERAPY LLC
http://www.linkedin.com/company/rio-valley-dermatology-pa,"RIO VALLEY DERMATOLOGY, PA"
http://www.linkedin.com/company/lehman-dermatology-clinic-p.a,"LEHMAN DERMATOLOGY CLINIC, P.A"
http://www.linkedin.com/company/101-dental-&-orthodontics,101 DENTAL & ORTHODONTICS
http://www.linkedin.com/company/white-pine-family-dental,White Pine Family Dental
http://www.linkedin.com/company/vanguard-dermatology-&-skin-cancer-specialists-professional-llc,VANGUARD DERMATOLOGY & SKIN CANCER SPECIALISTS PROFESSIONAL LLC
http://www.linkedin.com/company/kearns-chiropractic-clinic-inc,KEARNS CHIROPRACTIC CLINIC INC
http://www.linkedin.com/company/exceldermatologyofhawaii,Excel Dermatology of Hawaii
http://www.linkedin.com/company/st-joseph-chiropractic-llc,"St. Joseph Chiropractic,LLC"
http://www.linkedin.com/company/lookout-valley-chiropractic,Lookout Valley Chiropractic
http://www.linkedin.com/company/meseck-family-chiropractic-llc,"Meseck Family Chiropractic, LLC"
http://www.linkedin.com/company/precise-moves-chiropractic,Precise Moves Chiropractic
http://www.linkedin.com/company/erickson-family-chiropractic,Erickson Family Chiropractic
http://www.linkedin.com/company/ryan-family-chiropractic-wellness-center,Ryan Family Chiropractic Wellness Center
http://www.linkedin.com/company/shipman-chiropractic,Shipman Chiropractic
http://www.linkedin.com/company/maryland-farms-chiropractic,Maryland Farms Chiropractic
http://www.linkedin.com/company/landry-chiropractic-inc,Landry Chiropractic Inc
http://www.linkedin.com/company/h2orthopedic,H2Orthopedic Aquatic & Physical Therapy
http://www.linkedin.com/company/dermatology-&-laser-center-of-san-diego-inc,DERMATOLOGY & LASER CENTER OF SAN DIEGO INC
http://www.linkedin.com/company/champion-chiropractic-llc,"CHAMPION CHIROPRACTIC, LLC"
http://www.linkedin.com/company/indigo-dermatology-llc,INDIGO DERMATOLOGY LLC
http://www.linkedin.com/company/lone-star-state-dermatology-clinic-pllc,LONE STAR STATE DERMATOLOGY CLINIC PLLC
http://www.linkedin.com/company/summit-physical-therapy-az,Summit Physical Therapy AZ
http://www.linkedin.com/company/kuns-chiropractic-clinic,Kuns Chiropractic Clinic
http://www.linkedin.com/company/shippy-chiropractic,Shippy Chiropractic
http://www.linkedin.com/company/via-verde-dental,Via Verde Dental
http://www.linkedin.com/company/front-street-chiropractic,Front Street Chiropractic
http://www.linkedin.com/company/turning-point-chiropractic-pllc,"Turning Point Chiropractic, PLLC"
http://www.linkedin.com/company/britton-orthodontics,Britton Orthodontics
http://www.linkedin.com/company/zea-chiropractic,Zea Chiropractic
http://www.linkedin.com/company/george-orthodontics,George Orthodontics
http://www.linkedin.com/company/fisher-orthodontics,Fisher Orthodontics
http://www.linkedin.com/company/nevada-center-for-dermatology,Nevada Center For Dermatology
http://www.linkedin.com/company/antoniotti-chiropractic-offs,Antoniotti Chiropractic Offs
http://www.linkedin.com/company/dixon-orthodontics,Dixon Orthodontics
http://www.linkedin.com/company/mchale-chiropractic,McHale Chiropractic
http://www.linkedin.com/company/elmhurst-dermatology,Elmhurst Dermatology
http://www.linkedin.com/company/laguna-woods-dermatology-med,Laguna Woods Dermatology Med
http://www.linkedin.com/company/hurst-orthodontics,Hurst Orthodontics
http://www.linkedin.com/company/thorpe-chiropractic-&-rehab,Thorpe Chiropractic & Rehab
http://www.linkedin.com/company/sierra-smiles-orthodontics,Sierra Smiles Orthodontics
http://www.linkedin.com/company/crescent-moon-orthodontics,Crescent Moon Orthodontics
http://www.linkedin.com/company/california-dermatology-ctr,California Dermatology Ctr
http://www.linkedin.com/company/schulze-chiropractic,Schulze Chiropractic
http://www.linkedin.com/company/robertson-chiropractic,Robertson Chiropractic
http://www.linkedin.com/company/traub-chiropractic-care-ctr,Traub Chiropractic Care Ctr
http://www.linkedin.com/company/lake-loveland-dermatology-pc,"LAKE LOVELAND DERMATOLOGY, PC"
http://www.linkedin.com/company/fysio-triple-a,Fysio Triple A
http://www.linkedin.com/company/physio-werk-19-gmbh,Physio Werk 19 GmbH
http://www.linkedin.com/company/smile-corner-belgium,Smile Corner Belgium
http://www.linkedin.com/company/the-barnes-physiotherapy-practice-ltd,The Barnes Physiotherapy Practice Ltd
http://www.linkedin.com/company/elevation-physical-therapy,Elevation Physical Therapy
http://www.linkedin.com/company/waterside-dermatology,Waterside Dermatology
http://www.linkedin.com/company/function1st-physical-therapy-llc,"FUNCTION 1ST PHYSICAL THERAPY, LLC"
http://www.linkedin.com/company/gk-dermatology-pc,GK DERMATOLOGY PC
http://www.linkedin.com/company/woll-dermatology,Woll Dermatology
http://www.linkedin.com/company/south-charlotte-dermatology-pc,"SOUTH CHARLOTTE DERMATOLOGY, PC"
http://www.linkedin.com/company/mullick-dermatology-pllc,"MULLICK DERMATOLOGY, PLLC"
http://www.linkedin.com/company/metropolitan-dermatology-institute-pllc,METROPOLITAN DERMATOLOGY INSTITUTE PLLC
http://www.linkedin.com/company/central-utah-dermatology,Central Utah Dermatology
http://www.linkedin.com/company/divine-dermatology-&-aesthetics-llc,DIVINE DERMATOLOGY & AESTHETICS LLC
http://www.linkedin.com/company/arrowhead-dental-group-and-orthodontics-llp,"ARROWHEAD DENTAL GROUP AND ORTHODONTICS, LLP"
http://www.linkedin.com/company/zagarra-orthodontics-p.a.,"ZAGARRA ORTHODONTICS, P.A."
http://www.linkedin.com/company/orthopedic-physical-therapy-specialists,Orthopedic Physical Therapy Specialists
http://www.linkedin.com/company/tacomafamilydental,Tacoma Family Dental
http://www.linkedin.com/company/long-island-dermatology-pllc,LONG ISLAND DERMATOLOGY PLLC
http://www.linkedin.com/company/wesley-chapel-dermatology-llc,WESLEY CHAPEL DERMATOLOGY LLC
http://www.linkedin.com/company/high-tide-dermatology-center-llc,HIGH TIDE DERMATOLOGY CENTER LLC
http://www.linkedin.com/company/seitz-dermatology,SEITZ DERMATOLOGY
http://www.linkedin.com/company/looking-ahead-pediatric-therapies-pllc,"LOOKING AHEAD PEDIATRIC PHYSICAL THERAPY, PLLC"
http://www.linkedin.com/company/hawaii-dermatology-and-surgery-inc,"HAWAII DERMATOLOGY AND SURGERY, INC"
http://www.linkedin.com/company/snyder-family-chiropractic,Snyder Family Chiropractic
http://www.linkedin.com/company/bransonfamilydentistry,Branson Family Dentistry
http://www.linkedin.com/company/dermatology-associates-of-southwest-washington-pllc,"DERMATOLOGY ASSOCIATES OF SOUTHWEST WASHINGTON, PLLC"
http://www.linkedin.com/company/wayne-cannon-physical-therapy-&-associates,Wayne Cannon Physical Therapy & Associates
http://www.linkedin.com/company/delaware-avenue-dental,Delaware Avenue Dental
http://www.linkedin.com/company/family-dermatology-pllc,Family Dermatology PLLC
http://www.linkedin.com/company/dermatology-clinic-of-jackson,DERMATOLOGY CLINIC OF JACKSON
http://www.linkedin.com/company/westover-hills-dermatology,WESTOVER HILLS DERMATOLOGY
http://www.linkedin.com/company/arizona-desert-dermatology-and-surgery-pc,ARIZONA DESERT DERMATOLOGY AND SURGERY PC
http://www.linkedin.com/company/fairhurst-dermatology,FAIRHURST DERMATOLOGY
http://www.linkedin.com/company/west-sound-dermatology-pllc,"WEST SOUND DERMATOLOGY, PLLC"
http://www.linkedin.com/company/white-sands-chiropractic-clinic-inc,WHITE SANDS CHIROPRACTIC CLINIC INC
http://www.linkedin.com/company/904-dental-care,904 Dental Care
http://www.linkedin.com/company/citrus-regional-clinic-of-chiropractic,Citrus Regional Clinic of Chiropractic
http://www.linkedin.com/company/rochet-family-chiropractic,Rochet Family Chiropractic
http://www.linkedin.com/company/franklin-park-chiropractic-center,Franklin Park Chiropractic Center
http://www.linkedin.com/company/the-park-avenue-center-for-advanced-medical-and-cosmetic-dermatology,The Park Avenue Center for Advanced Medical and Cosmetic Dermatology
http://www.linkedin.com/company/grand-teton-chiropractic,Grand Teton Chiropractic
http://www.linkedin.com/company/pro-health-family-chiropractic,Pro Health Family Chiropractic
http://www.linkedin.com/company/integrated-chiropractic-&-wellness,Integrated Chiropractic & Wellness
http://www.linkedin.com/company/back-country-chiropractic,Back Country Chiropractic
http://www.linkedin.com/company/maxwell-chiropractic,Maxwell Chiropractic
http://www.linkedin.com/company/orange-coast-dermatology,Orange Coast Dermatology
http://www.linkedin.com/company/haydee-knott-md---mill-valley-dermatology,"Haydee Knott, MD - Mill Valley Dermatology"
http://www.linkedin.com/company/ember-dental-arts,Ember Dental Arts
http://www.linkedin.com/company/innate-chiropractic-of-manhattan,Innate Chiropractic of Manhattan
http://www.linkedin.com/company/prairie-orthodontics,Prairie Orthodontics
http://www.linkedin.com/company/ensley-orthodontics,Ensley Orthodontics
http://www.linkedin.com/company/white-house-chiropractic,White House Chiropractic
http://www.linkedin.com/company/dobson-bay-chiropractic,Dobson Bay Chiropractic
http://www.linkedin.com/company/metropolitan-chiropractic-ctr,Metropolitan Chiropractic Ctr
http://www.linkedin.com/company/r-scott-smith-and-associates-orthodontics,R Scott Smith and Associates Orthodontics
http://www.linkedin.com/company/vital-force-chiropractic-ctr,Vital Force Chiropractic Ctr
http://www.linkedin.com/company/sabino-chiropractic,Sabino Chiropractic
http://www.linkedin.com/company/nejat-orthodontics,Nejat Orthodontics
http://www.linkedin.com/company/pacific-northwest-orthodontics,Pacific Northwest Orthodontics
http://www.linkedin.com/company/south-tyler-dermatology,South Tyler Dermatology
http://www.linkedin.com/company/lampe-chiropractic,LAMPE CHIROPRACTIC
http://www.linkedin.com/company/swan-dermatology-ctr,Swan Dermatology Ctr
http://www.linkedin.com/company/belmont-orthodontics-specs,Belmont Orthodontics Specs
http://www.linkedin.com/company/cameron-park-chiropractic,Cameron Park Chiropractic
http://www.linkedin.com/company/greenwood-chiropractic-clinic,Greenwood Chiropractic Clinic
http://www.linkedin.com/company/evans-orthodontics,Evans Orthodontics
http://www.linkedin.com/company/marascalco-dermatology-clinic,Marascalco Dermatology Clinic
http://www.linkedin.com/company/smart-chiropractic,Smart Chiropractic
http://www.linkedin.com/company/kurt-kavanaugh-orthodontics,Kurt Kavanaugh Orthodontics
http://www.linkedin.com/company/faulkenberry-chiropractic,Faulkenberry Chiropractic
http://www.linkedin.com/company/fillman-orthodontics,Fillman Orthodontics
http://www.linkedin.com/company/bay-cities-chiropractic,Bay Cities Chiropractic
http://www.linkedin.com/company/del-mar-dermatology,Del Mar Dermatology
http://www.linkedin.com/company/frisco-dermatology,Frisco Dermatology
http://www.linkedin.com/company/austin-modern-dentistry-and-orthodontics,Austin Modern Dentistry and Orthodontics
http://www.linkedin.com/company/couser-orthodontics,Couser Orthodontics
http://www.linkedin.com/company/reisterstown-family-chiropractic,Reisterstown Family Chiropractic
http://www.linkedin.com/company/long-ridge-dermatology,Long Ridge Dermatology
http://www.linkedin.com/company/signature-smiles-dental-group-milpitas,Signature Smiles Dental Group
http://www.linkedin.com/company/phoenix-physiotherapy,Phoenix Physiotherapy
http://www.linkedin.com/company/jurassic-physio-limited,JURASSIC PHYSIO LIMITED
http://www.linkedin.com/company/westgrovedentalcare,Westgrove Dental Care
http://www.linkedin.com/company/peak-balance-physical-therapy-llc,Peak Balance Physical Therapy LLC
http://www.linkedin.com/company/dermatology-and-laser-center-of-oklahoma,DERMATOLOGY AND LASER CENTER OF OKLAHOMA
http://www.linkedin.com/company/dermatology-of-southeastern-ohio-inc.,"DERMATOLOGY OF SOUTHEASTERN OHIO, INC."
http://www.linkedin.com/company/universal-dermatology-&-vein-care,Universal Dermatology & Vein Care
http://www.linkedin.com/company/cascade-dermatology,Cascade Dermatology
http://www.linkedin.com/company/preston-chiropractic-and-rehabilitation,Preston Chiropractic and Rehabilitation
http://www.linkedin.com/company/crestline-dental-group-and-orthodontics-llp,"CRESTLINE DENTAL GROUP AND ORTHODONTICS, LLP"
http://www.linkedin.com/company/north-county-dermatology-center,North County Dermatology Center
http://www.linkedin.com/company/manila-dental-center-&-orthodontics,Manila Dental Center & Orthodontics
http://www.linkedin.com/company/river-region-dermatology-and-laser-inc,RIVER REGION DERMATOLOGY AND LASER INC
http://www.linkedin.com/company/metro-east-dermatology-&-skin-cancer-center-llc,METRO EAST DERMATOLOGY & SKIN CANCER CENTER LLC
http://www.linkedin.com/company/andrews-family-chiropractic-clinic,Andrews Family Chiropractic Clinic
http://www.linkedin.com/company/vanderlinde-physical-therapy,Vanderlinde Physical Therapy
http://www.linkedin.com/company/hillcrest-orthodontics-p.c.,"Hillcrest Orthodontics, P.C."
http://www.linkedin.com/company/oncken-chiropractic-clinic,ONCKEN CHIROPRACTIC CLINIC
http://www.linkedin.com/company/true-dental-group,True Dental Group
http://www.linkedin.com/company/a-koff-chiropractic-clinic,A Koff Chiropractic Clinic
http://www.linkedin.com/company/springhill-dental-shearer-ryan-dds,Springhill Dental: Shearer Ryan DDS
http://www.linkedin.com/company/dermatology-medical-group-of-san-francisco-inc,DERMATOLOGY MEDICAL GROUP OF SAN FRANCISCO INC
http://www.linkedin.com/company/bearden-chiropractic-clinic-p.c.,"BEARDEN CHIROPRACTIC CLINIC, P.C."
http://www.linkedin.com/company/naples-dermatology-pa,NAPLES DERMATOLOGY PA
http://www.linkedin.com/company/rivergate-dermatology-pllc,"RIVERGATE DERMATOLOGY, PLLC"
http://www.linkedin.com/company/chevy-chase-dermatology-llc,"CHEVY CHASE DERMATOLOGY, LLC"
http://www.linkedin.com/company/schwarz-dermatology-pllc,Schwarz Dermatology PLLC
http://www.linkedin.com/company/dermatology-and-laser-center-of-fort-worth,Dermatology and Laser Center of Fort Worth
http://www.linkedin.com/company/the-specialty-center-for-periodontics-&-dental-implants-llc,"THE SPECIALTY CENTER FOR PERIODONTICS & DENTAL IMPLANTS, LLC"
http://www.linkedin.com/company/pin-point-physical-therapy,Pin Point Physical Therapy
http://www.linkedin.com/company/swede-family-chiropractic,Swede Family Chiropractic
http://www.linkedin.com/company/atkinson-family-chiropractic-pc,"Atkinson Family Chiropractic, PC"
http://www.linkedin.com/company/silvia-family-chiropractic,Silvia Family Chiropractic
http://www.linkedin.com/company/mulhall-family-chiropractic,Mulhall Family Chiropractic
http://www.linkedin.com/company/woodcrest-chiropractic-offices,Woodcrest Chiropractic Offices
http://www.linkedin.com/company/diablo-chiropractic,Diablo Chiropractic
http://www.linkedin.com/company/stokes-orthodontics,Stokes Orthodontics
http://www.linkedin.com/company/the-source-specific---upper-cervical-chiropractic-care,The Source Specific - Upper Cervical Chiropractic Care
http://www.linkedin.com/company/north-shore-chiropractic-and-rehabilitation,North Shore Chiropractic and Rehabilitation
http://www.linkedin.com/company/dr.-chrystopher-m.-sly-chiropractic-professional-corporation,Dr. Chrystopher M. Sly Chiropractic Professional Corporation
http://www.linkedin.com/company/huron-and-highbury-chiropractic-office,Huron and Highbury Chiropractic Office
http://www.linkedin.com/company/gold-star-chiropractic-inc,Gold Star Chiropractic Inc
http://www.linkedin.com/company/primecare-chiropractic-physical-therapy,PrimeCare Chiropractic & Physical Therapy
http://www.linkedin.com/company/ratio-wellness-and-chiropractic-inc,Ratio Wellness & Chiropractic
http://www.linkedin.com/company/charles-county-dermatology-associates-l.l.c.,"CHARLES COUNTY DERMATOLOGY ASSOCIATES, L.L.C."
http://www.linkedin.com/company/springfield-family-chiropractic,SPRINGFIELD FAMILY CHIROPRACTIC
http://www.linkedin.com/company/hoff-&-tracey-orthodontics,Hoff & Tracey Orthodontics
http://www.linkedin.com/company/comprehensive-dermatology-of-long-beach-pc,COMPREHENSIVE DERMATOLOGY OF LONG BEACH PC
http://www.linkedin.com/company/atlantic-chiropractic-and-wellness-center,Atlantic Chiropractic and Wellness Center
http://www.linkedin.com/company/moorestown-dermatology-associates-p.a.,"MOORESTOWN DERMATOLOGY ASSOCIATES, P.A."
http://www.linkedin.com/company/lindell-chiropractic,Lindell Chiropractic
http://www.linkedin.com/company/enterprise-chiropractic-clinic,Enterprise Chiropractic Clinic
http://www.linkedin.com/company/bautista-chiropractic-care,Bautista Chiropractic Care
http://www.linkedin.com/company/adams-chiropractic-health-ctr,Adams Chiropractic Health Ctr
http://www.linkedin.com/company/dermatology-and-cosmetic-skin-surgery,Dermatology and Cosmetic Skin Surgery
http://www.linkedin.com/company/epcmckinney,Elite Performance Chiropractic - McKinney
http://www.linkedin.com/company/garrow-family-chiropractic,Garrow Family Chiropractic
http://www.linkedin.com/company/tusken-chiropractic-&-acupunc,Tusken Chiropractic & Acupunc
http://www.linkedin.com/company/wise-orthodontics,Wise Orthodontics
http://www.linkedin.com/company/taber-chiropractic,Taber Chiropractic
http://www.linkedin.com/company/chiaf-chiropractic-clinic,Chiaf Chiropractic Clinic
http://www.linkedin.com/company/bazzani-chiropractic,Bazzani Chiropractic
http://www.linkedin.com/company/chambers-street-orthodontics,Chambers Street Orthodontics
http://www.linkedin.com/company/allen-dermatology-&-skin,Allen Dermatology & Skin Care
http://www.linkedin.com/company/le-roy-chiropractic,Le Roy Chiropractic
http://www.linkedin.com/company/advanced-relief-chiropractic,Advanced Relief Chiropractic
http://www.linkedin.com/company/west-valley-chiropractic,West Valley Chiropractic
http://www.linkedin.com/company/schmidt-family-chiropractic,Schmidt Family Chiropractic
http://www.linkedin.com/company/fick-chiropractic,Fick Chiropractic
http://www.linkedin.com/company/greater-washington-dermatology,Greater Washington Dermatology
http://www.linkedin.com/company/rockefeller-health-&-medical-chiropractic,Rockefeller Health & Medical Chiropractic
http://www.linkedin.com/company/p3-chiropractic-and-sports-care-inc.,"P3 CHIROPRACTIC AND SPORTS CARE, INC."
http://www.linkedin.com/company/cedar-creek-dental-center,Cedar Creek Dental Center
http://www.linkedin.com/company/turnpaugh-chiropractic-health-and-wellness-center-pc,TURNPAUGH CHIROPRACTIC HEALTH AND WELLNESS CENTER PC
http://www.linkedin.com/company/boston-physiotherapy-limited,BOSTON PHYSIOTHERAPY LIMITED
http://www.linkedin.com/company/dental-care-london-limited,DENTAL CARE LONDON LIMITED
http://www.linkedin.com/company/simply-chiropractic-york-limited,SIMPLY CHIROPRACTIC YORK LIMITED
http://www.linkedin.com/company/north-suburban-dermatology,North Suburban Dermatology Associates
http://www.linkedin.com/company/oasis-dermatology-pllc,"OASIS DERMATOLOGY, PLLC"
http://www.linkedin.com/company/howard-county-chiropractic-spine-&-sports-rehabilitation.-llc,HOWARD COUNTY CHIROPRACTIC SPINE & SPORTS REHABILITATION. LLC
http://www.linkedin.com/company/allergy-&-dermatology-specialists,Allergy & Dermatology Specialists
http://www.linkedin.com/company/family-dermatology-of-albemarle-plc,"FAMILY DERMATOLOGY OF ALBEMARLE, PLC"
http://www.linkedin.com/company/central-minnesota-dermatology,Central Minnesota Dermatology
http://www.linkedin.com/company/halcyon-dermatology,Halcyon Dermatology
http://www.linkedin.com/company/north-sound-dermatology-pc-inc.,"NORTH SOUND DERMATOLOGY PC, INC."
http://www.linkedin.com/company/peters-dermatology-center,PETERS DERMATOLOGY CENTER
http://www.linkedin.com/company/rheumatology-and-dermatology-associates-pc,"RHEUMATOLOGY AND DERMATOLOGY ASSOCIATES, PC"
http://www.linkedin.com/company/advanced-dermatology-inc.,ADVANCED DERMATOLOGY INC.
http://www.linkedin.com/company/hampshire-dermatology-and-skin-health-center,Hampshire Dermatology and Skin Health Center
http://www.linkedin.com/company/cedar-city-chiropractic-and-rehabilitation,CEDAR CITY CHIROPRACTIC AND REHABILITATION
http://www.linkedin.com/company/butera-chiropractic-llc,BUTERA CHIROPRACTIC LLC
http://www.linkedin.com/company/brazos-valley-physical-therapy,Brazos Valley Physical Therapy
http://www.linkedin.com/company/american-dermatology-associates-inc,AMERICAN DERMATOLOGY ASSOCIATES INC
http://www.linkedin.com/company/iowa-chiropractic-clinic,IOWA CHIROPRACTIC CLINIC
http://www.linkedin.com/company/west-texas-clinic-of-chiropractic,WEST TEXAS CLINIC OF CHIROPRACTIC
http://www.linkedin.com/company/east-tennessee-dermatology-group-pc,"EAST TENNESSEE DERMATOLOGY GROUP, PC"
http://www.linkedin.com/company/pearson-physiotherapy-specialists-llc,"PEARSON PHYSIOTHERAPY SPECIALISTS, LLC"
http://www.linkedin.com/company/healthysmiledental,Healthy Smile Dental LLC
http://www.linkedin.com/company/bridgewaydentalny,Bridgeway Dental
http://www.linkedin.com/company/glencoe-family-chiropractic,Glencoe Family Chiropractic
http://www.linkedin.com/company/bell-plaza-chiropractic,Bell Plaza Chiropractic
http://www.linkedin.com/company/capitol-chiropractic-wellness-center,Capitol Chiropractic Wellness Center
http://www.linkedin.com/company/opp-family-chiropractic-pa,Opp Family Chiropractic
http://www.linkedin.com/company/henken-orthodontics,Henken Orthodontics
http://www.linkedin.com/company/meininger-family-chiropractic,Meininger Family Chiropractic
http://www.linkedin.com/company/jubilee-family-chiropractic,Jubilee Family Chiropractic & Scoliosis Solutions
http://www.linkedin.com/company/mashell-chiropractic-clinic,Mashell Chiropractic Clinic
http://www.linkedin.com/company/islip-chiropractic,Islip Chiropractic
http://www.linkedin.com/company/northern-light-care,Johnsburg Chiropractic and Wellness Center
http://www.linkedin.com/company/restoration-bodyworks-physical-therapy,Restoration Bodyworks Physical Therapy
http://www.linkedin.com/company/north-beach-chiropractic,North Beach Chiropractic
http://www.linkedin.com/company/short-orthodontics,Short Orthodontics
http://www.linkedin.com/company/i-health-physical-therapy-inc,I Health Physical Therapy INC
http://www.linkedin.com/company/global-pt,Global Physical Therapy
http://www.linkedin.com/company/livinghealthyphysicaltherapy,Living Healthy Physical Therapy
http://www.linkedin.com/company/capitol-chiropractic-center,Capitol Chiropractic Center
http://www.linkedin.com/company/perfect-smiles-california,Perfect Smiles California
http://www.linkedin.com/company/judsonfamilychiropractic,Judson Family Chiropractic
http://www.linkedin.com/company/ocean-ranch-chiropractic,Ocean Ranch Chiropractic
http://www.linkedin.com/company/culberson-family-orthodontics-llc,"CULBERSON FAMILY ORTHODONTICS, LLC"
http://www.linkedin.com/company/rhino-chiropractic,Rhino Chiropractic
http://www.linkedin.com/company/dermatology-and-advanced-skin-care-inc,"DERMATOLOGY AND ADVANCED SKIN CARE, INC"
http://www.linkedin.com/company/redwood-empire-dermatology-inc,"REDWOOD EMPIRE DERMATOLOGY, INC"
http://www.linkedin.com/company/crane-street-dermatology,CRANE STREET DERMATOLOGY
http://www.linkedin.com/company/north-mountain-dermatology-ltd,NORTH MOUNTAIN DERMATOLOGY LTD
http://www.linkedin.com/company/kerner-chiropractic-ctr,Kerner Chiropractic Ctr
http://www.linkedin.com/company/o.c.-dental-group,O.C. Dental Group
http://www.linkedin.com/company/keegan-chiropractic-sports,Keegan Chiropractic Sports and Wellness Clinic
http://www.linkedin.com/company/metcalf-chiropractic-center,Metcalf Chiropractic Center
http://www.linkedin.com/company/green-family-chiropractic,Green Family Chiropractic
http://www.linkedin.com/company/tomball-chiropractic-center-pc,Tomball Chiropractic Center Pc
http://www.linkedin.com/company/ashford-chiropractic-center,Ashford Chiropractic Center
http://www.linkedin.com/company/bryant-clinic-of-chiropractic,Bryant Clinic Of Chiropractic
http://www.linkedin.com/company/carpenter-orthodontics,Carpenter Orthodontics
http://www.linkedin.com/company/lawrenceville-dermatology,Lawrenceville Dermatology
http://www.linkedin.com/company/dooley-family-chiropractic,Dooley Family Chiropractic
http://www.linkedin.com/company/swiss-chiropractic,Swiss Chiropractic
http://www.linkedin.com/company/san-carlos-chiropractic,San Carlos Chiropractic
http://www.linkedin.com/company/hillsboro-orthodontics,Hillsboro Orthodontics
http://www.linkedin.com/company/pacific-highway-chiropractic,Pacific Highway Chiropractic
http://www.linkedin.com/company/arvidson-chiropractic,Arvidson Chiropractic
http://www.linkedin.com/company/spartan-family-chiropractic,Spartan Family Chiropractic
http://www.linkedin.com/company/norwich-chiropractic-&-massage-centre,Georgina Pitcher Chiropractic
http://www.linkedin.com/company/andy-davies-chiropractic-clinic,Andy Davies Chiropractic Clinic
http://www.linkedin.com/company/chiropractic-centrum-enschede,Chiropractic Centrum Enschede
http://www.linkedin.com/company/wellbeing-chiropractic-amsterdam,Wellbeing Chiropractic Amsterdam
http://www.linkedin.com/company/copa-chiropractic,Copa Chiropractic
http://www.linkedin.com/company/in-motion-physical-therapy-of-ny,IN MOTION PHYSICAL THERAPY OF NY
http://www.linkedin.com/company/chapman-physical-therapy,Chapman Physical Therapy
http://www.linkedin.com/company/greensboro-dermatology-associates-p.a,"GREENSBORO DERMATOLOGY ASSOCIATES, P.A"
http://www.linkedin.com/company/thomasorthodontics,Thomas Orthodontics
http://www.linkedin.com/company/dreamland-dental-&-orthodontics,Dreamland Dental & Orthodontics
http://www.linkedin.com/company/aesthetic-dermatology-and-laser-surgery,Aesthetic Dermatology and Laser Surgery
http://www.linkedin.com/company/universal-dermatology-pllc,"UNIVERSAL DERMATOLOGY, PLLC"
http://www.linkedin.com/company/devore-dermatology,Devore Dermatology
http://www.linkedin.com/company/circle-chiropractic-center,Circle Chiropractic Center
http://www.linkedin.com/company/narra-dermatology-and-aesthetics,Narra Dermatology and Aesthetics
http://www.linkedin.com/company/young-chiropractic-&-rehabilitation-center-llc,YOUNG CHIROPRACTIC & REHABILITATION CENTER LLC
http://www.linkedin.com/company/king-street-chiropractic-wellness-center,King Street Chiropractic Wellness Center
http://www.linkedin.com/company/waimea-smiles,Waimea Smiles
http://www.linkedin.com/company/high-plains-physical-therapy,High Plains Physical Therapy
http://www.linkedin.com/company/schwartz-physical-therapy,Schwartz Physical Therapy
http://www.linkedin.com/company/river-dental-care,River Dental Care
http://www.linkedin.com/company/dental-arts-of-hastings-on-hudson,Dental Arts of Hastings-on-Hudson
http://www.linkedin.com/company/healthstrong-chiropractic-rehabilitation,HealthStrong Chiropractic & Rehabilitation
http://www.linkedin.com/company/smilesrus,Smiles-R-Us
http://www.linkedin.com/company/alamedaphysicaltherapy,Alameda Physical Therapy
http://www.linkedin.com/company/legacy-smiles,Legacy Smiles
http://www.linkedin.com/company/winter-haven-dermatology-pa,WINTER HAVEN DERMATOLOGY PA
http://www.linkedin.com/company/bel-ami-dermatology-pa,BEL-AMI DERMATOLOGY PA
http://www.linkedin.com/company/texas-dermatology-&-skin-cancer-center-pllc,"TEXAS DERMATOLOGY & SKIN CANCER CENTER, PLLC"
http://www.linkedin.com/company/del-campo-dermatology-llc,DEL CAMPO DERMATOLOGY LLC
http://www.linkedin.com/company/dermatology-institute-&-skin-care-center-inc.,"DERMATOLOGY INSTITUTE & SKIN CARE CENTER, INC."
http://www.linkedin.com/company/coastal-valley-dermatology-associates-inc,"COASTAL VALLEY DERMATOLOGY ASSOCIATES, INC"
http://www.linkedin.com/company/the-people's-chiropractic-clinic-pllc,THE PEOPLE'S CHIROPRACTIC CLINIC PLLC
http://www.linkedin.com/company/advanced-dermatology-of-oregon,ADVANCED DERMATOLOGY OF OREGON
http://www.linkedin.com/company/wright-dermatology-pllc,"WRIGHT DERMATOLOGY, PLLC"
http://www.linkedin.com/company/affinitydermatology,Affinity Dermatology PLLC
http://www.linkedin.com/company/dovorany-orthodontics,Dovorany Orthodontics
http://www.linkedin.com/company/clinger-chiropractic-center,Clinger Chiropractic Center
http://www.linkedin.com/company/sonak-family-chiropractic,Sonak Family Chiropractic
http://www.linkedin.com/company/zabrosky-chiropractic-and-wellness-center,Zabrosky Chiropractic and Wellness Center
http://www.linkedin.com/company/coastal-chiropractic-center,Coastal Chiropractic Center
http://www.linkedin.com/company/niequist-chiropractic-clinic,Niequist Chiropractic
http://www.linkedin.com/company/the-wellness-center-mcallister-chiropractic,The Wellness Center | McAllister Chiropractic
http://www.linkedin.com/company/new-bern-chiropractic-care,New Bern Chiropractic Care
http://www.linkedin.com/company/eastside-family-chiropractic,Eastside Family Chiropractic
http://www.linkedin.com/company/mid-michigan-dermatology,Mid Michigan Dermatology
http://www.linkedin.com/company/lawless-chiropractic,Lawless Chiropractic
http://www.linkedin.com/company/maximum-chiropractic-llc,Maximum Chiropractic LLC
http://www.linkedin.com/company/prism-physical-therapy,PRISM Physical Therapy
http://www.linkedin.com/company/port-city-chiropractic,Port City Chiropractic
http://www.linkedin.com/company/arena-chiropractic-clinic,Arena Chiropractic Clinic
http://www.linkedin.com/company/trevens-specific-chiropractic,Trevens Specific Chiropractic
http://www.linkedin.com/company/marty-chiropractic-clinic,Marty Chiropractic Clinic
http://www.linkedin.com/company/binger-chiropractic-clinic,Binger Chiropractic Clinic
http://www.linkedin.com/company/chiropracticfirstofiowa,Chiropractic First of Iowa
http://www.linkedin.com/company/tree-of-life-pediatric-and-family-chiropractic,Tree of Life Pediatric and Family Chiropractic
http://www.linkedin.com/company/williams-performance-physical-therapy,Williams Performance Physical Therapy
http://www.linkedin.com/company/sertell-chiropractic-clinic,Sertell Chiropractic Clinic
http://www.linkedin.com/company/pearlcosmeticdds,Pearl Cosmetic & Family Dentistry
http://www.linkedin.com/company/dentist-paris-tx,Paris Family Dental
http://www.linkedin.com/company/integrative-physical-therapy-and-wellness-llc,"Integrative Physical Therapy and Wellness, LLC"
http://www.linkedin.com/company/covinachiropractic,Covina Chiropractic
http://www.linkedin.com/company/burcon-chiropractic,Burcon Chiropractic
http://www.linkedin.com/company/craft-physical-therapy-pllc,"Craft Physical Therapy, PLLC"
http://www.linkedin.com/company/excel-chiropractic-atlanta,Excel Chiropractic
http://www.linkedin.com/company/east-falls-chiropractic,East Falls Chiropractic
http://www.linkedin.com/company/south-kendall-dermatology,SOUTH KENDALL DERMATOLOGY
http://www.linkedin.com/company/heights-dermatology-and-laser,Heights Dermatology and Laser
http://www.linkedin.com/company/back-in-motion-family-chiropractic,BACK IN MOTION FAMILY CHIROPRACTIC
http://www.linkedin.com/company/advanced-chiropractic-wellness-care,ADVANCED CHIROPRACTIC WELLNESS CARE
http://www.linkedin.com/company/warthan-dermatology-associates-pa,Warthan Dermatology Center
http://www.linkedin.com/company/leading-edge-chiropractic,Leading Edge Chiropractic
http://www.linkedin.com/company/merrimac-family-chiropractic,Merrimac Family Chiropractic
http://www.linkedin.com/company/bay-ridge-dermatology,Bay Ridge Dermatology
http://www.linkedin.com/company/berkeley-orthodontics,Berkeley Orthodontics
http://www.linkedin.com/company/kaplan-chiropractic-office,Kaplan Chiropractic Office
http://www.linkedin.com/company/flow-chiropractic-and-family-wellness-center,Flow Chiropractic and Family Wellness Center
http://www.linkedin.com/company/south-west-chiropractic,South West Chiropractic
http://www.linkedin.com/company/sirucek-chiropractic-clinic,Sirucek Chiropractic Clinic
http://www.linkedin.com/company/eagle-river-orthodontics,Eagle River Orthodontics
http://www.linkedin.com/company/blackhawk-orthodontics,Blackhawk Orthodontics
http://www.linkedin.com/company/doyle-chiropractic,Doyle Chiropractic
http://www.linkedin.com/company/beattie-family-orthodontics,Beattie Family Orthodontics
http://www.linkedin.com/company/south-lyon-orthodontics,South Lyon Orthodontics
http://www.linkedin.com/company/secrest-family-chiropractic,Secrest Family Chiropractic
http://www.linkedin.com/company/paragon-dermatology,Paragon Dermatology
http://www.linkedin.com/company/rhodes-chiropractic,Rhodes Chiropractic
http://www.linkedin.com/company/dr.-todd-h.-rankin-orthodontics,Dr. Todd H. Rankin Orthodontics
http://www.linkedin.com/company/de-moss-chiropractic,De Moss Chiropractic
http://www.linkedin.com/company/kalamazoo-dermatology-inc,Kalamazoo Dermatology Inc
http://www.linkedin.com/company/cramer-chiropractic,Cramer Chiropractic
http://www.linkedin.com/company/adams-chiropractic-offices-inc,Adams Chiropractic Offices Inc
http://www.linkedin.com/company/walker-chiropractic-clinic,Walker Chiropractic Clinic
http://www.linkedin.com/company/corcoran-chiropractic,Corcoran Chiropractic
http://www.linkedin.com/company/mid-peninsula-orthodontics,Mid Peninsula Orthodontics
http://www.linkedin.com/company/hamilton-orthodontics,Hamilton Orthodontics
http://www.linkedin.com/company/calumet-dermatology-assoc,Calumet Dermatology Assoc
http://www.linkedin.com/company/wellspine-chiropractic,Wellspine Chiropractic
http://www.linkedin.com/company/burns-chiropractic,Burns Chiropractic
http://www.linkedin.com/company/anchorage-chiropractic-clinic,Anchorage Chiropractic Clinic
http://www.linkedin.com/company/legacy-orthodontics,LEGACY ORTHODONTICS
http://www.linkedin.com/company/houston-chiropractic-clinic,Houston Chiropractic Clinic
http://www.linkedin.com/company/mortenson-orthodontics,Mortenson Orthodontics
http://www.linkedin.com/company/royal-oak-chiropractic-clinic,Royal Oak Chiropractic Clinic
http://www.linkedin.com/company/hecker-dermatology-group-pa,Hecker Dermatology Group PA
http://www.linkedin.com/company/cousineau-chiropractic-center,Cousineau Chiropractic Center
http://www.linkedin.com/company/alamo-oaks-dermatology,Alamo Oaks Dermatology
http://www.linkedin.com/company/agha-advanced-dermatology-pc,"Agha Advanced Dermatology, PC"
http://www.linkedin.com/company/back-2-back-chiropractic-clinics,Back 2 Back Chiropractic Clinics
http://www.linkedin.com/company/exceed-physiotherapy,Exceed Physiotherapy
http://www.linkedin.com/company/elva-dental-cliinic,ELVA Dental Clinic
http://www.linkedin.com/company/revolutionptky,Revolution Physical Therapy
http://www.linkedin.com/company/new-haven-dental,"New Haven Dental: Nicole M. Matthews, DDS - Luke R. Komotos, DDS"
http://www.linkedin.com/company/dunwoody-dermatology-llc,"DUNWOODY DERMATOLOGY, LLC"
http://www.linkedin.com/company/gulfshore-dermatology-at-coralwood-pa,"GULFSHORE DERMATOLOGY AT CORALWOOD, PA"
http://www.linkedin.com/company/skin-wellness-dermatology-associates-pa,"SKIN WELLNESS DERMATOLOGY ASSOCIATES, PA"
http://www.linkedin.com/company/lincoln-road-dermatology,Lincoln Road Dermatology
http://www.linkedin.com/company/pittsburgh-dermatology-and-skin-cancer-center-p.c.,"PITTSBURGH DERMATOLOGY AND SKIN CANCER CENTER, P.C."
http://www.linkedin.com/company/integra-dermatology-pa,INTEGRA DERMATOLOGY PA
http://www.linkedin.com/company/mccray-dermatology,McCray Dermatology
http://www.linkedin.com/company/mid-columbia-dermatology-llc,"MID-COLUMBIA DERMATOLOGY, LLC"
http://www.linkedin.com/company/east-beach-dental,Creative Smiles
http://www.linkedin.com/company/skinrehabnd,Skin Rehab Dermatology / Aesthetics
http://www.linkedin.com/company/akasha-physiotherapy,Akasha Physiotherapy
http://www.linkedin.com/company/reflections-dermatology-and-center-for-skin-care-pllc,REFLECTIONS DERMATOLOGY AND CENTER FOR SKIN CARE PLLC
http://www.linkedin.com/company/stones-river-dermatology-plc,STONES RIVER DERMATOLOGY PLC
http://www.linkedin.com/company/colibri-chiropractic-clinic-llc,"COLIBRI CHIROPRACTIC CLINIC, LLC"
http://www.linkedin.com/company/innovative-dental-&-orthodontics-p.a.,"INNOVATIVE DENTAL & ORTHODONTICS, P.A."
http://www.linkedin.com/company/gowrie-family-chiropractic-clinic-pc,GOWRIE FAMILY CHIROPRACTIC CLINIC PC
http://www.linkedin.com/company/vita-chiropractic-clinic-llc,"VITA CHIROPRACTIC CLINIC, LLC"
http://www.linkedin.com/company/dermatology-physicians-group-llc,"DERMATOLOGY PHYSICIANS GROUP, LLC"
http://www.linkedin.com/company/cosmetic-surgery-&-dermatology-of-issaquah-inc.,"COSMETIC SURGERY & DERMATOLOGY OF ISSAQUAH, INC."
http://www.linkedin.com/company/river-hills-chiropractic-clinic-inc,RIVER HILLS CHIROPRACTIC CLINIC INC
http://www.linkedin.com/company/supertooth-dentistry,Supertooth Dentistry
http://www.linkedin.com/company/424-cosmetic-dermatology-inc.,"424 COSMETIC DERMATOLOGY, INC."
http://www.linkedin.com/company/cardenas-dental-implants-and-oral-surgery,CARDENAS DENTAL IMPLANTS AND ORAL SURGERY
http://www.linkedin.com/company/orthodontist-in-westchester,Purchase Park Orthodontics of Westchester
http://www.linkedin.com/company/des-plaines-dental-studio,Des Plaines Dental Studio
http://www.linkedin.com/company/hourihan-family-chiropractic,Balance Chiropractic
http://www.linkedin.com/company/lovett-family-chiropractic-&-wellness-center,Lovett Family Chiropractic & Wellness Center
http://www.linkedin.com/company/atlas-specific-chiropractic,Atlas Specific Chiropractic
http://www.linkedin.com/company/shtulman-family-chiropractic,Shtulman Family Chiropractic
http://www.linkedin.com/company/northeast-chiropractic-center,Northeast Chiropractic Center (770)451-9494
http://www.linkedin.com/company/bridges-chiropractic-clinic,Bridges Chiropractic Clinic
http://www.linkedin.com/company/kentucky-family-chiropractic,Kentucky Family Chiropractic
http://www.linkedin.com/company/chiropractic-health-plus,Chiropractic Health Plus
http://www.linkedin.com/company/stanford-chiropractic,Stanford Chiropractic
http://www.linkedin.com/company/shelton-family-chiropractic,Shelton Family Chiropractic & Physical Therapy
http://www.linkedin.com/company/coastline-dermatology-laser,Coastline Dermatology Laser
http://www.linkedin.com/company/goshgarian-orthodontics,Goshgarian Orthodontics
http://www.linkedin.com/company/pines-family-chiropractic,Pines Family Chiropractic
http://www.linkedin.com/company/botti-chiropractic-&-wellness,Botti Chiropractic & Wellness
http://www.linkedin.com/company/elevation-dermatology-llc,ELEVATION DERMATOLOGY LLC
http://www.linkedin.com/company/quality-chiropractic-&-rehab,QUALITY CHIROPRACTIC & REHAB
http://www.linkedin.com/company/haggard-chiropractic,Haggard Chiropractic
http://www.linkedin.com/company/chiropractic-sports-therapy,Chiropractic Sports Therapy
http://www.linkedin.com/company/shasta-orthodontics,Shasta Orthodontics
http://www.linkedin.com/company/south-bay-family-chiropractic,South Bay Family Chiropractic
http://www.linkedin.com/company/magness-orthodontics,Magness Orthodontics
http://www.linkedin.com/company/calkin-and-boudreaux-dermatology-asssociates,Calkin And Boudreaux Dermatology Asssociates
http://www.linkedin.com/company/lake-meridian-chiropractic,Lake Meridian Chiropractic
http://www.linkedin.com/company/alta-vista-dental-san-francisco-bay-area,Alta Vista Dental
http://www.linkedin.com/company/laneville-family-chiropractic,LANEVILLE FAMILY CHIROPRACTIC
http://www.linkedin.com/company/rickards-chiropractic,Rickards Chiropractic
http://www.linkedin.com/company/calfee-chiropractic-ctr,Calfee Chiropractic Ctr
http://www.linkedin.com/company/click-chiropractic,Click Chiropractic
http://www.linkedin.com/company/travers-orthodontics-pa,Travers Orthodontics Pa
http://www.linkedin.com/company/cavanaugh-orthodontics,Cavanaugh Orthodontics
http://www.linkedin.com/company/fairview-chiropractic-clinic,Fairview Chiropractic Clinic
http://www.linkedin.com/company/axelson-chiropractic-health,Axelson Chiropractic Health
http://www.linkedin.com/company/vital-link-chiropractic,Vital Link Chiropractic. PC
http://www.linkedin.com/company/wicker-park-orthodontics,WICKER PARK ORTHODONTICS
http://www.linkedin.com/company/milligan-dermatology,Milligan Dermatology
http://www.linkedin.com/company/heying-orthodontics,Heying Orthodontics
http://www.linkedin.com/company/hasley-canyon-dental-group-and-orthodontics,Hasley Canyon Dental Group and Orthodontics
http://www.linkedin.com/company/skin-care-doctors-pa.,"Skin Care Doctors, P.A."
http://www.linkedin.com/company/ashton-chiropractic-ctr,Ashton Chiropractic Ctr
http://www.linkedin.com/company/valley-dental-group-llc,"VALLEY DENTAL GROUP, LLC"
http://www.linkedin.com/company/whitley-bay-chiropractic-limited,WHITLEY BAY CHIROPRACTIC LIMITED
http://www.linkedin.com/company/north-walsham-chiropractic-clinic,NORTH WALSHAM CHIROPRACTIC CLINIC
http://www.linkedin.com/company/active-viii-limited,Active VIII Physiotherapy & Sports Physio
http://www.linkedin.com/company/md-medical-aesthetics-ltd,MD Medical Aesthetics Ltd
http://www.linkedin.com/company/hill-medical-clinic,Hill Medical Skin & Health Clinic
http://www.linkedin.com/company/evolutionphysioltd,Evolution-Physio
http://www.linkedin.com/company/c-o-r-e-physical-therapy,C.O.R.E Physical Therapy
http://www.linkedin.com/company/blue-harbor-dermatology-inc,BLUE HARBOR DERMATOLOGY INC
http://www.linkedin.com/company/physiotherapy-&-sports-rehab-llc,PHYSIOTHERAPY & SPORTS REHAB LLC
http://www.linkedin.com/company/dermatology-associates-of-mclean,DERMATOLOGY ASSOCIATES OF MCLEAN
http://www.linkedin.com/company/dermatology-clinic-of-north-mississippi-p.l.l.c.,"DERMATOLOGY CLINIC OF NORTH MISSISSIPPI, P.L.L.C."
http://www.linkedin.com/company/live-&-smile-dental-&-orthodontics,Live & Smile Dental & Orthodontics
http://www.linkedin.com/company/north-metro-dermatology-pllc,"NORTH METRO DERMATOLOGY, PLLC"
http://www.linkedin.com/company/first-coast-dermatology-p-a,FIRST COAST DERMATOLOGY P A
http://www.linkedin.com/company/aesthetic-dermatology-&-cosmetic-surgery-inc,AESTHETIC DERMATOLOGY & COSMETIC SURGERY INC
http://www.linkedin.com/company/dr.-donna-a.-serure-dermatology-pc,"DR. DONNA A. SERURE, DERMATOLOGY PC"
http://www.linkedin.com/company/shah-dermatology-llc,SHAH DERMATOLOGY LLC
http://www.linkedin.com/company/laca-dermatology-inc,"LACA DERMATOLOGY, INC"
http://www.linkedin.com/company/sligh-clinic-of-chiropractic,Sligh Clinic Of Chiropractic
http://www.linkedin.com/company/dewald-chiropractic-inc,DEWALD CHIROPRACTIC INC
http://www.linkedin.com/company/cameron-chiropractic-clinic,Cameron Chiropractic Clinic
http://www.linkedin.com/company/performance-dental-center-pllc,PERFORMANCE DENTAL CENTER PLLC
http://www.linkedin.com/company/bardstown-road-physical-therapy-group,Bardstown Road Physical Therapy Group
http://www.linkedin.com/company/apdao,Alabama Pediatric Dental Associates & Orthodontics
http://www.linkedin.com/company/sonoran-vista-dentistry,Sonoran Vista Dentistry
http://www.linkedin.com/company/lubbock-dermatology-and-skin-cancer-center,LUBBOCK DERMATOLOGY AND SKIN CANCER CENTER
http://www.linkedin.com/company/delaire-chiropractic-clinic-inc,DELAIRE CHIROPRACTIC CLINIC INC
http://www.linkedin.com/company/johns-creek-dermatology-and-family-medicine-p.c.,"JOHNS CREEK DERMATOLOGY AND FAMILY MEDICINE, P.C."
http://www.linkedin.com/company/dermatology-center-of-rochester-hills-p.c.,"DERMATOLOGY CENTER OF ROCHESTER HILLS, P.C."
http://www.linkedin.com/company/derrow-dermatology-associates-llc,"DERROW DERMATOLOGY ASSOCIATES, LLC"
http://www.linkedin.com/company/cincyskin-medical-and-cosmetic-dermatology,CincySkin Medical and Cosmetic Dermatology
http://www.linkedin.com/company/legends-dermatology-llc,"LEGENDS DERMATOLOGY, LLC"
http://www.linkedin.com/company/harris-chiropractic-clinic-llc,"HARRIS CHIROPRACTIC CLINIC, LLC"
http://www.linkedin.com/company/reed-dermatology-northwest-llc,"REED DERMATOLOGY NORTHWEST, LLC"
http://www.linkedin.com/company/morrell-dermatology-pa,MORRELL DERMATOLOGY
http://www.linkedin.com/company/arizona-premier-dermatology-llc,"ARIZONA PREMIER DERMATOLOGY, LLC"
http://www.linkedin.com/company/sports-medicine-&-physical-therapy,Sports Medicine & Physical Therapy (SM&PT)
http://www.linkedin.com/company/integrated-chiropractic-pllc,"Integrated Chiropractic, PLLC"
http://www.linkedin.com/company/bishop-chiropractic,Bishop Chiropractic
http://www.linkedin.com/company/lucas-chiropractic-clinic,Lucas Chiropractic Clinic
http://www.linkedin.com/company/chiropractic-health-care,Chiropractic Health Care
http://www.linkedin.com/company/avista-chiropractic,Avista Chiropractic
http://www.linkedin.com/company/universal-chiropractic-and-nutrition-center,Universal Chiropractic and Nutrition Center
http://www.linkedin.com/company/adler-family-chiropractic-pc,"Adler Comprehensive Chiropractic, LLC"
http://www.linkedin.com/company/falite-family-chiropractic,Falite Family Chiropractic
http://www.linkedin.com/company/complete-chiropractic-center,"Complete Chiropractic Center, PLLC"
http://www.linkedin.com/company/seibert-chiropractic,Seibert Chiropractic
http://www.linkedin.com/company/tigges-chiropractic-clinic,Tigges Chiropractic & Wellness
http://www.linkedin.com/company/weston-chiropractic-centre-ltd,Weston Chiropractic
http://www.linkedin.com/company/portland-backsmith-chiropractic,Portland Backsmith Chiropractic
http://www.linkedin.com/company/artistic-athletics-physical-therapy-and-performance,Artistic Athletics Physical Therapy and Performance
http://www.linkedin.com/company/reach-health-and-wellness-chiropractic,Reach Health and Wellness Chiropractic
http://www.linkedin.com/company/seppo-chiropractic,Seppo Chiropractic
http://www.linkedin.com/company/spanaway-dental-wellness,Spanaway Dental Wellness
http://www.linkedin.com/company/mountainview-chiropractic-center,Mountainview Chiropractic Center
http://www.linkedin.com/company/dirks-chiropractic-inc,Dirks Chiropractic & Laser Therapy
http://www.linkedin.com/company/smiles-for-life-dental-care-best-dental-implants-dentures,Smiles for Life Dental Care - Best Dental Implants & Dentures
http://www.linkedin.com/company/bunch-chiropractic,Bunch Chiropractic
http://www.linkedin.com/company/lets-move-physical-therapy,LETS MOVE PHYSICAL THERAPY
http://www.linkedin.com/company/synergy-physiotherapy-wellness,Synergy Physiotherapy and Wellness
http://www.linkedin.com/company/ford-chiropractic-inc,Ford Chiropractic Inc.
http://www.linkedin.com/company/focus-physical-therapy-sports-medicine-llc-06037,"Focus Physical Therapy & Sports Medicine, LLC"
http://www.linkedin.com/company/first-steps-chiropractic,First Steps Chiropractic
http://www.linkedin.com/company/haneschiropracticwellnesscenter,Hanes Chiropractic Wellness Center
http://www.linkedin.com/company/bee-ridge-chiropractic-pllc,BEE RIDGE CHIROPRACTIC PLLC
http://www.linkedin.com/company/mn-center-for-dental-care,MN Center For Dental Care
http://www.linkedin.com/company/wow-family-chiropractic-inc,"WOW FAMILY CHIROPRACTIC, INC"
http://www.linkedin.com/company/frontrangechiro,Front Range Family Health & Chiropractic
http://www.linkedin.com/company/today-s-family-dentistry,Today's Family Dentistry
http://www.linkedin.com/company/advanced-chiropractic-solutions-l.l.c.,"ADVANCED CHIROPRACTIC SOLUTIONS, L.L.C."
http://www.linkedin.com/company/shore-derm,Shore Dermatology
http://www.linkedin.com/company/pediatric-dentistry-and-orthodontics-of-livermore,Pediatric Dentistry and Orthodontics of Livermore
http://www.linkedin.com/company/belli-&-streit-orthodontics,BELLI & STREIT ORTHODONTICS
http://www.linkedin.com/company/farhoumand-dental-p.c.,FARHOUMAND DENTISTRY
http://www.linkedin.com/company/1-source-chiropractic-&-physical-medicine-center-inc,1 SOURCE CHIROPRACTIC & PHYSICAL MEDICINE CENTER INC
http://www.linkedin.com/company/mediapolis-chiropractic-center-pllc,"MEDIAPOLIS CHIROPRACTIC CENTER, PLLC"
http://www.linkedin.com/company/chiropractic-nutrition-solutions,CHIROPRACTIC NUTRITION SOLUTIONS
http://www.linkedin.com/company/dahlke-orthodontics-llc,DAHLKE ORTHODONTICS LLC
http://www.linkedin.com/company/advanced-chiropractic-of-milford,Advanced Chiropractic of Milford
http://www.linkedin.com/company/stewart-chiropractic-center-pc,STEWART CHIROPRACTIC CENTER PC
http://www.linkedin.com/company/blue-ridge-chiropractic-and-life-center,BLUE RIDGE CHIROPRACTIC AND LIFE CENTER
http://www.linkedin.com/company/ash-chiropractic-&-wellness-pc,ASH CHIROPRACTIC & WELLNESS PC
http://www.linkedin.com/company/wolfe-chiropractic-and-functional-medicine-inc.,"WOLFE CHIROPRACTIC AND FUNCTIONAL MEDICINE, INC."
http://www.linkedin.com/company/marienthal-chiropractic-health-&-wellness-center,Marienthal Chiropractic Health & Wellness Center
http://www.linkedin.com/company/revival-chiropractic-llc,REVIVAL CHIROPRACTIC LLC
http://www.linkedin.com/company/agave-physical-therapy-llc,AGAVE PHYSICAL THERAPY LLC
http://www.linkedin.com/company/fairhaven-dermatology-pllc,"FAIRHAVEN DERMATOLOGY, PLLC"
http://www.linkedin.com/company/hull-chiropractic,HULL CHIROPRACTIC
http://www.linkedin.com/company/bonilla-chiropractic,BONILLA CHIROPRACTIC
http://www.linkedin.com/company/berglund-chiropractic-&-wellness,Berglund Chiropractic & Wellness
http://www.linkedin.com/company/promassage-&-chiropractic-inc,PROMASSAGE & CHIROPRACTIC INC
http://www.linkedin.com/company/brooks-chiropractic,Brooks Chiropractic
http://www.linkedin.com/company/longmont-modern-dentistry-and-orthodontics-llp,"LONGMONT MODERN DENTISTRY AND ORTHODONTICS, LLP"
http://www.linkedin.com/company/back-in-action-chiropractic-center-pc,BACK IN ACTION CHIROPRACTIC CENTER PC
http://www.linkedin.com/company/dees-family-chiropractic-inc.,DEES FAMILY CHIROPRACTIC INC.
http://www.linkedin.com/company/meyer-medical-and-chiropractic,MEYER MEDICAL AND CHIROPRACTIC
http://www.linkedin.com/company/reflections-orthodontics-p.c,"REFLECTIONS ORTHODONTICS, P.C"
http://www.linkedin.com/company/south-texas-orthodontics-pllc,"SOUTH TEXAS ORTHODONTICS, PLLC"
http://www.linkedin.com/company/river-chiropractic-&-wellness-center-llc,"RIVER CHIROPRACTIC & WELLNESS CENTER, LLC"
http://www.linkedin.com/company/8-flags-chiropractic,8 FLAGS CHIROPRACTIC
http://www.linkedin.com/company/carus-orthodontics,Carus Orthodontics
http://www.linkedin.com/company/monument-dentists-and-orthodontics-llp,"MONUMENT DENTISTS AND ORTHODONTICS, LLP"
http://www.linkedin.com/company/cedar-river-chiropractic-llc,"CEDAR RIVER CHIROPRACTIC, LLC"
http://www.linkedin.com/company/manzanita-kids-dentistry-&-orthodontics,MANZANITA KIDS DENTISTRY & ORTHODONTICS
http://www.linkedin.com/company/deangelo-chiropractic,DeAngelo Chiropractic
http://www.linkedin.com/company/ewing-chiropractic-llc,EWING CHIROPRACTIC LLC
http://www.linkedin.com/company/tai-chiropractic,TAI Chiropractic
http://www.linkedin.com/company/cj-chiropractic-llc,"CJ CHIROPRACTIC, LLC"
http://www.linkedin.com/company/body-healing-chiropractic-llc,"BODY HEALING CHIROPRACTIC, LLC"
http://www.linkedin.com/company/eyerly-chiropractic-offices-inc,EYERLY CHIROPRACTIC OFFICES INC
http://www.linkedin.com/company/jamesen-orthodontics,JAMESEN ORTHODONTICS
http://www.linkedin.com/company/loving-care-family-chiropractic,LOVING CARE FAMILY CHIROPRACTIC
http://www.linkedin.com/company/vanderloo-chiropractic-clinic,Vanderloo Chiropractic Clinic
http://www.linkedin.com/company/texas-chiropractic-&-family-wellness-pa,TEXAS CHIROPRACTIC & FAMILY WELLNESS PA
http://www.linkedin.com/company/docside-chiropractic-llc,DOCSIDE CHIROPRACTIC LLC
http://www.linkedin.com/company/spine-life-chiropractic-llc,"SPINE LIFE CHIROPRACTIC, LLC"
http://www.linkedin.com/company/schwartzman-chiropractic-clinic-llc,SCHWARTZMAN CHIROPRACTIC CLINIC LLC
http://www.linkedin.com/company/pins-family-chiropractic,PINS FAMILY CHIROPRACTIC
http://www.linkedin.com/company/htx-chiropractic,HTX CHIROPRACTIC
http://www.linkedin.com/company/mattioli-orthodontics-ltd.,"Mattioli Orthodontics, LTD"
http://www.linkedin.com/company/portal-family-dentistry-&-orthodontics-pllc,PORTAL FAMILY DENTISTRY & ORTHODONTICS PLLC
http://www.linkedin.com/company/nasa-chiropractic-pllc,"NASA CHIROPRACTIC, PLLC"
http://www.linkedin.com/company/family-chiropractic-center-of-santa-fe,Family Chiropractic Center of Santa Fe
http://www.linkedin.com/company/vu-chiropractic-llc,VU CHIROPRACTIC LLC
http://www.linkedin.com/company/kidsdentalpals,Kids Dental Pals & Orthodontics
http://www.linkedin.com/company/prosper-physical-therapy-and-pelvic-rehab,Prosper Physical Therapy and Pelvic Rehab
http://www.linkedin.com/company/peak-physical-therapy-mdt,Peak Physical Therapy
http://www.linkedin.com/company/moving-and-grooving-pediatric-physical-therapy,Moving and Grooving Pediatric Physical Therapy
http://www.linkedin.com/company/balancedchiros,Balanced Chiropractic
http://www.linkedin.com/company/amitydentistry,Amity Dentistry
http://www.linkedin.com/company/northwest-chiropractic-p.c.,NORTHWEST CHIROPRACTIC P.C.
http://www.linkedin.com/company/elite-sports-chiropractic,ELITE SPORTS CHIROPRACTIC
http://www.linkedin.com/company/byers-chiropractic-&-massage,Byers Chiropractic & Massage
http://www.linkedin.com/company/performance-chiropractic-clinic,Performance Chiropractic Clinic
http://www.linkedin.com/company/south-main-chiropractic-clinic,SOUTH MAIN CHIROPRACTIC CLINIC- High Point
http://www.linkedin.com/company/dr-le-s-chiropractic-and-wellness-llc,"Dr. Le's Chiropractic and Wellness, LLC"
http://www.linkedin.com/company/kenosha-chiropractic-group-llc,"Kenosha Chiropractic Group, LLC"
http://www.linkedin.com/company/the-edge-chiropractic-center-llc,The Edge Chiropractic Center
http://www.linkedin.com/company/connected-physical-therapy-llc,"Connected Physical Therapy, LLC"
http://www.linkedin.com/company/goings-orthodontics,GOINGS ORTHODONTICS
http://www.linkedin.com/company/smileleaguedental,Smile League Dental
http://www.linkedin.com/company/body-basics-physical-therapy-iowa,Body Basics Physical Therapy
http://www.linkedin.com/company/revelation-chiropractic,Revelation Chiropractic
http://www.linkedin.com/company/west-coast-chiropractic-and-wellness,West Coast Chiropractic and Wellness
http://www.linkedin.com/company/beard-family-chiropractic,Beard Family Chiropractic
http://www.linkedin.com/company/everything-spine-chiropractic-wellness,Everything Spine Chiropractic & Wellness
http://www.linkedin.com/company/the-shift-chiropractic,The Shift Chiropractic
http://www.linkedin.com/company/city-of-palms-chiropractic,City of Palms Chiropractic
http://www.linkedin.com/company/fredonia-physical-therapy,Fredonia Physical Therapy
http://www.linkedin.com/company/front-runner-physiotherapy,Front Runner Physiotherapy
http://www.linkedin.com/company/sweetgrass-orthodontics-llc,Sweetgrass Orthodontics
http://www.linkedin.com/company/plains-physical-therapy-pc,Plains Physical Therapy PC
http://www.linkedin.com/company/david-hughes-orthodontics,David Hughes Orthodontics
http://www.linkedin.com/company/delson-chiropractic,Delson Chiropractic
http://www.linkedin.com/company/halsey-chiropractic-and-acupuncture-pllc,HALSEY CHIROPRACTIC AND ACUPUNCTURE PLLC
http://www.linkedin.com/company/collart-chiropractic-llc,COLLART CHIROPRACTIC LLC
http://www.linkedin.com/company/encompass-chiropractic-center,ENCOMPASS CHIROPRACTIC CENTER
http://www.linkedin.com/company/vermont-center-for-dental-implants-&-maxillofacial-surgery-llc,"VERMONT CENTER FOR DENTAL IMPLANTS & MAXILLOFACIAL SURGERY, LLC"
http://www.linkedin.com/company/price-family-orthodontics,Price Family Orthodontics
http://www.linkedin.com/company/chiropractic-arts-center-inc.,"CHIROPRACTIC ARTS CENTER, INC."
http://www.linkedin.com/company/sage-chiropractic-wellness-center-llc,SAGE CHIROPRACTIC WELLNESS CENTER LLC
http://www.linkedin.com/company/lifegiving-chiropractic-san-jose-p.c.,LIFEGIVING CHIROPRACTIC SAN JOSE P.C.
http://www.linkedin.com/company/l&m-orthodontics,L&M Orthodontics
http://www.linkedin.com/company/swinson-chiropractic-&-total-health-center-inc,SWINSON CHIROPRACTIC & TOTAL HEALTH CENTER INC
http://www.linkedin.com/company/edwards-chiropractic-and-acupuncture-center-llc,EDWARDS CHIROPRACTIC AND ACUPUNCTURE CENTER LLC
http://www.linkedin.com/company/honor-box-chiropractic,Honor Box Chiropractic
http://www.linkedin.com/company/wu-chiropractic-care-inc.,"WU CHIROPRACTIC CARE, INC."
http://www.linkedin.com/company/dandona-curry-&-oh-orthodontics-inc,"DANDONA, CURRY & OH, ORTHODONTICS, INC"
http://www.linkedin.com/company/yarbrough-orthodontics-pa,"YARBROUGH ORTHODONTICS, PA"
http://www.linkedin.com/company/cherre-orthodontics,Cherre Orthodontics
http://www.linkedin.com/company/community-chiropractic-ps,COMMUNITY CHIROPRACTIC PS
http://www.linkedin.com/company/bayer-&-curtis-orthodontics,BAYER & CURTIS ORTHODONTICS
http://www.linkedin.com/company/pointphysio-geoff-foat-physiotherapy-green-point,Pointphysio / Geoff Foat Physiotherapy / Green Point
http://www.linkedin.com/company/full-life-chiropractic-pllc,FULL LIFE CHIROPRACTIC PLLC
http://www.linkedin.com/company/bondurant-family-chiropractic-pc,"BONDURANT FAMILY CHIROPRACTIC, PC"
http://www.linkedin.com/company/axischiroclinic,Axis Chiropractic & Massage Clinic
http://www.linkedin.com/company/family-chiropractic-wellness-&-holistic-healthcare-center,Family Chiropractic Wellness & Holistic Healthcare Center
http://www.linkedin.com/company/lakeland-chiropractic-center-inc.,"LAKELAND CHIROPRACTIC CENTER, INC."
http://www.linkedin.com/company/zahn-chiropractic,Zahn Chiropractic
http://www.linkedin.com/company/chiropractic-center-of-new-britain,Chiropractic Center of New Britain
http://www.linkedin.com/company/crusade-specific-chiropractic,CRUSADE SPECIFIC CHIROPRACTIC
http://www.linkedin.com/company/suntken-family-chiropractic-llc,SUNTKEN FAMILY CHIROPRACTIC LLC
http://www.linkedin.com/company/achieving-wellness-chiropractic-center-llc,"ACHIEVING WELLNESS CHIROPRACTIC CENTER, LLC"
http://www.linkedin.com/company/mb-orthodontics-pllc,"MB ORTHODONTICS, PLLC"
http://www.linkedin.com/company/potter-chiropractic,POTTER CHIROPRACTIC
http://www.linkedin.com/company/perfect-circle-chiropractic,Perfect Circle Chiropractic
http://www.linkedin.com/company/forum-chiropractic-pa,"FORUM CHIROPRACTIC, PA"
http://www.linkedin.com/company/utica-chiropractic-clinic-pc,"UTICA CHIROPRACTIC CLINIC, PC"
http://www.linkedin.com/company/function-first-chiropractic,FUNCTION FIRST CHIROPRACTIC
http://www.linkedin.com/company/tang-holistic-chiropractic-pa,TANG HOLISTIC CHIROPRACTIC PA
http://www.linkedin.com/company/miller-chiropractic-center-inc.,"MILLER CHIROPRACTIC CENTER, INC."
http://www.linkedin.com/company/durango-chiropractic-clinic,DURANGO CHIROPRACTIC CLINIC
http://www.linkedin.com/company/aktiv-integrative-chiropractic-pllc,"AKTIV INTEGRATIVE CHIROPRACTIC, PLLC"
http://www.linkedin.com/company/wunderlich-chiropractic-clinic-pa,WUNDERLICH CHIROPRACTIC CLINIC PA
http://www.linkedin.com/company/paramount-chiropractic-inc,PARAMOUNT CHIROPRACTIC INC
http://www.linkedin.com/company/croton-chiropractic-clinic-p.-a.,CROTON CHIROPRACTIC CLINIC P. A.
http://www.linkedin.com/company/hemet-valley-orthodontics---nathan-j.-granillo-dds,"Hemet Valley Orthodontics - Nathan J. Granillo, DDS"
http://www.linkedin.com/company/integrated-chiropractic-healthcare-p.a,"INTEGRATED CHIROPRACTIC HEALTHCARE, P.A"
http://www.linkedin.com/company/king-chiropractic-a-shapiro-professional-corporation,"KING CHIROPRACTIC, A SHAPIRO PROFESSIONAL CORPORATION"
http://www.linkedin.com/company/seagate-chiropractic-llc,SEAGATE CHIROPRACTIC LLC
http://www.linkedin.com/company/texas-orthodontics-for-kids-pc,"TEXAS ORTHODONTICS FOR KIDS, PC"
http://www.linkedin.com/company/enchantress-dermatology,Enchantress Dermatology & Research
http://www.linkedin.com/company/positive-chiropractic-solutions-pllc,"POSITIVE CHIROPRACTIC SOLUTIONS, PLLC"
http://www.linkedin.com/company/whitmire-chiropractic,WHITMIRE CHIROPRACTIC
http://www.linkedin.com/company/outbound-physical-therapy-and-rehab,Outbound Physical Therapy & Rehab
http://www.linkedin.com/company/revivealaska,Revive Aesthetics & Wellness
http://www.linkedin.com/company/almaden-family-chiropractic,Almaden Family Chiropractic
http://www.linkedin.com/company/spine-by-design-chiropractic,Spine By Design Chiropractic
http://www.linkedin.com/company/aesthetic-surgery-dermatology-of-cherry-creek,Aesthetic Surgery & Dermatology of Cherry Creek
http://www.linkedin.com/company/optimize-chiropractic-cbus,Optimize Chiropractic
http://www.linkedin.com/company/geneseo-orthodontics-and-pediatric-dentistry-pllc,GENESEO ORTHODONTICS AND PEDIATRIC DENTISTRY PLLC
http://www.linkedin.com/company/widenbaum-chiropractic-and-allergy-care-center,Plaza Chiropractic and Massage Therapy
http://www.linkedin.com/company/new-leaf-chiropractic-&-wellness-p.s.,New Leaf Chiropractic & Wellness P.S.
http://www.linkedin.com/company/brickell-dental-associates-dr-jose-delgado,Brickell Dental Associates / Dr. Jose Delgado
http://www.linkedin.com/company/grantchiropracticaz,Grant Chiropractic & Physical Rehab
http://www.linkedin.com/company/the-chiropractic-truhealthdr,The Chiropractic TRUHEALTHDR
http://www.linkedin.com/company/smart-body-chiropractic-&-wellness-p.c.,"SMART BODY CHIROPRACTIC & WELLNESS, P.C."
http://www.linkedin.com/company/complete-care-chiropractic-clinic,Complete Care Chiropractic Clinic
http://www.linkedin.com/company/premier-dermatology-of-florida-llc,PREMIER DERMATOLOGY OF FLORIDA LLC
http://www.linkedin.com/company/rock-family-chiropractic-pa,"ROCK FAMILY CHIROPRACTIC, PA"
http://www.linkedin.com/company/pinnacle-physical-therapy-little-rock,Pinnacle Physical Therapy Little Rock
http://www.linkedin.com/company/kennewick-chiropractic-injury-clinic,Kennewick Chiropractic Injury Clinic
http://www.linkedin.com/company/alivechiropractic,Alive Chiropractic
http://www.linkedin.com/company/viva-chiropractic-&-wellness,Viva Chiropractic & Wellness
http://www.linkedin.com/company/cade-orthodontics-pa,CADE ORTHODONTICS PA
http://www.linkedin.com/company/optptandwellness,OPT Physical Therapy and Wellness LLC
http://www.linkedin.com/company/mckinzie-chiropractic-&-nutrition,McKinzie Chiropractic & Nutrition
http://www.linkedin.com/company/awaken-family-chiropractic-l.l.c.,Awaken Family Chiropractic
http://www.linkedin.com/company/amplify-chiropractic,Amplify Chiropractic
http://www.linkedin.com/company/proactive-physical-therapy-limited-partnership,ProActive Physical Therapy
http://www.linkedin.com/company/sea-one-family-chiropractic,Sea One Family Chiropractic
http://www.linkedin.com/company/performex-physical-therapy-and-sports-rehabilitation,PerformEX Physical Therapy and Sports Rehabilitation
http://www.linkedin.com/company/blossom-pilates-physical-therapy,Blossom Pilates & Physical Therapy
http://www.linkedin.com/company/healingchiropractic,Healing Chiropractic and Rehab
http://www.linkedin.com/company/trident-health-and-chiropractic,Trident Health and Chiropractic
http://www.linkedin.com/company/realm-chiropractic-denver,Realm Chiropractic Denver
http://www.linkedin.com/company/illumin8-chiropractic,Illumin8 Chiropractic
http://www.linkedin.com/company/georgia-dental-studio,Georgia Dental Studio
http://www.linkedin.com/company/bass-dentistry,Bass Dentistry
http://www.linkedin.com/company/optimal-chiropractic-nd,Optimal Chiropractic
http://www.linkedin.com/company/kehr-chiropractic-inc,"KEHR CHIROPRACTIC, INC"
http://www.linkedin.com/company/old-betsy-dental-of-keene,Old Betsy Dental Of Keene
http://www.linkedin.com/company/carolinahealthaesthetics,Carolina Health and Aesthetics
http://www.linkedin.com/company/foundation-physical-therapy-atl,Foundation Physical Therapy ATL
http://www.linkedin.com/company/elvebak-orthodontics-pa,"ELVEBAK ORTHODONTICS, PA"
http://www.linkedin.com/company/hamilton-roddy-chiropractic-pllc,"HAMILTON-RODDY CHIROPRACTIC, PLLC"
http://www.linkedin.com/company/essential-motion-chiropractic,ESSENTIAL MOTION CHIROPRACTIC
http://www.linkedin.com/company/smoot-family-chiropractic-pc,SMOOT FAMILY CHIROPRACTIC PC
http://www.linkedin.com/company/healthy-living-chiropractic-&-wellness-center-pc,"HEALTHY LIVING CHIROPRACTIC & WELLNESS CENTER, PC"
http://www.linkedin.com/company/cedar-chiropractic-physicians-llc,CEDAR CHIROPRACTIC PHYSICIANS LLC
http://www.linkedin.com/company/bruce-chiropractic-and-comprehensive-care-pllc,BRUCE CHIROPRACTIC AND COMPREHENSIVE CARE PLLC
http://www.linkedin.com/company/bainbridge-skin-surgery-and-consultative-dermatology-pllc,BAINBRIDGE SKIN SURGERY AND CONSULTATIVE DERMATOLOGY PLLC
http://www.linkedin.com/company/charlotte-advanced-orthodontics-p.a.,"CHARLOTTE ADVANCED ORTHODONTICS, P.A."
http://www.linkedin.com/company/align-chiropractic-wellness-center-llc,"ALIGN CHIROPRACTIC WELLNESS CENTER, LLC"
http://www.linkedin.com/company/applewood-chiropractic-center,Applewood Chiropractic Center
http://www.linkedin.com/company/rudder-chiropractic-center-llc,"RUDDER CHIROPRACTIC CENTER, LLC"
http://www.linkedin.com/company/sf-city-chiropractic,SF City Chiropractic
http://www.linkedin.com/company/hilgers-orthodontics-p.c.,"HILGERS ORTHODONTICS, P.C."
http://www.linkedin.com/company/life-in-motion-chiropractic-center,Life In Motion Chiropractic Center
http://www.linkedin.com/company/pontious-chiropractic,Pontious Chiropractic
http://www.linkedin.com/company/compton-chiropractic-care-llc,COMPTON CHIROPRACTIC CARE LLC
http://www.linkedin.com/company/advanced-chiropractic-and-rehabilitation-inc,"ADVANCED CHIROPRACTIC AND REHABILITATION, INC"
http://www.linkedin.com/company/huebner-smiles-dentistry-and-orthodontics-pllc,HUEBNER SMILES DENTISTRY AND ORTHODONTICS PLLC
http://www.linkedin.com/company/absolute-precision-chiropractic-incorporated,ABSOLUTE PRECISION CHIROPRACTIC INCORPORATED
http://www.linkedin.com/company/fort-worth-chiropractic-clinic-pllc,"FORT WORTH CHIROPRACTIC CLINIC, PLLC"
http://www.linkedin.com/company/armstrong-chiropractic-family-center-inc.,"ARMSTRONG CHIROPRACTIC FAMILY CENTER, INC."
http://www.linkedin.com/company/brookside-chiropractic-p.-c.,"BROOKSIDE CHIROPRACTIC, P. C."
http://www.linkedin.com/company/blacker-orthodontics-pllc,"BLACKER ORTHODONTICS, PLLC"
http://www.linkedin.com/company/seed-of-life-chiropractic-and-wellness-llc,"SEED OF LIFE CHIROPRACTIC AND WELLNESS, LLC"
http://www.linkedin.com/company/west-temple-orthodontics-pllc,"WEST TEMPLE ORTHODONTICS, PLLC"
http://www.linkedin.com/company/firestone-pediatric-dentistry-and-orthodontics,FIRESTONE PEDIATRIC DENTISTRY AND ORTHODONTICS
http://www.linkedin.com/company/back-in-line-chiropractic-pc,BACK IN LINE CHIROPRACTIC PC
http://www.linkedin.com/company/atlantic-coast-chiropractic,ATLANTIC COAST CHIROPRACTIC
http://www.linkedin.com/company/city-point-chiropractic-llc,"CITY POINT CHIROPRACTIC, LLC"
http://www.linkedin.com/company/eldora-family-chiropractic-&-wellness-center-pc,ELDORA FAMILY CHIROPRACTIC & WELLNESS CENTER PC
http://www.linkedin.com/company/lindsay-and-magruder-orthodontics,LINDSAY AND MAGRUDER ORTHODONTICS
http://www.linkedin.com/company/orthodontics-by-dr.-mark-d-paschen,Orthodontics by Dr. Mark D Paschen
http://www.linkedin.com/company/elite-wellness-&-chiropractic,ELITE WELLNESS & CHIROPRACTIC
http://www.linkedin.com/company/ponte-vedra-beach-chiropractic-inc,PONTE VEDRA BEACH CHIROPRACTIC INC
http://www.linkedin.com/company/orsborn-orthodontics-p.a,"ORSBORN ORTHODONTICS, P.A"
http://www.linkedin.com/company/parmer-lane-orthodontics-pc,PARMER LANE ORTHODONTICS PC
http://www.linkedin.com/company/prosper-chiropractic-and-wellness-p.c.,PROSPER CHIROPRACTIC AND WELLNESS P.C.
http://www.linkedin.com/company/gulf-coast-dermatology-&-skin-care-centre-pllc,"GULF COAST DERMATOLOGY & SKIN CARE CENTRE, PLLC"
http://www.linkedin.com/company/atwater-chiropractic-inc.,"ATWATER CHIROPRACTIC, INC."
http://www.linkedin.com/company/new-journey-chiropractic-llc,NEW JOURNEY CHIROPRACTIC LLC
http://www.linkedin.com/company/pure-light-family-chiropractic-llc,"PURE LIGHT FAMILY CHIROPRACTIC, LLC"
http://www.linkedin.com/company/1st-step-chiropractic-&-wellness-l.l.c.,1ST STEP CHIROPRACTIC & WELLNESS L.L.C.
http://www.linkedin.com/company/valentine-family-chiropractic-llc,"VALENTINE FAMILY CHIROPRACTIC, LLC"
http://www.linkedin.com/company/sequim-health-and-chiropractic-llc,SEQUIM HEALTH AND CHIROPRACTIC LLC
http://www.linkedin.com/company/breathe-chiropractic-llc,"BREATHE CHIROPRACTIC, LLC"
http://www.linkedin.com/company/coconut-grove-chiropractic-inc,"COCONUT GROVE CHIROPRACTIC, INC"
http://www.linkedin.com/company/south-mandarin-chiropractic-&-wellness,SOUTH MANDARIN CHIROPRACTIC & WELLNESS
http://www.linkedin.com/company/cheyne-family-chiropractic-centre,CHEYNE FAMILY CHIROPRACTIC CENTRE
http://www.linkedin.com/company/modern-chiropractic-and-wellness-center-llc,MODERN CHIROPRACTIC AND WELLNESS CENTER LLC
http://www.linkedin.com/company/bodyworks-chiropractic,BODYWORKS CHIROPRACTIC
http://www.linkedin.com/company/john-orthodontics-inc.,"JOHN ORTHODONTICS, INC."
http://www.linkedin.com/company/new-leaf-chiropractic-&-family-wellness,New Leaf Chiropractic & Family Wellness
http://www.linkedin.com/company/cibolo-creek-dermatology-group,CIBOLO CREEK DERMATOLOGY GROUP
http://www.linkedin.com/company/chiropractic-specialties-inc,CHIROPRACTIC SPECIALTIES INC
http://www.linkedin.com/company/redenius-chiropractic-plc,REDENIUS CHIROPRACTIC PLC
http://www.linkedin.com/company/edmonds-family-chiropractic-llc,EDMONDS FAMILY CHIROPRACTIC LLC
http://www.linkedin.com/company/dr-brigitte-rozenberg-chiropractic-inc,DR BRIGITTE ROZENBERG CHIROPRACTIC INC
http://www.linkedin.com/company/central-florida-medical-&-chiropractic-center,CENTRAL FLORIDA MEDICAL & CHIROPRACTIC CENTER
http://www.linkedin.com/company/shaw-chiropractic-and-sports-injury-center,SHAW CHIROPRACTIC AND SPORTS INJURY CENTER
http://www.linkedin.com/company/middletown-family-chiropractic,Middletown Family Chiropractic
http://www.linkedin.com/company/iowa-city-orthodontics-p.c.,IOWA CITY ORTHODONTICS P.C.
http://www.linkedin.com/company/lit-chiropractic-pllc,LIT CHIROPRACTIC PLLC
http://www.linkedin.com/company/schultz-chiropractic-pllc,SCHULTZ CHIROPRACTIC PLLC
http://www.linkedin.com/company/webster-family-chiropractic-ltd.,"WEBSTER FAMILY CHIROPRACTIC, LTD."
http://www.linkedin.com/company/wild-rivers-chiropractic,Wild Rivers Chiropractic
http://www.linkedin.com/company/bridgeton-chiropractic-llc,"BRIDGETON CHIROPRACTIC, LLC"
http://www.linkedin.com/company/precision-chiropractic-west-plc,"PRECISION CHIROPRACTIC WEST, PLC"
http://www.linkedin.com/company/dorland-chiropractic-clinic-pllc,"DORLAND CHIROPRACTIC CLINIC, PLLC"
http://www.linkedin.com/company/milam-bogart-dermatology-llc,"MILAM BOGART DERMATOLOGY, LLC"
http://www.linkedin.com/company/casper-chiropractic,Casper Chiropractic
http://www.linkedin.com/company/traer-chiropractic,TRAER CHIROPRACTIC
http://www.linkedin.com/company/fowler-orthodontics,Fowler Orthodontics
http://www.linkedin.com/company/myers-orthodontics-pllc,"MYERS ORTHODONTICS, PLLC"
http://www.linkedin.com/company/longhorn-pediatric-dentistry-and-orthodontics,LONGHORN PEDIATRIC DENTISTRY AND ORTHODONTICS
http://www.linkedin.com/company/impact-medical-and-chiropractic,Impact Medical and Chiropractic
http://www.linkedin.com/company/core-performance-chiropractic-and-sport,Core Performance Chiropractic and Sport
http://www.linkedin.com/company/academy-of-chiropractic-arts-sciences,Academy of Chiropractic Arts & Sciences
http://www.linkedin.com/company/elevate-chiropractic-llc,ELEVATE CHIROPRACTIC LLC
http://www.linkedin.com/company/dermatology-and-laser-assoc.-of-medford-llp,"DERMATOLOGY AND LASER ASSOC. OF MEDFORD, LLP"
http://www.linkedin.com/company/dermatology-associates-of-siouxland-p.c,"DERMATOLOGY ASSOCIATES OF SIOUXLAND, P.C"
http://www.linkedin.com/company/daley-chiropractic-healthcare-clinic-llc.,"DALEY CHIROPRACTIC, HEALTHCARE CLINIC, LLC."
http://www.linkedin.com/company/pilcher-chiropractic-clinic,PILCHER CHIROPRACTIC CLINIC
http://www.linkedin.com/company/parkrose-chiropractic-&-health-clinic-pc,PARKROSE CHIROPRACTIC & HEALTH CLINIC PC
http://www.linkedin.com/company/florida-chiropractic-and-rehabilitation-clinics-pl,FLORIDA CHIROPRACTIC AND REHABILITATION CLINICS PL
http://www.linkedin.com/company/a-touch-of-georgia-chiropractic-clinic,A TOUCH OF GEORGIA CHIROPRACTIC CLINIC
http://www.linkedin.com/company/confident-smiles-sacramento,Confident Smiles Sacramento
http://www.linkedin.com/company/ellicott-city-aesthetics,Ellicott City Aesthetics
http://www.linkedin.com/company/traylor-chiropractic-clinics,Traylor Chiropractic Clinics
http://www.linkedin.com/company/concierge-chiropractic,Concierge Chiropractic
http://www.linkedin.com/company/wellness-within-chiropractic,Wellness Within Chiropractic
http://www.linkedin.com/company/safe-haven-chiropractic,Safe Haven Chiropractic
http://www.linkedin.com/company/forest-hills-chiropractic,Forest Hills Chiropractic
http://www.linkedin.com/company/potomac-valley-chiropractic,Potomac Valley Chiropractic
http://www.linkedin.com/company/camelback-orthodontic-studio,Camelback Orthodontic Studio
http://www.linkedin.com/company/jacobson-family-chiropractic,Jacobson Family Chiropractic
http://www.linkedin.com/company/doublediamondchiropractic,Double Diamond Chiropractic
http://www.linkedin.com/company/donohoe-chiropractic,Donohoe Chiropractic
http://www.linkedin.com/company/sanborn-orthodontics,Sanborn Orthodontics
http://www.linkedin.com/company/back-to-active-chiropractic,Back to Active Chiropractic
http://www.linkedin.com/company/accurate-chiropractic,Accurate Chiropractic
http://www.linkedin.com/company/forestville-chiropractic,"Forestville Chiropractic, PC"
http://www.linkedin.com/company/maitland-chiropractic-clinic,Maitland Chiropractic Clinic
http://www.linkedin.com/company/ridge-line-chiropractic,Ridge Line Chiropractic
http://www.linkedin.com/company/apex-chiropractic-louisville-co,"Apex Chiropractic Louisville, CO"
http://www.linkedin.com/company/breiding-chiropractic,Breiding Chiropractic
http://www.linkedin.com/company/leading-edge-pt,Leading Edge Physical Therapy
http://www.linkedin.com/company/movewell-chiropractic-wellness,MoveWell Chiropractic + Wellness
http://www.linkedin.com/company/american-chiropractic-physical-therapy-center,American Chiropractic & Physical Therapy Center
http://www.linkedin.com/company/cedar-wood-chiropractic-and-natural-health-center,Cedar Wood Chiropractic and Natural Health Center
http://www.linkedin.com/company/alamo-heights-chiropractic-health-center,ALAMO HEIGHTS CHIROPRACTIC HEALTH CENTER
http://www.linkedin.com/company/sweet-smiles-family-dental,Sweet Smiles Family Dental
http://www.linkedin.com/company/ismiles-kids-dentistry-and-orthodontics,iSmiles Kids Dentistry & Orthodontics
http://www.linkedin.com/company/kewanee-physical-therapy,Kewanee Physical Therapy
http://www.linkedin.com/company/kc-mobile-health,KC Chiropractic Health Center
http://www.linkedin.com/company/drgildagilak,Gilda Gilak  CHIROPRACTIC INC
http://www.linkedin.com/company/connection-cafe---a-chiropractic-center,Connection Cafe - A Chiropractic Center
http://www.linkedin.com/company/thrive-family-chiropractic,Thrive Family Chiropractic
http://www.linkedin.com/company/starr-and-glick-orthodontics,Starr and Glick Orthodontics
http://www.linkedin.com/company/drallendc,Allen Family Chiropractic
http://www.linkedin.com/company/upper-cervical-chiropractic-of-marin,Upper Cervical Chiropractic of Marin
http://www.linkedin.com/company/torq-physical-therapy-associates,TORQ Physical Therapy & Associates
http://www.linkedin.com/company/first-care-chiropractic-llc,"First Care Chiropractic, LLC"
http://www.linkedin.com/company/family-chiropractic-associates-maine,"Family Chiropractic Associates, Maine"
http://www.linkedin.com/company/devine-strength-physiotherapy,Devine Strength & Physiotherapy
http://www.linkedin.com/company/thrive-chiropractic-health,Thrive Chiropractic | Health
http://www.linkedin.com/company/empire-city-chiropractic,Empire City Chiropractic
http://www.linkedin.com/company/health-first-chiropractic-inc-p-s,"Health First Chiropractic, Inc. P.S."
http://www.linkedin.com/company/san-pedro-chiropractic-clinic,San Pedro Chiropractic Clinic
http://www.linkedin.com/company/olive-me-chiropractic,Olive Me Chiropractic
http://www.linkedin.com/company/legacychiropractic,"Legacy Chiropractic, Inc."
http://www.linkedin.com/company/martin-orthodontics,Martin Orthodontics
http://www.linkedin.com/company/hammer-chiropractic-and-rehabilitation,Hammer Chiropractic and Rehabilitation
http://www.linkedin.com/company/oswego-family-chiropractic,Oswego Family Chiropractic
http://www.linkedin.com/company/knappsmiles,Knapp Orthodontics
http://www.linkedin.com/company/sterchi-chiropractic,Sterchi Chiropractic
http://www.linkedin.com/company/midwest-chiropractic-and-wellness-center-p-a,"Midwest Chiropractic and Wellness Center, P.A."
http://www.linkedin.com/company/optimizechironc,"Optimize Chiropractic, PLLC"
http://www.linkedin.com/company/light-touch-chiropractic-il,Light Touch Chiropractic IL
http://www.linkedin.com/company/wiseman-chiropractic,Wiseman Chiropractic
http://www.linkedin.com/company/integrated-dermatology-of-reno,INTEGRATED DERMATOLOGY OF RENO
http://www.linkedin.com/company/new-spring-chiro,New Spring Chiropractic
http://www.linkedin.com/company/peninsula-physical-therapy-washington,Peninsula Physical Therapy
http://www.linkedin.com/company/haynes-chiropractic-inc.,"HAYNES CHIROPRACTIC, INC."
http://www.linkedin.com/company/rebound-chiropractic-llc,"REBOUND CHIROPRACTIC, LLC"
http://www.linkedin.com/company/abc-rehab-&-chiropractic-llc,ABC REHAB & CHIROPRACTIC LLC
http://www.linkedin.com/company/mcclimon-chiropractic,McClimon Chiropractic
http://www.linkedin.com/company/simonsen-chiropractic-pc,"SIMONSEN CHIROPRACTIC, PC"
http://www.linkedin.com/company/free-to-be-chiropractic-pllc,"FREE TO BE CHIROPRACTIC, PLLC"
http://www.linkedin.com/company/morning-chiropractic,MORNING CHIROPRACTIC
http://www.linkedin.com/company/douglasville-wellness-and-chiropractic-center-inc,DOUGLASVILLE WELLNESS AND CHIROPRACTIC CENTER INC
http://www.linkedin.com/company/miami-center-for-orthodontics-l.l.c,MIAMI CENTER FOR ORTHODONTICS L.L.C
http://www.linkedin.com/company/sherwood-chiropractic-&-rehab-center-p-c,SHERWOOD CHIROPRACTIC & REHAB CENTER P C
http://www.linkedin.com/company/dilliard-chiropractic-professional-corporation,DILLIARD CHIROPRACTIC PROFESSIONAL CORPORATION
http://www.linkedin.com/company/spinal-care-chiropractic-center-pc,"SPINAL CARE CHIROPRACTIC CENTER, PC"
http://www.linkedin.com/company/barron-chiropractic,BARRON CHIROPRACTIC
http://www.linkedin.com/company/neely-chiropractic-&-sport-pllc.,"NEELY CHIROPRACTIC & SPORT, PLLC."
http://www.linkedin.com/company/new-wave-chiropractic-llc,NEW WAVE CHIROPRACTIC LLC
http://www.linkedin.com/company/authority-chiropractic-llc,AUTHORITY CHIROPRACTIC LLC
http://www.linkedin.com/company/congruent-life-chiropractic-llc,"CONGRUENT LIFE CHIROPRACTIC, LLC"
http://www.linkedin.com/company/nunez-chiropractic-inc.,"NUNEZ CHIROPRACTIC, INC."
http://www.linkedin.com/company/lavidachiropractic,Lavida Medical and Chiropractic
http://www.linkedin.com/company/heetland-orthodontics-pllc,HEETLAND ORTHODONTICS PLLC
http://www.linkedin.com/company/foothill-chiropractic-center,Foothill Chiropractic Center
http://www.linkedin.com/company/chiropractic-center-of-erie-inc.,"CHIROPRACTIC CENTER OF ERIE, INC."
http://www.linkedin.com/company/south-houston-chiropractic-llc,SOUTH HOUSTON CHIROPRACTIC LLC
http://www.linkedin.com/company/northern-arizona-orthodontics,NORTHERN ARIZONA ORTHODONTICS
http://www.linkedin.com/company/gardner-chiropractic-family-and-wellness-center-pllc,"GARDNER CHIROPRACTIC: FAMILY AND WELLNESS CENTER, PLLC"
http://www.linkedin.com/company/oelwein-chiropractic-clinic-pc,OELWEIN CHIROPRACTIC CLINIC PC
http://www.linkedin.com/company/graceful-hands-chiropractic-&-wellness-center-pllc,"GRACEFUL HANDS CHIROPRACTIC & WELLNESS CENTER, PLLC"
http://www.linkedin.com/company/wakeman-chiropractic-and-healing-center-inc.,"WAKEMAN CHIROPRACTIC AND HEALING CENTER, INC."
http://www.linkedin.com/company/julington-creek-chiropractic-&-wellness-center-pa,JULINGTON CREEK CHIROPRACTIC & WELLNESS CENTER PA
http://www.linkedin.com/company/cadence-chiropractic,Cadence Chiropractic
http://www.linkedin.com/company/nichols-orthodontics-inc,"NICHOLS ORTHODONTICS, INC"
http://www.linkedin.com/company/gamache-orthodontics-pllc,"GAMACHE ORTHODONTICS, PLLC"
http://www.linkedin.com/company/grant-family-chiropractic-llc,"GRANT FAMILY CHIROPRACTIC, LLC"
http://www.linkedin.com/company/ponte-vedra-pediatric-dentistry-and-orthodontics,PONTE VEDRA PEDIATRIC DENTISTRY AND ORTHODONTICS
http://www.linkedin.com/company/college-station-dentistry-and-orthodontics-pllc,COLLEGE STATION DENTISTRY AND ORTHODONTICS PLLC
http://www.linkedin.com/company/elect-dermatology-pllc,ELECT DERMATOLOGY PLLC
http://www.linkedin.com/company/injury-physical-therapy,Injury Physical Therapy
http://www.linkedin.com/company/indialantic-chiropractic-&-acupuncture-inc,INDIALANTIC CHIROPRACTIC & ACUPUNCTURE INC
http://www.linkedin.com/company/premier-chiropractic-1-pllc,"PREMIER CHIROPRACTIC #1, PLLC"
http://www.linkedin.com/company/banks-chiropractic-center-pc,"BANKS CHIROPRACTIC CENTER, PC"
http://www.linkedin.com/company/restore-family-chiropractic-llc,RESTORE FAMILY CHIROPRACTIC LLC
http://www.linkedin.com/company/dead-chiropractic-society,DEAD CHIROPRACTIC SOCIETY
http://www.linkedin.com/company/corbin-family-chiropractic-pllc,"CORBIN FAMILY CHIROPRACTIC, PLLC"
http://www.linkedin.com/company/insoft-&-hurst-orthodontics-plc,"INSOFT & HURST ORTHODONTICS, PLC"
http://www.linkedin.com/company/horine-chiropractic-corporation,HORINE CHIROPRACTIC CORPORATION
http://www.linkedin.com/company/tumwater-chiropractic-center-ps,TUMWATER CHIROPRACTIC CENTER PS
http://www.linkedin.com/company/valeo-chiropractic-pllc,VALEO CHIROPRACTIC PLLC
http://www.linkedin.com/company/rochester-chiropractic-center,ROCHESTER CHIROPRACTIC CENTER
http://www.linkedin.com/company/game-changer-physical-therapy,Game Changer Physical Therapy
http://www.linkedin.com/company/starke-chiropractic-inc.,STARKE CHIROPRACTIC INC.
http://www.linkedin.com/company/spine-sport-physical-therapy,Spine & Sport Physical Therapy
http://www.linkedin.com/company/chiropractic-works-wellness-center,CHIROPRACTIC WORKS WELLNESS CENTER
http://www.linkedin.com/company/widom-chiropractic-offices-pa,WIDOM CHIROPRACTIC OFFICES PA
http://www.linkedin.com/company/24-7-chiropractic-wellness-&-rehab-llc,"24/7 CHIROPRACTIC WELLNESS & REHAB, LLC"
http://www.linkedin.com/company/perfect-chiropractic,PERFECT CHIROPRACTIC
http://www.linkedin.com/company/palm-beach-orthodontics-inc,PALM BEACH ORTHODONTICS INC
http://www.linkedin.com/company/absolute-balance-chiropractic-p.c.,ABSOLUTE BALANCE CHIROPRACTIC P.C.
http://www.linkedin.com/company/beitchman-orthodontics,Beitchman Orthodontics
http://www.linkedin.com/company/r-&-r-orthodontics,R & R Orthodontics
http://www.linkedin.com/company/silk-chiropractic,SILK CHIROPRACTIC
http://www.linkedin.com/company/pro-family-chiropractic-ltd.,"PRO FAMILY CHIROPRACTIC, LTD."
http://www.linkedin.com/company/hifai-chiropractic,Hifai Chiropractic
http://www.linkedin.com/company/montaland-mcgrath-chiropractic-center-ps-inc,"MONTALAND MCGRATH CHIROPRACTIC CENTER, PS, INC"
http://www.linkedin.com/company/dr-leslie-jacobs-pediatric-dentistry,"Dr. Leslie Jacobs, Pediatric Dentistry"
http://www.linkedin.com/company/calibration-physical-therapy,Calibration Physical Therapy
http://www.linkedin.com/company/leessummitchiropractic,Summit Chiropractic
http://www.linkedin.com/company/wang-smiles-orthodontics,Wang Smiles Orthodontics
http://www.linkedin.com/company/d-a-p-therapy-dynamic-abilities-pediatric-therapy-occupational-and-physical-therapy-inc,D.A.P. Therapy (Dynamic Abilities Pediatric Therapy: Occupational and Physical Therapy Inc.)
http://www.linkedin.com/company/renu-family-dentistry,Renu Family Dentistry
http://www.linkedin.com/company/sunset-ridge-chiropractic,Sunset Ridge Chiropractic
http://www.linkedin.com/company/orth-chiropractic,Orth Chiropractic
http://www.linkedin.com/company/sandpoint-chiropractic-clinic,Sandpoint Chiropractic Clinic
http://www.linkedin.com/company/blue-bell-orthodontics,Blue Bell Orthodontics
http://www.linkedin.com/company/nokken-chiropractic-clinic,Nokken Chiropractic & Massage
http://www.linkedin.com/company/khalsa-chiropractic,Khalsa Chiropractic
http://www.linkedin.com/company/adjust-chiropractic,Adjust Chiropractic
http://www.linkedin.com/company/muscatine-lifetime-dentistry,Muscatine Lifetime Dentistry
http://www.linkedin.com/company/healing-hands-family-chiropractic-llc,"Healing Hands Chiropractic, LLC"
http://www.linkedin.com/company/ritoli-orthodontics,Ritoli Orthodontics
http://www.linkedin.com/company/a-to-z-chiropractic,A To Z Chiropractic
http://www.linkedin.com/company/neokinetic-physical-therapy-wellneess,Neokinetic Physical Therapy & Wellneess
http://www.linkedin.com/company/harmony-clinic-fl,Harmony Clinic Medical and Chiropractic
http://www.linkedin.com/company/burton-chiropractic,Burton Chiropractic
http://www.linkedin.com/company/awender-chiropractic-health-services,Awender Chiropractic Health Services
http://www.linkedin.com/company/new-heights-chiropractic-and-rehabilitation,New Heights Chiropractic and Rehabilitation
http://www.linkedin.com/company/wellspring-chiropractic---okc,Wellspring Chiropractic - OKC
http://www.linkedin.com/company/meridian-chiropractors,Meridian Chiropractic
http://www.linkedin.com/company/rehabonphysicaltherapy,Rehabon Physical Therapy
http://www.linkedin.com/company/allsmilesdentistryallen,All Smiles Dentistry and Orthodontics
http://www.linkedin.com/company/nm-pelvic-health-physical-therapy,NM Pelvic Health Physical Therapy
http://www.linkedin.com/company/rootedwellnesspt,Rooted Wellness Physical Therapy
http://www.linkedin.com/company/ryan-chiropractic-clinic,Ryan Chiropractic Clinic
http://www.linkedin.com/company/caliper-orthodontics,Caliper Orthodontics
http://www.linkedin.com/company/campbell-family-dentistry-&-orthodontics,Campbell Family Dentistry & Orthodontics
http://www.linkedin.com/company/lifefamilychiropractic1,Life Family Chiropractic
http://www.linkedin.com/company/designed-life-chiropractic,Designed Life Chiropractic
http://www.linkedin.com/company/corechirobirmingham,Core Chiropractic
http://www.linkedin.com/company/milwaukie-chiropractic-center,Milwaukie Chiropractic Center
http://www.linkedin.com/company/forked-river-chiropractic-center,Forked River Chiropractic Center
http://www.linkedin.com/company/solleysolutions,Solley Health First Chiropractic
http://www.linkedin.com/company/wnc-chiropractic-pllc,"WNC Chiropractic, PLLC"
http://www.linkedin.com/company/kellyville-smiles,Kellyville Smiles
http://www.linkedin.com/company/advanced-technology-chiropractic-llc,ADVANCED TECHNOLOGY CHIROPRACTIC LLC
http://www.linkedin.com/company/midwestern-built-chiropractic,Midwestern Built Chiropractic
http://www.linkedin.com/company/tropical-dentals,Tropical Dental
http://www.linkedin.com/company/cianci-chiropractic-center,Cianci Chiropractic Center
http://www.linkedin.com/company/outten-chiropractic-spinal-decompression-center,Outten Chiropractic & Spinal Decompression Center
http://www.linkedin.com/company/fairfax-acne,Fairfax Acne & Dermatology Services
http://www.linkedin.com/company/elevate-chiropractic-wellness-llc,Elevate Chiropractic & Wellness LLC
http://www.linkedin.com/company/arizona-orthodontics-exclusively-pc,ARIZONA ORTHODONTICS EXCLUSIVELY PC
http://www.linkedin.com/company/lavenderptw,Lavender Physical Therapy & Wellness
http://www.linkedin.com/company/perez-chiropractic-&-wellness-p.a.,"PEREZ CHIROPRACTIC & WELLNESS, P.A."
http://www.linkedin.com/company/mann-orthodontics-pa,"MANN ORTHODONTICS, PA"
http://www.linkedin.com/company/gabaldon-chiropractic,GABALDON CHIROPRACTIC
http://www.linkedin.com/company/all-about-smiles-orthodontics-and-dentofacial-orthopedics-l.l.c,"ALL ABOUT SMILES, ORTHODONTICS AND DENTOFACIAL ORTHOPEDICS, L.L.C"
http://www.linkedin.com/company/chiropractic-healing-hands-for-you,CHIROPRACTIC HEALING HANDS FOR YOU
http://www.linkedin.com/company/ohio-valley-chiropractic-llc,OHIO VALLEY CHIROPRACTIC LLC
http://www.linkedin.com/company/huntington-chiropractic-&-wellness-llc,HUNTINGTON CHIROPRACTIC & WELLNESS LLC
http://www.linkedin.com/company/my-life-chiropractic,MY LIFE CHIROPRACTIC
http://www.linkedin.com/company/back2health-chiropractic-wellness,BACK2HEALTH CHIROPRACTIC WELLNESS
http://www.linkedin.com/company/hunt-holistic-chiropractic-inc,"HUNT HOLISTIC CHIROPRACTIC, INC"
http://www.linkedin.com/company/lotus-of-life-chiropractic-llc,"LOTUS OF LIFE CHIROPRACTIC, LLC"
http://www.linkedin.com/company/chiropractic-care-and-rehab-center,CHIROPRACTIC CARE AND REHAB CENTER
http://www.linkedin.com/company/rise-chiropractic-and-acupuncture-llc,RISE CHIROPRACTIC AND ACUPUNCTURE LLC
http://www.linkedin.com/company/maginnis-orthodontics,Maginnis Orthodontics
http://www.linkedin.com/company/spokane-valley-chiropractic-center-p.l.l.c.,"SPOKANE VALLEY CHIROPRACTIC CENTER, P.L.L.C."
http://www.linkedin.com/company/oregon-family-orthodontics-llc,OREGON FAMILY ORTHODONTICS LLC
http://www.linkedin.com/company/perry-chiropractic-health-center-p.c.,"PERRY CHIROPRACTIC HEALTH CENTER, P.C."
http://www.linkedin.com/company/pathfinder-chiropractic-pc,"PATHFINDER CHIROPRACTIC, PC"
http://www.linkedin.com/company/chiropractic-massage-&-nutrition,CHIROPRACTIC MASSAGE & NUTRITION
http://www.linkedin.com/company/wright-choice-chiropractic-pllc,"WRIGHT CHOICE CHIROPRACTIC, PLLC"
http://www.linkedin.com/company/weatherford-chiropractic-p.l.l.c.,"WEATHERFORD CHIROPRACTIC, P.L.L.C."
http://www.linkedin.com/company/lenoir-city-chiropractic-p.c.,"Lenoir City Chiropractic, PLLC"
http://www.linkedin.com/company/matlock-chiropractic,Matlock Chiropractic
http://www.linkedin.com/company/vita-chiropractic-pllc,"VITA CHIROPRACTIC, PLLC"
http://www.linkedin.com/company/patriot-chiropractic-sport-performance,Patriot Chiropractic & Sport Performance
http://www.linkedin.com/company/locke-chiropractic-llc,LOCKE CHIROPRACTIC LLC
http://www.linkedin.com/company/lascala-chiropractic-p.c.,"LASCALA CHIROPRACTIC, P.C."
http://www.linkedin.com/company/digney-family-chiropractic,DIGNEY FAMILY CHIROPRACTIC
http://www.linkedin.com/company/carrier-family-chiropractic-p.a.,"CARRIER FAMILY CHIROPRACTIC, P.A."
http://www.linkedin.com/company/hodges-&-hodges-orthodontics-pllc,HODGES & HODGES ORTHODONTICS PLLC
http://www.linkedin.com/company/o-brien-family-chiropractic,O'Brien Family Chiropractic
http://www.linkedin.com/company/east-lake-chiropractic-and-injury-center-inc,EAST LAKE CHIROPRACTIC AND INJURY CENTER INC
http://www.linkedin.com/company/paradise-palms-chiropractic-and-spa-llc,"PARADISE PALMS CHIROPRACTIC AND SPA, LLC"
http://www.linkedin.com/company/four-points-family-chiropractic-pllc,"FOUR POINTS FAMILY CHIROPRACTIC, PLLC"
http://www.linkedin.com/company/gulfside-chiropractic-health-center,GULFSIDE CHIROPRACTIC HEALTH CENTER
http://www.linkedin.com/company/new-spine-chiropractic-llc,NEW SPINE CHIROPRACTIC LLC
http://www.linkedin.com/company/heart-of-texas-orthodontics-pllc,"HEART OF TEXAS ORTHODONTICS, PLLC"
http://www.linkedin.com/company/nightlight-chiropractic-llc,NIGHTLIGHT CHIROPRACTIC LLC
http://www.linkedin.com/company/valdosta-chiropractic-&-rehab-llc,"VALDOSTA CHIROPRACTIC & REHAB, LLC"
http://www.linkedin.com/company/city-of-angels-dermatology-inc.,"CITY OF ANGELS DERMATOLOGY, INC."
http://www.linkedin.com/company/o'neill-family-chiropractic-pc,"O'NEILL FAMILY CHIROPRACTIC, PC"
http://www.linkedin.com/company/kruse-park-chiropractic-llc,KRUSE PARK CHIROPRACTIC LLC
http://www.linkedin.com/company/peltier-family-chiropractic-llc,PELTIER FAMILY CHIROPRACTIC LLC
http://www.linkedin.com/company/canon-chiropractic-llc,CANON CHIROPRACTIC LLC
http://www.linkedin.com/company/simply-wellness-chiropractic,Simply Wellness Chiropractic
http://www.linkedin.com/company/poinciana-chiropractic-&-injury-center-pllc,"POINCIANA CHIROPRACTIC & INJURY CENTER, PLLC"
http://www.linkedin.com/company/walk-in-chiropractic-and-massage-llc,Walk-In Chiropractic and Massage LLC
http://www.linkedin.com/company/city-limits-chiropractic,CITY LIMITS CHIROPRACTIC
http://www.linkedin.com/company/chiropractic-plain-and-simple-plc,"CHIROPRACTIC PLAIN AND SIMPLE, PLC"
http://www.linkedin.com/company/central-oregon-chiropractic-llc,CENTRAL OREGON CHIROPRACTIC LLC
http://www.linkedin.com/company/havlicek-chiropractic-inc,HAVLICEK CHIROPRACTIC INC
http://www.linkedin.com/company/bloomingdale-chiropractic,Bloomingdale Chiropractic
http://www.linkedin.com/company/integral-physical-therapy-and-yoga,Integral Physical Therapy and Yoga
http://www.linkedin.com/company/wilmington-chiropractic-and-wellness-center,Wilmington Chiropractic and Wellness Center
http://www.linkedin.com/company/mccall-chiropractic-inc.,MCCALL CHIROPRACTIC INC.
http://www.linkedin.com/company/magnolia-chiropractic-and-massage,MAGNOLIA CHIROPRACTIC AND MASSAGE
http://www.linkedin.com/company/san-antonio-elite-chiropractic-llc,SAN ANTONIO ELITE CHIROPRACTIC LLC
http://www.linkedin.com/company/next-level-chiropractic-of-sherwood,NEXT LEVEL CHIROPRACTIC OF SHERWOOD
http://www.linkedin.com/company/drees-family-&-sports-chiropractic-inc,"DREES FAMILY & SPORTS CHIROPRACTIC, INC"
http://www.linkedin.com/company/unbroken-body-chiropractic,Unbroken Body Chiropractic
http://www.linkedin.com/company/serrins-chiropractic-corporation,SERRINS CHIROPRACTIC CORPORATION
http://www.linkedin.com/company/mountain-view-chiropractic-and-wellness-center-p.l.l.c.,MOUNTAIN VIEW CHIROPRACTIC AND WELLNESS CENTER P.L.L.C.
http://www.linkedin.com/company/dobbs-orthodontics-pllc,"DOBBS ORTHODONTICS, PLLC"
http://www.linkedin.com/company/kaizen-chiropractic-solutions,KAIZEN CHIROPRACTIC SOLUTIONS
http://www.linkedin.com/company/hogan-health-&-chiropractic-llc,"Hogan Health & Chiropractic, LLC"
http://www.linkedin.com/company/current-chiropractic-llc,CURRENT CHIROPRACTIC LLC
http://www.linkedin.com/company/helping-hands-chiropractic-center-lc,HELPING HANDS CHIROPRACTIC CENTER LC
http://www.linkedin.com/company/ruby-mountain-chiropractic-center-inc.,"RUBY MOUNTAIN CHIROPRACTIC CENTER, INC."
http://www.linkedin.com/company/r3-physiotherapy-wellness,R3 Physiotherapy & Wellness
http://www.linkedin.com/company/atmosphere-chiropractic-wellness,Atmosphere Chiropractic & Wellness
http://www.linkedin.com/company/tlc-dental-wv,TLC Dental
http://www.linkedin.com/company/carbondale-chiropractic-injury-clinic,Carbondale Chiropractic Injury Clinic
http://www.linkedin.com/company/celar-chiropractic,Celar Chiropractic
http://www.linkedin.com/company/upstate-chiropractic,Upstate Chiropractic
http://www.linkedin.com/company/carabasi-chiropractic-center,Carabasi Chiropractic Center
http://www.linkedin.com/company/glen-bills-family-orthodontics-specialists,Glen Bills Family Orthodontics Specialists
http://www.linkedin.com/company/lehane-chiropractic,"Lehane Chiropractic, LLC."
http://www.linkedin.com/company/team-sapiens-physical-therapy,Team Sapiens Physical Therapy
http://www.linkedin.com/company/root-physical-therapy-llc,"Root Physical Therapy, LLC"
http://www.linkedin.com/company/seattle-chiropractic-center,Seattle Chiropractic Center
http://www.linkedin.com/company/flow-chiropractic-pte.-ltd.,Flow Chiropractic Pte. Ltd.
http://www.linkedin.com/company/grinbaum-orthodontics,Grinbaum Orthodontics
http://www.linkedin.com/company/iluminarpt,Iluminar Physical Therapy
http://www.linkedin.com/company/rehabteam,Rehab Team Physical Therapy
http://www.linkedin.com/company/altiuspt,Altius Physical Therapy and Wellness
http://www.linkedin.com/company/chiropractor-leawood-ks,Great Day Chiropractic & Rehab
http://www.linkedin.com/company/chiropractic-solutions-llc,CHIROPRACTIC SOLUTIONS LLC
http://www.linkedin.com/company/proactive-physical-therapy-and-wellness,Proactive Physical Therapy and Wellness
http://www.linkedin.com/company/upper-cervical-chiropractic-san-francisco,Upper Cervical Chiropractic of San Francisco
http://www.linkedin.com/company/third-coast-chiropractic-inc,Third Coast Chiropractic
http://www.linkedin.com/company/health-in-motion-chiropractic-gb,Health In Motion Chiropractic
http://www.linkedin.com/company/bayviewdentistrymd,Bayview Dentistry
http://www.linkedin.com/company/wilderness-family-chiropractic,Wilderness Family Chiropractic
http://www.linkedin.com/company/rapid-recovery-physical-therapy,Rapid Recovery Physical Therapy
http://www.linkedin.com/company/clarksville-physical-medicine,Clarksville Chiropractic Center
http://www.linkedin.com/company/citysidechiropractic,CitySide Chiropractic
http://www.linkedin.com/company/glowdermhtx,Glow Dermatology
http://www.linkedin.com/company/weymouth-chiropractic-and-wellness-center-llc,WEYMOUTH CHIROPRACTIC AND WELLNESS CENTER LLC
http://www.linkedin.com/company/performance-and-spine-chiropractic-center-llc,"Performance and Spine Chiropractic Center, LLC"
http://www.linkedin.com/company/barnes-family-chiropracticpooler,Barnes Family Chiropractic
http://www.linkedin.com/company/impact-physical-therapy-nj,Impact Physical Therapy NJ
http://www.linkedin.com/company/dmchiro,D&M CHIROPRACTIC AND THERAPEUTIC REHAB INC
http://www.linkedin.com/company/binder-chiropractic-pa,Binder Chiropractic PA
http://www.linkedin.com/company/fort-lauderdale-chiropractic-center,FORT LAUDERDALE CHIROPRACTIC CENTER
http://www.linkedin.com/company/spine-and-sports-chiropractic-belgrade,Spine and Sports Chiropractic Belgrade
http://www.linkedin.com/company/revitalize-chiro,Revitalize Chiropractic
http://www.linkedin.com/company/naturally-chiropractic-parker-co,Naturally Chiropractic Parker CO
http://www.linkedin.com/company/rock-pediatric-dentistry,Rock Pediatric Dentistry
http://www.linkedin.com/company/active-health-chiropractic-joplin,Active Health Chiropractic
http://www.linkedin.com/company/chiropractic-care-center,Chiropractic Care Center
http://www.linkedin.com/company/waters-orthodontics,Waters Orthodontics
http://www.linkedin.com/company/dermasmoothclinic,DermaSmooth Clinic
http://www.linkedin.com/company/ascendsportschiropractic,Ascend Sports Chiropractic
http://www.linkedin.com/company/az-dental-san-jose,AZ Dental - San Jose
http://www.linkedin.com/company/adjusted-life-chiropractic-pllc,Adjusted Life Chiropractic PLLC
http://www.linkedin.com/company/mason-city-chiropractic-inc.,"MASON CITY CHIROPRACTIC, INC."
http://www.linkedin.com/company/perform-strong-physical-therapy,Perform Strong Physical Therapy
http://www.linkedin.com/company/fountain-modern-dentistry-and-orthodontics-llp,"FOUNTAIN MODERN DENTISTRY AND ORTHODONTICS, LLP"
http://www.linkedin.com/company/eric-e.-gofnung-chiropractic-corporation,"ERIC E. GOFNUNG, CHIROPRACTIC CORPORATION"
http://www.linkedin.com/company/medina-family-chiropractic-llc,MEDINA FAMILY CHIROPRACTIC LLC
http://www.linkedin.com/company/ft-caroline-chiropractic-clinic-pa,FT CAROLINE CHIROPRACTIC CLINIC PA
http://www.linkedin.com/company/new-leaf-chiropractic-inc,NEW LEAF CHIROPRACTIC INC
http://www.linkedin.com/company/columbia-orthodontics-pc,"COLUMBIA ORTHODONTICS, PC"
http://www.linkedin.com/company/koch-chiropractic-and-wellness-center,Koch Chiropractic and Wellness Center
http://www.linkedin.com/company/buck-orthodontics-p.c.,"BUCK ORTHODONTICS, P.C."
http://www.linkedin.com/company/southshore-orthodontics-pa,"SOUTHSHORE ORTHODONTICS, PA"
http://www.linkedin.com/company/tri-city-orthodontics,TRI-CITY ORTHODONTICS
http://www.linkedin.com/company/byrnes-family-chiropractic-inc.,"BYRNES FAMILY CHIROPRACTIC, INC."
http://www.linkedin.com/company/buck-&-johnston-orthodontics-pllc,"BUCK & JOHNSTON ORTHODONTICS, PLLC"
http://www.linkedin.com/company/paisley-orthodontics,Paisley Orthodontics
http://www.linkedin.com/company/metro-chiropractic-llc,"Metro Chiropractic, LLC"
http://www.linkedin.com/company/family-life-chiropractic-center,FAMILY LIFE CHIROPRACTIC CENTER
http://www.linkedin.com/company/tartack-chiropractic-&-wellness-center-inc,TARTACK CHIROPRACTIC & WELLNESS CENTER INC
http://www.linkedin.com/company/tennessee-chiropractic-alliance-pllc,"TENNESSEE CHIROPRACTIC ALLIANCE, PLLC"
http://www.linkedin.com/company/springs-chiropractic-health-inc.,"SPRINGS CHIROPRACTIC HEALTH, INC."
http://www.linkedin.com/company/standifer-orthodontics-pllc,"STANDIFER ORTHODONTICS, PLLC"
http://www.linkedin.com/company/specific-care-chiropractic-inc,SPECIFIC CARE CHIROPRACTIC INC
http://www.linkedin.com/company/tradition-family-chiropractic,TRADITION FAMILY CHIROPRACTIC
http://www.linkedin.com/company/koru-chiropractic-pllc,"KORU CHIROPRACTIC, PLLC"
http://www.linkedin.com/company/tc-orthodontics,TC ORTHODONTICS
http://www.linkedin.com/company/dockside-chiropractic-llc,DOCKSIDE CHIROPRACTIC LLC
http://www.linkedin.com/company/spinetimechiropractic,Spine Time Chiropractic
http://www.linkedin.com/company/care-smiles-orthodontics,CARE SMILES ORTHODONTICS
http://www.linkedin.com/company/texas-spine-center-chiropractic,Texas Spine Center Chiropractic
http://www.linkedin.com/company/means-family-chiropractic-clinic-llc,"MEANS FAMILY CHIROPRACTIC CLINIC, LLC"
http://www.linkedin.com/company/eandcchiro,Excelsior & Grand Chiropractic
http://www.linkedin.com/company/muscle-and-joint-chiropractic,Muscle and Joint Chiropractic
http://www.linkedin.com/company/hillcrest-chiropractic,HILLCREST CHIROPRACTIC
http://www.linkedin.com/company/ft.-lauderdale-family-chiropractic-p.a.,"FT. LAUDERDALE FAMILY CHIROPRACTIC, P.A."
http://www.linkedin.com/company/back-to-genesis-chiropractic-pc,"BACK TO GENESIS CHIROPRACTIC, PC"
http://www.linkedin.com/company/brown-cavett-back-and-neck-chiropractic,BROWN CAVETT BACK AND NECK CHIROPRACTIC
http://www.linkedin.com/company/credence-chiropractic-llc,CREDENCE CHIROPRACTIC LLC
http://www.linkedin.com/company/wainwright-orthodontics-p.l.c.,WAINWRIGHT ORTHODONTICS P.L.C.
http://www.linkedin.com/company/hartley-chiropractic,Hartley Chiropractic
http://www.linkedin.com/company/tyson-chiropractic-auto-injury-and-rehab-center-inc,"TYSON CHIROPRACTIC AUTO INJURY AND REHAB CENTER, INC"
http://www.linkedin.com/company/cooper-chiropractic-&-family-wellness-inc,"COOPER CHIROPRACTIC & FAMILY WELLNESS, INC"
http://www.linkedin.com/company/s-&-b-chiropractic-and-rehab-inc.,"S & B CHIROPRACTIC AND REHAB, INC."
http://www.linkedin.com/company/hanigan-johnson-orthodontics,HANIGAN JOHNSON ORTHODONTICS
http://www.linkedin.com/company/swanson-&-seepersad-chiropractic-p.s.,"SWANSON & SEEPERSAD CHIROPRACTIC, P.S."
http://www.linkedin.com/company/bones-chiropractic-clinic,Bones Chiropractic Clinic
http://www.linkedin.com/company/slainte-chiropractic-llc,SLAINTE CHIROPRACTIC LLC
http://www.linkedin.com/company/macdonald-orthodontics-plc,MACDONALD ORTHODONTICS PLC
http://www.linkedin.com/company/padre-dermatology-pllc,PADRE DERMATOLOGY PLLC
http://www.linkedin.com/company/breitenbach-chiropractic-pllc,BREITENBACH CHIROPRACTIC PLLC
http://www.linkedin.com/company/reid-chiropractic-&-wellness-center-llc,"REID CHIROPRACTIC & WELLNESS CENTER, LLC"
http://www.linkedin.com/company/decesare-chiropractic-inc.,DECESARE CHIROPRACTIC INC.
http://www.linkedin.com/company/clark-chiropractic-center-llc,"CLARK CHIROPRACTIC CENTER, LLC"
http://www.linkedin.com/company/kay-&-paulus-orthodontics-llp,KAY & PAULUS ORTHODONTICS LLP
http://www.linkedin.com/company/lifestyle-in-motion-chiropractic-pllc,"LIFESTYLE IN MOTION CHIROPRACTIC, PLLC"
http://www.linkedin.com/company/ames-chiropractic-&-wellness-center-pllc,"AMES CHIROPRACTIC & WELLNESS CENTER, PLLC"
http://www.linkedin.com/company/amarillo-pediatric-dentistry-and-orthodontics-pa,"AMARILLO PEDIATRIC DENTISTRY AND ORTHODONTICS, PA"
http://www.linkedin.com/company/maximized-life-chiropractic,Maximized Life Chiropractic
http://www.linkedin.com/company/oregon-sports-and-family-chiropractic-llc,OREGON SPORTS AND FAMILY CHIROPRACTIC LLC
http://www.linkedin.com/company/green-valley-ranch-modern-smiles-and-orthodontics-llp,"GREEN VALLEY RANCH MODERN SMILES AND ORTHODONTICS, LLP"
http://www.linkedin.com/company/kairos-chiropractic-pllc,KAIROS CHIROPRACTIC PLLC
http://www.linkedin.com/company/restore-life-chiropractic,Restore Life Chiropractic
http://www.linkedin.com/company/concordia-chiropractic-center-llc,CONCORDIA CHIROPRACTIC CENTER LLC
http://www.linkedin.com/company/hodges-and-capps-orthodontics.-pllc,HODGES AND CAPPS ORTHODONTICS. PLLC
http://www.linkedin.com/company/connect-chiropractic-corporate,Connect Chiropractic
http://www.linkedin.com/company/wheeler-chiropractic-clinics,WHEELER CHIROPRACTIC
http://www.linkedin.com/company/padillaphysicaltherapy,Padilla Physical Therapy & Fitness
http://www.linkedin.com/company/granite-coast-orthodontics,Granite Coast Orthodontics
http://www.linkedin.com/company/bell-family-chiropractic,Bell Family Chiropractic
http://www.linkedin.com/company/h'doubler-chiropractic,H'Doubler Chiropractic
http://www.linkedin.com/company/center-for-dentistry-and-orthodontics---dr.-gerald-s.-walczak,Center for Dentistry and Orthodontics - Dr. Gerald S. Walczak
http://www.linkedin.com/company/a-life-in-balance-physical-therapy,A Life In Balance Physical Therapy and Wellness
http://www.linkedin.com/company/nw-family-chiropractic-p.c.,"NW Family Chiropractic, P.C."
http://www.linkedin.com/company/hansen-chiropractic,Hansen Chiropractic
http://www.linkedin.com/company/cornerstonept,Cornerstone Physical Therapy
http://www.linkedin.com/company/sequoia-dentistry,Sequoia Dentistry
http://www.linkedin.com/company/harshmanchiropracticclinic,Harshman Chiropractic Clinic
http://www.linkedin.com/company/kevin-cook-orthodontics,Kevin Cook Orthodontics
http://www.linkedin.com/company/explore-family-chiro,Explore Family Chiropractic LLC
http://www.linkedin.com/company/paulusdental,Paulus Dental/Paulus Orthodontics
http://www.linkedin.com/company/performance-chiropractic-nd,"Performance Chiropractic, PLLC"
http://www.linkedin.com/company/powersource-chiropractic-wilton-manors,PowerSource Chiropractic - Wilton Manors
http://www.linkedin.com/company/allentown-chiropractic-center-pc,"Allentown Chiropractic Center, P.C."
http://www.linkedin.com/company/south-orange-chiropractic-center,South Orange Chiropractic Center
http://www.linkedin.com/company/lang-chiropractic-center,Lang Chiropractic Center
http://www.linkedin.com/company/bodybalance-chiropractic-and-wellness,BodyBalance Chiropractic and Wellness
http://www.linkedin.com/company/healing-river-chiropractic,Healing River Chiropractic
http://www.linkedin.com/company/irwin-chiropractic,Irwin Chiropractic
http://www.linkedin.com/company/moderndentalspringfield,Modern Dental of Springfield
http://www.linkedin.com/company/auburn-chiropractic-associates,Auburn Chiropractic Associates
http://www.linkedin.com/company/summitchiropractic,Summit Chiropractic
http://www.linkedin.com/company/true-health-chiropractic-llc,"True Health Chiropractic, LLC"
http://www.linkedin.com/company/kirkmanchiro,Kirkman Chiropractic
http://www.linkedin.com/company/harmony-health-chiropractic,Harmony Health Chiropractic
http://www.linkedin.com/company/zinnmoranorthodontics,Saperstein Orthodontics
http://www.linkedin.com/company/sparq-physical-therapy,Sparq Physical Therapy
http://www.linkedin.com/company/arrow-health-chiropractic,Arrow Health Chiropractic
http://www.linkedin.com/company/rewindmedical,"Rewind Aesthetics, Dermatology, and Trichology by Formula Health"
http://www.linkedin.com/company/delray-chiropractic-center-inc,DELRAY CHIROPRACTIC CENTER INC
http://www.linkedin.com/company/me-dental-san-francisco,"ME Dental, San Francisco"
http://www.linkedin.com/company/three-kings-chiropractic-llc,"THREE KINGS CHIROPRACTIC, LLC"
http://www.linkedin.com/company/precision-care-chiropractic-pllc,"PRECISION CARE CHIROPRACTIC, PLLC"
http://www.linkedin.com/company/roth-wellness-and-chiropractic,Roth Wellness and Chiropractic
http://www.linkedin.com/company/taproot-chiropractic-pllc,"TAPROOT CHIROPRACTIC, PLLC"
http://www.linkedin.com/company/salish-chiropractic,SALISH CHIROPRACTIC
http://www.linkedin.com/company/key-potential-chiropractic-llc,KEY POTENTIAL CHIROPRACTIC LLC
http://www.linkedin.com/company/tricoche-family-chiropractic-inc.,TRICOCHE FAMILY CHIROPRACTIC INC.
http://www.linkedin.com/company/island-health-and-chiropractic-llc,"ISLAND HEALTH AND CHIROPRACTIC, LLC"
http://www.linkedin.com/company/new-health-chiropractic-center-inc.,NEW HEALTH CHIROPRACTIC CENTER INC.
http://www.linkedin.com/company/leung-dental,Leung Dental
http://www.linkedin.com/company/baywest-chiropractic-llc,"BAYWEST CHIROPRACTIC, LLC"
http://www.linkedin.com/company/hess-chiropractic,Hess Chiropractic
http://www.linkedin.com/company/winnie-orthodontics-pllc,WINNIE ORTHODONTICS PLLC
http://www.linkedin.com/company/sunshine-chiropractic-center-pc.,"SUNSHINE CHIROPRACTIC CENTER, PC."
http://www.linkedin.com/company/ascend-chiropractic-llc,"ASCEND CHIROPRACTIC, LLC"
http://www.linkedin.com/company/oviedo-chiropractic-llc,OVIEDO CHIROPRACTIC LLC
http://www.linkedin.com/company/dreckman-family-chiropractic,Dreckman Family Chiropractic
http://www.linkedin.com/company/laser-therapy-&-chiropractic-center-inc,"LASER THERAPY & CHIROPRACTIC CENTER, INC"
http://www.linkedin.com/company/eagles-landing-wellness-and-chiropractic-center-inc,EAGLES LANDING WELLNESS AND CHIROPRACTIC CENTER INC
http://www.linkedin.com/company/french-family-chiropractic,FRENCH FAMILY CHIROPRACTIC
http://www.linkedin.com/company/exodus-chiropractic-of-franklin-llc,"EXODUS CHIROPRACTIC OF FRANKLIN, LLC"
http://www.linkedin.com/company/helm-chiropractic-inc.,HELM CHIROPRACTIC INC.
http://www.linkedin.com/company/curry-&-oh-orthodontics,Curry & Oh Orthodontics
http://www.linkedin.com/company/active-sports-and-family-chiropractic-llc,ACTIVE SPORTS AND FAMILY CHIROPRACTIC LLC
http://www.linkedin.com/company/true-life-chiropractic-llc,TRUE LIFE CHIROPRACTIC LLC
http://www.linkedin.com/company/true-light-chiropractic,True Light Chiropractic
http://www.linkedin.com/company/hardison-family-chiropractic,Hardison Family Chiropractic
http://www.linkedin.com/company/lake-city-chiropractic-center,LAKE CITY CHIROPRACTIC CENTER
http://www.linkedin.com/company/bradley-chiropractic-nutrition-center,Bradley Chiropractic Nutrition Center
http://www.linkedin.com/company/bynum-chiropractic,BYNUM CHIROPRACTIC
http://www.linkedin.com/company/hood-chiropractic-&-wellness-center-pc,HOOD CHIROPRACTIC & WELLNESS CENTER PC
http://www.linkedin.com/company/wood-chiropractic-clinic,WOOD CHIROPRACTIC CLINIC
http://www.linkedin.com/company/focused-on-you-chiropractic-p.l.l.c.,FOCUSED ON YOU CHIROPRACTIC P.L.L.C.
http://www.linkedin.com/company/bloyer-chiropractic-and-wellness,BLOYER CHIROPRACTIC AND WELLNESS
http://www.linkedin.com/company/witt-chiropractic-p.a.,"WITT CHIROPRACTIC, P.A."
http://www.linkedin.com/company/allgood-chiropractic-and-family-wellness-center,ALLGOOD CHIROPRACTIC AND FAMILY WELLNESS CENTER
http://www.linkedin.com/company/rutherford-physical-therapy,RUTHERFORD PHYSICAL THERAPY
http://www.linkedin.com/company/longevity-physical-therapy-and-wellness,Longevity Physical Therapy & Wellness
http://www.linkedin.com/company/marchus-chiropractic-inc.,"Marchus Chiropractic, Inc."
http://www.linkedin.com/company/crock-orthodontics,Crock Orthodontics
http://www.linkedin.com/company/duehr-&-hoelscher-orthodontics-pc,DUEHR & HOELSCHER ORTHODONTICS PC
http://www.linkedin.com/company/maximum-wellness-chiropractic,MAXIMUM WELLNESS CHIROPRACTIC
http://www.linkedin.com/company/windsor-smiles-orthodontics,Windsor Smiles Orthodontics
http://www.linkedin.com/company/grand-canyon-dermatology,GRAND CANYON DERMATOLOGY
http://www.linkedin.com/company/smile-concepts-orthodontics,SMILE CONCEPTS ORTHODONTICS
http://www.linkedin.com/company/performance-rehab-chiropractic,Performance Rehab Chiropractic
http://www.linkedin.com/company/i-get-it-chiropractic-llc,"I GET IT CHIROPRACTIC, LLC"
http://www.linkedin.com/company/pacific-chiropractic-&-wellness-center-llc,"PACIFIC CHIROPRACTIC & WELLNESS CENTER, LLC"
http://www.linkedin.com/company/monumental-chiropractic-llc,MONUMENTAL CHIROPRACTIC LLC
http://www.linkedin.com/company/health-goals-chiropractic-center-inc.,"HEALTH GOALS CHIROPRACTIC CENTER, INC."
http://www.linkedin.com/company/hilton-chiropractic-centre,Hilton Chiropractic Centre
http://www.linkedin.com/company/the-advanced-center-for-orthodontics-p.c,"THE ADVANCED CENTER FOR ORTHODONTICS, P.C"
http://www.linkedin.com/company/porterfield-family-chiropractic-pc,PORTERFIELD FAMILY CHIROPRACTIC PC
http://www.linkedin.com/company/crested-butte-physiotherapy-pc,"CRESTED BUTTE PHYSIOTHERAPY, PC"
http://www.linkedin.com/company/dade-county-chiropractic-society-incorporated,"DADE COUNTY CHIROPRACTIC SOCIETY, INCORPORATED"
http://www.linkedin.com/company/ormond-beach-chiropractic-llc,ORMOND BEACH CHIROPRACTIC LLC
http://www.linkedin.com/company/stork-orthodontics,STORK ORTHODONTICS
http://www.linkedin.com/company/miller-chiropractic-health-center-inc.,"MILLER CHIROPRACTIC HEALTH CENTER, INC."
http://www.linkedin.com/company/performance-plus-chiropractic-llc,PERFORMANCE PLUS CHIROPRACTIC LLC
http://www.linkedin.com/company/wootton-family-chiropractic,WOOTTON FAMILY CHIROPRACTIC
http://www.linkedin.com/company/forney-family-dentistry-&-orthodontics-pc,"FORNEY FAMILY DENTISTRY & ORTHODONTICS, PC"
http://www.linkedin.com/company/icare-chiropractic-p.a.,"ICARE CHIROPRACTIC, P.A."
http://www.linkedin.com/company/midwest-chiropractic-care-center-hickoryhills,Midwest Chiropractic Care Center
http://www.linkedin.com/company/community-chiropractic-walworth-county-wisconsin,"Community Chiropractic, Walworth County Wisconsin"
http://www.linkedin.com/company/tarantola-dermatology-inc,TARANTOLA DERMATOLOGY INC
http://www.linkedin.com/company/rose-chiropractic-&-wellness,ROSE CHIROPRACTIC & WELLNESS
http://www.linkedin.com/company/athletic-and-family-chiropractic-p.l,"ATHLETIC AND FAMILY CHIROPRACTIC, P.L"
http://www.linkedin.com/company/hollon-family-chiropractic-llc,Hollon Family Chiropractic
http://www.linkedin.com/company/chiropractic-care-centre-pa,CHIROPRACTIC CARE CENTRE PA
http://www.linkedin.com/company/deyoung-chiropractic-llc,"DEYOUNG CHIROPRACTIC, LLC"
http://www.linkedin.com/company/houg-chiropractic-pc,HOUG CHIROPRACTIC PC
http://www.linkedin.com/company/the-back-and-neck-pain-center-of-monterey---gaily-chiropractic-inc.,THE BACK AND NECK PAIN CENTER OF MONTEREY - GAILY CHIROPRACTIC INC.
http://www.linkedin.com/company/farrar-family-chiropractic-llc,FARRAR FAMILY CHIROPRACTIC LLC
http://www.linkedin.com/company/temple-sport-and-spine-chiropractic,TEMPLE SPORT AND SPINE CHIROPRACTIC
http://www.linkedin.com/company/lakewood-smiles,Lakewood Smiles
http://www.linkedin.com/company/empower-womens-physical-therapy-wellness,Empower Women's Physical Therapy & Wellness
http://www.linkedin.com/company/bush-dentistry,Bush Dentistry
http://www.linkedin.com/company/atchley-chiropractic,Atchley Chiropractic
http://www.linkedin.com/company/marshall-family-chiropractic,"Marshall Family Chiropractic, PC"
http://www.linkedin.com/company/fairbanks-chiropractic-clinic,"Fairbanks Chiropractic Clinic, Inc"
http://www.linkedin.com/company/banner-chiropractic-&-rehabilitation-plc,Banner Chiropractic &  Rehabilitation PLC
http://www.linkedin.com/company/hellenbrand-rabideaux-chiropractic,Hellenbrand Rabideaux Chiropractic
http://www.linkedin.com/company/carpenter-physical-therapy,Carpenter Physical Therapy
http://www.linkedin.com/company/a-place-to-grow-chiropractic,A Place to Grow Chiropractic
http://www.linkedin.com/company/hildebrandchiropractic,Hildebrand Chiropractic
http://www.linkedin.com/company/anaheim-family-chiropractic,Anaheim Family Chiropractic
http://www.linkedin.com/company/smithfamilychiropractictallahassee,"Smith Family Chiropractic, Tallahassee"
http://www.linkedin.com/company/espinosa-family-chiropractic-center,Espinosa Family Chiropractic Center
http://www.linkedin.com/company/space-center-orthodontics,Space Center Orthodontics
http://www.linkedin.com/company/wellness-key-chiropractic,Wellness Key Chiropractic
http://www.linkedin.com/company/lakeway-orthodontics,Lakeway Orthodontics
http://www.linkedin.com/company/bence-chiropractic-wellness-center,Bence Chiropractic WELLNESS Center
http://www.linkedin.com/company/auburn-chiropractic-center,Auburn Chiropractic Center
http://www.linkedin.com/company/cfd-cosmetic-&-family-dentistry,CFD Cosmetic & Family Dentistry
http://www.linkedin.com/company/dansie-orthodontics,Dansie Orthodontics
http://www.linkedin.com/company/greenville-spine-institute,Greenville Spine Institute: Expert Chiropractic Care
http://www.linkedin.com/company/meier-family-chiropractic-llc,Meier Family Chiropractic LLC
http://www.linkedin.com/company/cornish-chiropractic,Cornish Chiropractic
http://www.linkedin.com/company/plexus-physical-therapy,Plexus Physical Therapy
http://www.linkedin.com/company/advanced-chiropractic-and-wellness,Advanced Chiropractic and Wellness
http://www.linkedin.com/company/dermatology-associates-of-northern-michigan-p.c.,"Dermatology Associates of Northern Michigan, P.C."
http://www.linkedin.com/company/arizona-s-family-chiropractic,Arizona's Family Chiropractic
http://www.linkedin.com/company/painfree-physical-therapy,Painfree Physical Therapy
http://www.linkedin.com/company/smith-chiropractic-and-sports-rehab,Smith Chiropractic and Sports Rehab
http://www.linkedin.com/company/proactive-chiropractic-group,ProActive Chiropractic Group
http://www.linkedin.com/company/bruce-chiropractic-llc,"BRUCE CHIROPRACTIC, LLC"
http://www.linkedin.com/company/chiropractic-center-of-norcross,Chiropractic Center of Norcross
http://www.linkedin.com/company/acute-chiropractic-yakima,Acute Chiropractic Yakima
http://www.linkedin.com/company/smile-republic,Smile Republic
http://www.linkedin.com/company/pt-first-physical-therapy,PT FIRST Physical Therapy
http://www.linkedin.com/company/40-31-physical-therapy-and-fitness-pllc,"40:31 PHYSICAL THERAPY AND FITNESS, PLLC"
http://www.linkedin.com/company/restored-health-chiropractic,Restored Health Chiropractic
http://www.linkedin.com/company/staker-family-chiropractic,Staker Chiropractic Life Center
http://www.linkedin.com/company/scottsdale-institute-for-cosmetic-dermatology,SCOTTSDALE INSTITUTE FOR COSMETIC DERMATOLOGY
http://www.linkedin.com/company/coflin-chiropractic,Coflin Chiropractic
http://www.linkedin.com/company/deeply-rooted-chiro,Deeply Rooted Chiropractic & Movement
http://www.linkedin.com/company/solutions-chiropracticnj,Solutions Chiropractic
http://www.linkedin.com/company/rubinstein-family-chiropractic,RUBINSTEIN FAMILY CHIROPRACTIC
http://www.linkedin.com/company/woodland-chiropractic-and-wellness,WOODLAND CHIROPRACTIC AND WELLNESS
http://www.linkedin.com/company/truong-upper-cervical-chiropractic-corporation,TRUONG UPPER CERVICAL CHIROPRACTIC CORPORATION
http://www.linkedin.com/company/onehealth-chiropractic-care-llc,"ONEHEALTH CHIROPRACTIC CARE, LLC"
http://www.linkedin.com/company/evolvchiropractic,Evol.v Chiropractic
http://www.linkedin.com/company/changing-tides-chiropractic-&-wellness-llc.,"CHANGING TIDES CHIROPRACTIC & WELLNESS, LLC."
http://www.linkedin.com/company/noble-mcclintock-orthodontics,NOBLE MCCLINTOCK ORTHODONTICS
http://www.linkedin.com/company/anew-chiropractic-pllc,ANEW CHIROPRACTIC PLLC
http://www.linkedin.com/company/chiropractic-wellness-&-nutrition-llc,"CHIROPRACTIC WELLNESS & NUTRITION, LLC"
http://www.linkedin.com/company/body-in-balance-chiropractic-p.c.,"BODY IN BALANCE CHIROPRACTIC, P.C."
http://www.linkedin.com/company/active-oregon-chiropractic,ACTIVE OREGON CHIROPRACTIC
http://www.linkedin.com/company/main-street-children's-dentistry-and-orthodontics-at-london-square-pa,"MAIN STREET CHILDREN'S DENTISTRY AND ORTHODONTICS AT LONDON SQUARE, PA"
http://www.linkedin.com/company/thomas-chiropractic-center-llc,"THOMAS CHIROPRACTIC CENTER, LLC"
http://www.linkedin.com/company/function-performance-sport-chiropractic,FUNCTION PERFORMANCE SPORT CHIROPRACTIC
http://www.linkedin.com/company/college-station-chiropractic,COLLEGE STATION CHIROPRACTIC
http://www.linkedin.com/company/norco-chiropractic-pllc,NORCO CHIROPRACTIC PLLC
http://www.linkedin.com/company/asbury-family-chiropractic-pc,ASBURY FAMILY CHIROPRACTIC PC
http://www.linkedin.com/company/weber-family-chiropractic-pc,WEBER FAMILY CHIROPRACTIC PC
http://www.linkedin.com/company/peachtree-periodontics-&-dental-implants,PEACHTREE PERIODONTICS & DENTAL IMPLANTS
http://www.linkedin.com/company/murphy-chiropractic-health-center-llc,"MURPHY CHIROPRACTIC HEALTH CENTER, LLC"
http://www.linkedin.com/company/ouillette-chiropractic-pllc,OUILLETTE CHIROPRACTIC PLLC
http://www.linkedin.com/company/mitchellville-family-chiropractic-p.-c.,MITCHELLVILLE FAMILY CHIROPRACTIC P. C.
http://www.linkedin.com/company/southall-chiropractic-pllc,"SOUTHALL CHIROPRACTIC, PLLC"
http://www.linkedin.com/company/chiropractic-center-&-rehab,CHIROPRACTIC CENTER & REHAB
http://www.linkedin.com/company/alan-nathans-family-chiropractic,ALAN NATHANS FAMILY CHIROPRACTIC
http://www.linkedin.com/company/healing-touch-family-chiropractic-p.c.,"HEALING TOUCH FAMILY CHIROPRACTIC, P.C."
http://www.linkedin.com/company/eptrue-chiropractic-inc.,EPTRUE CHIROPRACTIC INC.
http://www.linkedin.com/company/cole-chiropractic-clinic-llc,"COLE CHIROPRACTIC CLINIC, LLC"
http://www.linkedin.com/company/rencic-dermatology-llc,"RENCIC DERMATOLOGY, LLC"
http://www.linkedin.com/company/waukee-chiropractic-center-pc,WAUKEE CHIROPRACTIC CENTER PC
http://www.linkedin.com/company/thrive-chiropractic-and-wellness-llc,THRIVE CHIROPRACTIC AND WELLNESS LLC
http://www.linkedin.com/company/shifting-tides-chiropractic-llc,SHIFTING TIDES CHIROPRACTIC LLC
http://www.linkedin.com/company/wolstein-chiropractic-and-sports-injury-center,WOLSTEIN CHIROPRACTIC AND SPORTS INJURY CENTER
http://www.linkedin.com/company/sommers-chiropractic-llc,SOMMERS CHIROPRACTIC LLC
http://www.linkedin.com/company/faith-family-chiropractic-inc.,"FAITH FAMILY CHIROPRACTIC, INC."
http://www.linkedin.com/company/chiropractic-care-van,Chiropractic Care Van
http://www.linkedin.com/company/mayfield-chiropractic-center-p.c.,"MAYFIELD CHIROPRACTIC CENTER, P.C."
http://www.linkedin.com/company/midsouth-chiropractic-pllc,MIDSOUTH CHIROPRACTIC PLLC
http://www.linkedin.com/company/gaskell-chiropractic-services-pc,GASKELL CHIROPRACTIC SERVICES PC
http://www.linkedin.com/company/pinnacle-chiropractic-inc,PINNACLE CHIROPRACTIC INC
http://www.linkedin.com/company/chiropractic-professional-office-pc,"CHIROPRACTIC PROFESSIONAL OFFICE, PC"
http://www.linkedin.com/company/active-performance-chiropractic-llc,Active Performance Chiropractic LLC
http://www.linkedin.com/company/launch-chiropractic-llc,LAUNCH CHIROPRACTIC LLC
http://www.linkedin.com/company/renaissance-chiropractic-pc,RENAISSANCE CHIROPRACTIC PC
http://www.linkedin.com/company/brighton-modern-dentistry-and-orthodontics-llp,"BRIGHTON MODERN DENTISTRY AND ORTHODONTICS, LLP"
http://www.linkedin.com/company/town-and-country-specific-chiropractic-llc,TOWN AND COUNTRY SPECIFIC CHIROPRACTIC LLC
http://www.linkedin.com/company/amazing-relief-chiropractic-pllc,"AMAZING RELIEF CHIROPRACTIC, PLLC"
http://www.linkedin.com/company/johnson-family-orthodontics-llc,"JOHNSON FAMILY ORTHODONTICS, LLC"
http://www.linkedin.com/company/hutchison-chiropractic-center-inc.,HUTCHISON CHIROPRACTIC CENTER INC.
http://www.linkedin.com/company/total-orthodontics-professional-llp,TOTAL ORTHODONTICS PROFESSIONAL LLP
http://www.linkedin.com/company/duke-family-chiropractic-pa,DUKE FAMILY CHIROPRACTIC PA
http://www.linkedin.com/company/austin-chiropractic-&-rehab,Austin Chiropractic & Rehab
http://www.linkedin.com/company/wild-west-orthodontics-inc.,WILD WEST ORTHODONTICS INC.
http://www.linkedin.com/company/we-care-chiropractic-llc,"We Care Chiropractic, LLC"
http://www.linkedin.com/company/soderstrom-dermatology-center-p.c.,"SODERSTROM DERMATOLOGY CENTER, P.C."
http://www.linkedin.com/company/waxahachie-chiropractic,WAXAHACHIE CHIROPRACTIC
http://www.linkedin.com/company/the-remedy-chiropractic,The Remedy Chiropractic
http://www.linkedin.com/company/harbor-life-chiropractic-pc,HARBOR LIFE CHIROPRACTIC PC
http://www.linkedin.com/company/experience-family-chiropractic,EXPERIENCE FAMILY CHIROPRACTIC
http://www.linkedin.com/company/theta-dermatology-pc,THETA DERMATOLOGY PC
http://www.linkedin.com/company/source-chiropractic-pllc,"SOURCE CHIROPRACTIC, PLLC"
http://www.linkedin.com/company/wow-orthodontics,Wow Orthodontics
http://www.linkedin.com/company/daude-chiropractic-center-pllc,"DAUDE CHIROPRACTIC CENTER, PLLC"
http://www.linkedin.com/company/hudson-chiropractic-corporation,Hudson Chiropractic
http://www.linkedin.com/company/live-well-chiropractic-bedford,Live Well Chiropractic
http://www.linkedin.com/company/optimum-performance-chiropractic,Optimum Performance Chiropractic
http://www.linkedin.com/company/trilumospt,TriLumos Physical Therapy
http://www.linkedin.com/company/oregon-trail-chiropractic-llc,OREGON TRAIL CHIROPRACTIC LLC
http://www.linkedin.com/company/move-forward-physical-therapy-wellness,Move Forward Physical Therapy & Wellness
http://www.linkedin.com/company/brighter-smile-family-dentistry-&-orthodontics,Brighter Smile Family Dentistry & Orthodontics
http://www.linkedin.com/company/dbderm,Desert Bloom Dermatology
